2025-03-31 15:21:29,010 [Worker-5: Loading available Gradle versions] INFO  o.e.b.c.i.u.g.PublishedGradleVersions - Gradle version information cache is up-to-date. Trying to read.
2025-03-31 15:26:42,445 [Worker-0: Import Getting Started Content] INFO  o.e.m.c.i.e.AbstractTransferListenerAdapter - Downloading https://repo.maven.apache.org/maven2/org/springframework/boot/spring-boot-starter-parent/3.4.4/spring-boot-starter-parent-3.4.4.pom
2025-03-31 15:26:42,467 [Worker-0: Import Getting Started Content] INFO  o.e.m.c.i.e.AbstractTransferListenerAdapter - Downloaded https://repo.maven.apache.org/maven2/org/springframework/boot/spring-boot-starter-parent/3.4.4/spring-boot-starter-parent-3.4.4.pom
2025-03-31 15:26:42,490 [Worker-0: Import Getting Started Content] INFO  o.e.m.c.i.e.AbstractTransferListenerAdapter - Downloading https://repo.maven.apache.org/maven2/org/springframework/boot/spring-boot-dependencies/3.4.4/spring-boot-dependencies-3.4.4.pom
2025-03-31 15:26:42,509 [Worker-0: Import Getting Started Content] INFO  o.e.m.c.i.e.AbstractTransferListenerAdapter - Downloaded https://repo.maven.apache.org/maven2/org/springframework/boot/spring-boot-dependencies/3.4.4/spring-boot-dependencies-3.4.4.pom
2025-03-31 15:26:42,569 [Worker-0: Import Getting Started Content] INFO  o.e.m.c.i.e.AbstractTransferListenerAdapter - Downloading https://repo.maven.apache.org/maven2/org/apache/activemq/activemq-bom/6.1.6/activemq-bom-6.1.6.pom
2025-03-31 15:26:42,576 [Worker-0: Import Getting Started Content] INFO  o.e.m.c.i.e.AbstractTransferListenerAdapter - Downloaded https://repo.maven.apache.org/maven2/org/apache/activemq/activemq-bom/6.1.6/activemq-bom-6.1.6.pom
2025-03-31 15:26:42,615 [Worker-0: Import Getting Started Content] INFO  o.e.m.c.i.e.AbstractTransferListenerAdapter - Downloading https://repo.maven.apache.org/maven2/io/zipkin/reporter2/zipkin-reporter-bom/3.4.3/zipkin-reporter-bom-3.4.3.pom
2025-03-31 15:26:42,621 [Worker-0: Import Getting Started Content] INFO  o.e.m.c.i.e.AbstractTransferListenerAdapter - Downloaded https://repo.maven.apache.org/maven2/io/zipkin/reporter2/zipkin-reporter-bom/3.4.3/zipkin-reporter-bom-3.4.3.pom
2025-03-31 15:26:42,658 [Worker-0: Import Getting Started Content] INFO  o.e.m.c.i.e.AbstractTransferListenerAdapter - Downloading https://repo.maven.apache.org/maven2/org/apache/groovy/groovy-bom/4.0.26/groovy-bom-4.0.26.pom
2025-03-31 15:26:42,667 [Worker-0: Import Getting Started Content] INFO  o.e.m.c.i.e.AbstractTransferListenerAdapter - Downloaded https://repo.maven.apache.org/maven2/org/apache/groovy/groovy-bom/4.0.26/groovy-bom-4.0.26.pom
2025-03-31 15:26:42,683 [Worker-0: Import Getting Started Content] INFO  o.e.m.c.i.e.AbstractTransferListenerAdapter - Downloading https://repo.maven.apache.org/maven2/org/infinispan/infinispan-bom/15.0.14.Final/infinispan-bom-15.0.14.Final.pom
2025-03-31 15:26:42,689 [Worker-0: Import Getting Started Content] INFO  o.e.m.c.i.e.AbstractTransferListenerAdapter - Downloaded https://repo.maven.apache.org/maven2/org/infinispan/infinispan-bom/15.0.14.Final/infinispan-bom-15.0.14.Final.pom
2025-03-31 15:26:42,704 [Worker-0: Import Getting Started Content] INFO  o.e.m.c.i.e.AbstractTransferListenerAdapter - Downloading https://repo.maven.apache.org/maven2/org/infinispan/infinispan-build-configuration-parent/15.0.14.Final/infinispan-build-configuration-parent-15.0.14.Final.pom
2025-03-31 15:26:42,711 [Worker-0: Import Getting Started Content] INFO  o.e.m.c.i.e.AbstractTransferListenerAdapter - Downloaded https://repo.maven.apache.org/maven2/org/infinispan/infinispan-build-configuration-parent/15.0.14.Final/infinispan-build-configuration-parent-15.0.14.Final.pom
2025-03-31 15:26:42,738 [Worker-0: Import Getting Started Content] INFO  o.e.m.c.i.e.AbstractTransferListenerAdapter - Downloading https://repo.maven.apache.org/maven2/com/fasterxml/jackson/jackson-bom/2.18.3/jackson-bom-2.18.3.pom
2025-03-31 15:26:42,745 [Worker-0: Import Getting Started Content] INFO  o.e.m.c.i.e.AbstractTransferListenerAdapter - Downloaded https://repo.maven.apache.org/maven2/com/fasterxml/jackson/jackson-bom/2.18.3/jackson-bom-2.18.3.pom
2025-03-31 15:26:42,773 [Worker-0: Import Getting Started Content] INFO  o.e.m.c.i.e.AbstractTransferListenerAdapter - Downloading https://repo.maven.apache.org/maven2/org/glassfish/jersey/jersey-bom/3.1.10/jersey-bom-3.1.10.pom
2025-03-31 15:26:42,781 [Worker-0: Import Getting Started Content] INFO  o.e.m.c.i.e.AbstractTransferListenerAdapter - Downloaded https://repo.maven.apache.org/maven2/org/glassfish/jersey/jersey-bom/3.1.10/jersey-bom-3.1.10.pom
2025-03-31 15:26:42,796 [Worker-0: Import Getting Started Content] INFO  o.e.m.c.i.e.AbstractTransferListenerAdapter - Downloading https://repo.maven.apache.org/maven2/org/eclipse/jetty/ee10/jetty-ee10-bom/12.0.18/jetty-ee10-bom-12.0.18.pom
2025-03-31 15:26:42,804 [Worker-0: Import Getting Started Content] INFO  o.e.m.c.i.e.AbstractTransferListenerAdapter - Downloaded https://repo.maven.apache.org/maven2/org/eclipse/jetty/ee10/jetty-ee10-bom/12.0.18/jetty-ee10-bom-12.0.18.pom
2025-03-31 15:26:42,819 [Worker-0: Import Getting Started Content] INFO  o.e.m.c.i.e.AbstractTransferListenerAdapter - Downloading https://repo.maven.apache.org/maven2/org/eclipse/jetty/jetty-bom/12.0.18/jetty-bom-12.0.18.pom
2025-03-31 15:26:42,826 [Worker-0: Import Getting Started Content] INFO  o.e.m.c.i.e.AbstractTransferListenerAdapter - Downloaded https://repo.maven.apache.org/maven2/org/eclipse/jetty/jetty-bom/12.0.18/jetty-bom-12.0.18.pom
2025-03-31 15:26:42,840 [Worker-0: Import Getting Started Content] INFO  o.e.m.c.i.e.AbstractTransferListenerAdapter - Downloading https://repo.maven.apache.org/maven2/org/junit/junit-bom/5.11.4/junit-bom-5.11.4.pom
2025-03-31 15:26:42,848 [Worker-0: Import Getting Started Content] INFO  o.e.m.c.i.e.AbstractTransferListenerAdapter - Downloaded https://repo.maven.apache.org/maven2/org/junit/junit-bom/5.11.4/junit-bom-5.11.4.pom
2025-03-31 15:26:42,878 [Worker-0: Import Getting Started Content] INFO  o.e.m.c.i.e.AbstractTransferListenerAdapter - Downloading https://repo.maven.apache.org/maven2/org/apache/logging/log4j/log4j-bom/2.24.3/log4j-bom-2.24.3.pom
2025-03-31 15:26:42,885 [Worker-0: Import Getting Started Content] INFO  o.e.m.c.i.e.AbstractTransferListenerAdapter - Downloaded https://repo.maven.apache.org/maven2/org/apache/logging/log4j/log4j-bom/2.24.3/log4j-bom-2.24.3.pom
2025-03-31 15:26:42,912 [Worker-0: Import Getting Started Content] INFO  o.e.m.c.i.e.AbstractTransferListenerAdapter - Downloading https://repo.maven.apache.org/maven2/io/micrometer/micrometer-bom/1.14.5/micrometer-bom-1.14.5.pom
2025-03-31 15:26:42,919 [Worker-0: Import Getting Started Content] INFO  o.e.m.c.i.e.AbstractTransferListenerAdapter - Downloaded https://repo.maven.apache.org/maven2/io/micrometer/micrometer-bom/1.14.5/micrometer-bom-1.14.5.pom
2025-03-31 15:26:42,935 [Worker-0: Import Getting Started Content] INFO  o.e.m.c.i.e.AbstractTransferListenerAdapter - Downloading https://repo.maven.apache.org/maven2/io/micrometer/micrometer-tracing-bom/1.4.4/micrometer-tracing-bom-1.4.4.pom
2025-03-31 15:26:42,942 [Worker-0: Import Getting Started Content] INFO  o.e.m.c.i.e.AbstractTransferListenerAdapter - Downloaded https://repo.maven.apache.org/maven2/io/micrometer/micrometer-tracing-bom/1.4.4/micrometer-tracing-bom-1.4.4.pom
2025-03-31 15:26:42,967 [Worker-0: Import Getting Started Content] INFO  o.e.m.c.i.e.AbstractTransferListenerAdapter - Downloading https://repo.maven.apache.org/maven2/io/netty/netty-bom/4.1.119.Final/netty-bom-4.1.119.Final.pom
2025-03-31 15:26:42,974 [Worker-0: Import Getting Started Content] INFO  o.e.m.c.i.e.AbstractTransferListenerAdapter - Downloaded https://repo.maven.apache.org/maven2/io/netty/netty-bom/4.1.119.Final/netty-bom-4.1.119.Final.pom
2025-03-31 15:26:42,999 [Worker-0: Import Getting Started Content] INFO  o.e.m.c.i.e.AbstractTransferListenerAdapter - Downloading https://repo.maven.apache.org/maven2/io/prometheus/prometheus-metrics-bom/1.3.6/prometheus-metrics-bom-1.3.6.pom
2025-03-31 15:26:43,006 [Worker-0: Import Getting Started Content] INFO  o.e.m.c.i.e.AbstractTransferListenerAdapter - Downloaded https://repo.maven.apache.org/maven2/io/prometheus/prometheus-metrics-bom/1.3.6/prometheus-metrics-bom-1.3.6.pom
2025-03-31 15:26:43,020 [Worker-0: Import Getting Started Content] INFO  o.e.m.c.i.e.AbstractTransferListenerAdapter - Downloading https://repo.maven.apache.org/maven2/io/prometheus/client_java/1.3.6/client_java-1.3.6.pom
2025-03-31 15:26:43,027 [Worker-0: Import Getting Started Content] INFO  o.e.m.c.i.e.AbstractTransferListenerAdapter - Downloaded https://repo.maven.apache.org/maven2/io/prometheus/client_java/1.3.6/client_java-1.3.6.pom
2025-03-31 15:26:43,051 [Worker-0: Import Getting Started Content] INFO  o.e.m.c.i.e.AbstractTransferListenerAdapter - Downloading https://repo.maven.apache.org/maven2/org/apache/pulsar/pulsar-bom/3.3.5/pulsar-bom-3.3.5.pom
2025-03-31 15:26:43,058 [Worker-0: Import Getting Started Content] INFO  o.e.m.c.i.e.AbstractTransferListenerAdapter - Downloaded https://repo.maven.apache.org/maven2/org/apache/pulsar/pulsar-bom/3.3.5/pulsar-bom-3.3.5.pom
2025-03-31 15:26:43,083 [Worker-0: Import Getting Started Content] INFO  o.e.m.c.i.e.AbstractTransferListenerAdapter - Downloading https://repo.maven.apache.org/maven2/io/projectreactor/reactor-bom/2024.0.4/reactor-bom-2024.0.4.pom
2025-03-31 15:26:43,090 [Worker-0: Import Getting Started Content] INFO  o.e.m.c.i.e.AbstractTransferListenerAdapter - Downloaded https://repo.maven.apache.org/maven2/io/projectreactor/reactor-bom/2024.0.4/reactor-bom-2024.0.4.pom
2025-03-31 15:26:43,106 [Worker-0: Import Getting Started Content] INFO  o.e.m.c.i.e.AbstractTransferListenerAdapter - Downloading https://repo.maven.apache.org/maven2/io/rest-assured/rest-assured-bom/5.5.1/rest-assured-bom-5.5.1.pom
2025-03-31 15:26:43,113 [Worker-0: Import Getting Started Content] INFO  o.e.m.c.i.e.AbstractTransferListenerAdapter - Downloaded https://repo.maven.apache.org/maven2/io/rest-assured/rest-assured-bom/5.5.1/rest-assured-bom-5.5.1.pom
2025-03-31 15:26:43,127 [Worker-0: Import Getting Started Content] INFO  o.e.m.c.i.e.AbstractTransferListenerAdapter - Downloading https://repo.maven.apache.org/maven2/io/rsocket/rsocket-bom/1.1.5/rsocket-bom-1.1.5.pom
2025-03-31 15:26:43,133 [Worker-0: Import Getting Started Content] INFO  o.e.m.c.i.e.AbstractTransferListenerAdapter - Downloaded https://repo.maven.apache.org/maven2/io/rsocket/rsocket-bom/1.1.5/rsocket-bom-1.1.5.pom
2025-03-31 15:26:43,167 [Worker-0: Import Getting Started Content] INFO  o.e.m.c.i.e.AbstractTransferListenerAdapter - Downloading https://repo.maven.apache.org/maven2/org/springframework/amqp/spring-amqp-bom/3.2.4/spring-amqp-bom-3.2.4.pom
2025-03-31 15:26:43,173 [Worker-0: Import Getting Started Content] INFO  o.e.m.c.i.e.AbstractTransferListenerAdapter - Downloaded https://repo.maven.apache.org/maven2/org/springframework/amqp/spring-amqp-bom/3.2.4/spring-amqp-bom-3.2.4.pom
2025-03-31 15:26:43,187 [Worker-0: Import Getting Started Content] INFO  o.e.m.c.i.e.AbstractTransferListenerAdapter - Downloading https://repo.maven.apache.org/maven2/org/springframework/batch/spring-batch-bom/5.2.2/spring-batch-bom-5.2.2.pom
2025-03-31 15:26:43,194 [Worker-0: Import Getting Started Content] INFO  o.e.m.c.i.e.AbstractTransferListenerAdapter - Downloaded https://repo.maven.apache.org/maven2/org/springframework/batch/spring-batch-bom/5.2.2/spring-batch-bom-5.2.2.pom
2025-03-31 15:26:43,210 [Worker-0: Import Getting Started Content] INFO  o.e.m.c.i.e.AbstractTransferListenerAdapter - Downloading https://repo.maven.apache.org/maven2/org/springframework/data/spring-data-bom/2024.1.4/spring-data-bom-2024.1.4.pom
2025-03-31 15:26:43,218 [Worker-0: Import Getting Started Content] INFO  o.e.m.c.i.e.AbstractTransferListenerAdapter - Downloaded https://repo.maven.apache.org/maven2/org/springframework/data/spring-data-bom/2024.1.4/spring-data-bom-2024.1.4.pom
2025-03-31 15:26:43,236 [Worker-0: Import Getting Started Content] INFO  o.e.m.c.i.e.AbstractTransferListenerAdapter - Downloading https://repo.maven.apache.org/maven2/org/springframework/spring-framework-bom/6.2.5/spring-framework-bom-6.2.5.pom
2025-03-31 15:26:43,242 [Worker-0: Import Getting Started Content] INFO  o.e.m.c.i.e.AbstractTransferListenerAdapter - Downloaded https://repo.maven.apache.org/maven2/org/springframework/spring-framework-bom/6.2.5/spring-framework-bom-6.2.5.pom
2025-03-31 15:26:43,258 [Worker-0: Import Getting Started Content] INFO  o.e.m.c.i.e.AbstractTransferListenerAdapter - Downloading https://repo.maven.apache.org/maven2/org/springframework/integration/spring-integration-bom/6.4.3/spring-integration-bom-6.4.3.pom
2025-03-31 15:26:43,266 [Worker-0: Import Getting Started Content] INFO  o.e.m.c.i.e.AbstractTransferListenerAdapter - Downloaded https://repo.maven.apache.org/maven2/org/springframework/integration/spring-integration-bom/6.4.3/spring-integration-bom-6.4.3.pom
2025-03-31 15:26:43,280 [Worker-0: Import Getting Started Content] INFO  o.e.m.c.i.e.AbstractTransferListenerAdapter - Downloading https://repo.maven.apache.org/maven2/org/springframework/pulsar/spring-pulsar-bom/1.2.4/spring-pulsar-bom-1.2.4.pom
2025-03-31 15:26:43,286 [Worker-0: Import Getting Started Content] INFO  o.e.m.c.i.e.AbstractTransferListenerAdapter - Downloaded https://repo.maven.apache.org/maven2/org/springframework/pulsar/spring-pulsar-bom/1.2.4/spring-pulsar-bom-1.2.4.pom
2025-03-31 15:26:43,305 [Worker-0: Import Getting Started Content] INFO  o.e.m.c.i.e.AbstractTransferListenerAdapter - Downloading https://repo.maven.apache.org/maven2/org/springframework/security/spring-security-bom/6.4.4/spring-security-bom-6.4.4.pom
2025-03-31 15:26:43,311 [Worker-0: Import Getting Started Content] INFO  o.e.m.c.i.e.AbstractTransferListenerAdapter - Downloaded https://repo.maven.apache.org/maven2/org/springframework/security/spring-security-bom/6.4.4/spring-security-bom-6.4.4.pom
2025-03-31 15:26:43,325 [Worker-0: Import Getting Started Content] INFO  o.e.m.c.i.e.AbstractTransferListenerAdapter - Downloading https://repo.maven.apache.org/maven2/org/springframework/session/spring-session-bom/3.4.2/spring-session-bom-3.4.2.pom
2025-03-31 15:26:43,332 [Worker-0: Import Getting Started Content] INFO  o.e.m.c.i.e.AbstractTransferListenerAdapter - Downloaded https://repo.maven.apache.org/maven2/org/springframework/session/spring-session-bom/3.4.2/spring-session-bom-3.4.2.pom
2025-03-31 15:26:43,345 [Worker-0: Import Getting Started Content] INFO  o.e.m.c.i.e.AbstractTransferListenerAdapter - Downloading https://repo.maven.apache.org/maven2/org/springframework/ws/spring-ws-bom/4.0.12/spring-ws-bom-4.0.12.pom
2025-03-31 15:26:43,350 [Worker-0: Import Getting Started Content] INFO  o.e.m.c.i.e.AbstractTransferListenerAdapter - Downloaded https://repo.maven.apache.org/maven2/org/springframework/ws/spring-ws-bom/4.0.12/spring-ws-bom-4.0.12.pom
2025-03-31 15:26:43,363 [Worker-0: Import Getting Started Content] INFO  o.e.m.c.i.e.AbstractTransferListenerAdapter - Downloading https://repo.maven.apache.org/maven2/org/testcontainers/testcontainers-bom/1.20.6/testcontainers-bom-1.20.6.pom
2025-03-31 15:26:43,368 [Worker-0: Import Getting Started Content] INFO  o.e.m.c.i.e.AbstractTransferListenerAdapter - Downloaded https://repo.maven.apache.org/maven2/org/testcontainers/testcontainers-bom/1.20.6/testcontainers-bom-1.20.6.pom
2025-03-31 15:26:43,936 [Worker-0: Import Getting Started Content] INFO  o.e.m.c.i.e.AbstractTransferListenerAdapter - Downloading https://repo.maven.apache.org/maven2/org/springframework/boot/spring-boot-maven-plugin/3.4.4/spring-boot-maven-plugin-3.4.4.pom
2025-03-31 15:26:43,944 [Worker-0: Import Getting Started Content] INFO  o.e.m.c.i.e.AbstractTransferListenerAdapter - Downloaded https://repo.maven.apache.org/maven2/org/springframework/boot/spring-boot-maven-plugin/3.4.4/spring-boot-maven-plugin-3.4.4.pom
2025-03-31 15:26:43,969 [Worker-0: Import Getting Started Content] INFO  o.e.m.c.i.e.AbstractTransferListenerAdapter - Downloading https://repo.maven.apache.org/maven2/org/springframework/boot/spring-boot-maven-plugin/3.4.4/spring-boot-maven-plugin-3.4.4.jar
2025-03-31 15:26:44,030 [Worker-0: Import Getting Started Content] INFO  o.e.m.c.i.e.AbstractTransferListenerAdapter - Downloaded https://repo.maven.apache.org/maven2/org/springframework/boot/spring-boot-maven-plugin/3.4.4/spring-boot-maven-plugin-3.4.4.jar
2025-03-31 15:26:44,083 [Worker-0: Import Getting Started Content] INFO  o.e.m.c.i.e.AbstractTransferListenerAdapter - Downloading https://repo.maven.apache.org/maven2/org/apache/maven/plugins/maven-clean-plugin/3.4.1/maven-clean-plugin-3.4.1.jar
2025-03-31 15:26:44,093 [Worker-0: Import Getting Started Content] INFO  o.e.m.c.i.e.AbstractTransferListenerAdapter - Downloaded https://repo.maven.apache.org/maven2/org/apache/maven/plugins/maven-clean-plugin/3.4.1/maven-clean-plugin-3.4.1.jar
2025-03-31 15:26:44,143 [Worker-0: Import Getting Started Content] INFO  o.e.m.c.i.e.AbstractTransferListenerAdapter - Downloading https://repo.maven.apache.org/maven2/org/apache/maven/plugins/maven-install-plugin/3.1.4/maven-install-plugin-3.1.4.jar
2025-03-31 15:26:44,153 [Worker-0: Import Getting Started Content] INFO  o.e.m.c.i.e.AbstractTransferListenerAdapter - Downloaded https://repo.maven.apache.org/maven2/org/apache/maven/plugins/maven-install-plugin/3.1.4/maven-install-plugin-3.1.4.jar
2025-03-31 15:26:44,171 [Worker-0: Import Getting Started Content] INFO  o.e.m.c.i.e.AbstractTransferListenerAdapter - Downloading https://repo.maven.apache.org/maven2/org/apache/maven/plugins/maven-deploy-plugin/3.1.4/maven-deploy-plugin-3.1.4.jar
2025-03-31 15:26:44,182 [Worker-0: Import Getting Started Content] INFO  o.e.m.c.i.e.AbstractTransferListenerAdapter - Downloaded https://repo.maven.apache.org/maven2/org/apache/maven/plugins/maven-deploy-plugin/3.1.4/maven-deploy-plugin-3.1.4.jar
2025-03-31 15:26:45,216 [Worker-0: Import Getting Started Content] INFO  o.e.m.c.i.l.LifecycleMappingFactory - Using org.eclipse.m2e.jdt.JarLifecycleMapping lifecycle mapping for MavenProject: com.example:E-Portal:0.0.1-SNAPSHOT @ C:\Users\y_ravi\E-Portal Java\E-Portal\pom.xml.
2025-03-31 15:26:45,238 [Worker-0: Import Getting Started Content] INFO  o.e.m.c.i.e.AbstractTransferListenerAdapter - Downloading https://repo.maven.apache.org/maven2/org/springframework/boot/spring-boot-starter/3.4.4/spring-boot-starter-3.4.4.pom
2025-03-31 15:26:45,244 [Worker-0: Import Getting Started Content] INFO  o.e.m.c.i.e.AbstractTransferListenerAdapter - Downloaded https://repo.maven.apache.org/maven2/org/springframework/boot/spring-boot-starter/3.4.4/spring-boot-starter-3.4.4.pom
2025-03-31 15:26:45,260 [Worker-0: Import Getting Started Content] INFO  o.e.m.c.i.e.AbstractTransferListenerAdapter - Downloading https://repo.maven.apache.org/maven2/org/springframework/boot/spring-boot/3.4.4/spring-boot-3.4.4.pom
2025-03-31 15:26:45,266 [Worker-0: Import Getting Started Content] INFO  o.e.m.c.i.e.AbstractTransferListenerAdapter - Downloaded https://repo.maven.apache.org/maven2/org/springframework/boot/spring-boot/3.4.4/spring-boot-3.4.4.pom
2025-03-31 15:26:45,281 [Worker-0: Import Getting Started Content] INFO  o.e.m.c.i.e.AbstractTransferListenerAdapter - Downloading https://repo.maven.apache.org/maven2/org/springframework/spring-core/6.2.5/spring-core-6.2.5.pom
2025-03-31 15:26:45,287 [Worker-0: Import Getting Started Content] INFO  o.e.m.c.i.e.AbstractTransferListenerAdapter - Downloaded https://repo.maven.apache.org/maven2/org/springframework/spring-core/6.2.5/spring-core-6.2.5.pom
2025-03-31 15:26:45,311 [Worker-0: Import Getting Started Content] INFO  o.e.m.c.i.e.AbstractTransferListenerAdapter - Downloading https://repo.maven.apache.org/maven2/org/springframework/spring-jcl/6.2.5/spring-jcl-6.2.5.pom
2025-03-31 15:26:45,318 [Worker-0: Import Getting Started Content] INFO  o.e.m.c.i.e.AbstractTransferListenerAdapter - Downloaded https://repo.maven.apache.org/maven2/org/springframework/spring-jcl/6.2.5/spring-jcl-6.2.5.pom
2025-03-31 15:26:45,331 [Worker-0: Import Getting Started Content] INFO  o.e.m.c.i.e.AbstractTransferListenerAdapter - Downloading https://repo.maven.apache.org/maven2/org/springframework/spring-context/6.2.5/spring-context-6.2.5.pom
2025-03-31 15:26:45,336 [Worker-0: Import Getting Started Content] INFO  o.e.m.c.i.e.AbstractTransferListenerAdapter - Downloaded https://repo.maven.apache.org/maven2/org/springframework/spring-context/6.2.5/spring-context-6.2.5.pom
2025-03-31 15:26:45,349 [Worker-0: Import Getting Started Content] INFO  o.e.m.c.i.e.AbstractTransferListenerAdapter - Downloading https://repo.maven.apache.org/maven2/org/springframework/spring-aop/6.2.5/spring-aop-6.2.5.pom
2025-03-31 15:26:45,355 [Worker-0: Import Getting Started Content] INFO  o.e.m.c.i.e.AbstractTransferListenerAdapter - Downloaded https://repo.maven.apache.org/maven2/org/springframework/spring-aop/6.2.5/spring-aop-6.2.5.pom
2025-03-31 15:26:45,372 [Worker-0: Import Getting Started Content] INFO  o.e.m.c.i.e.AbstractTransferListenerAdapter - Downloading https://repo.maven.apache.org/maven2/org/springframework/spring-beans/6.2.5/spring-beans-6.2.5.pom
2025-03-31 15:26:45,378 [Worker-0: Import Getting Started Content] INFO  o.e.m.c.i.e.AbstractTransferListenerAdapter - Downloaded https://repo.maven.apache.org/maven2/org/springframework/spring-beans/6.2.5/spring-beans-6.2.5.pom
2025-03-31 15:26:45,391 [Worker-0: Import Getting Started Content] INFO  o.e.m.c.i.e.AbstractTransferListenerAdapter - Downloading https://repo.maven.apache.org/maven2/org/springframework/spring-expression/6.2.5/spring-expression-6.2.5.pom
2025-03-31 15:26:45,396 [Worker-0: Import Getting Started Content] INFO  o.e.m.c.i.e.AbstractTransferListenerAdapter - Downloaded https://repo.maven.apache.org/maven2/org/springframework/spring-expression/6.2.5/spring-expression-6.2.5.pom
2025-03-31 15:26:45,411 [Worker-0: Import Getting Started Content] INFO  o.e.m.c.i.e.AbstractTransferListenerAdapter - Downloading https://repo.maven.apache.org/maven2/io/micrometer/micrometer-observation/1.14.5/micrometer-observation-1.14.5.pom
2025-03-31 15:26:45,417 [Worker-0: Import Getting Started Content] INFO  o.e.m.c.i.e.AbstractTransferListenerAdapter - Downloaded https://repo.maven.apache.org/maven2/io/micrometer/micrometer-observation/1.14.5/micrometer-observation-1.14.5.pom
2025-03-31 15:26:45,429 [Worker-0: Import Getting Started Content] INFO  o.e.m.c.i.e.AbstractTransferListenerAdapter - Downloading https://repo.maven.apache.org/maven2/io/micrometer/micrometer-commons/1.14.5/micrometer-commons-1.14.5.pom
2025-03-31 15:26:45,439 [Worker-0: Import Getting Started Content] INFO  o.e.m.c.i.e.AbstractTransferListenerAdapter - Downloaded https://repo.maven.apache.org/maven2/io/micrometer/micrometer-commons/1.14.5/micrometer-commons-1.14.5.pom
2025-03-31 15:26:45,455 [Worker-0: Import Getting Started Content] INFO  o.e.m.c.i.e.AbstractTransferListenerAdapter - Downloading https://repo.maven.apache.org/maven2/org/springframework/boot/spring-boot-autoconfigure/3.4.4/spring-boot-autoconfigure-3.4.4.pom
2025-03-31 15:26:45,462 [Worker-0: Import Getting Started Content] INFO  o.e.m.c.i.e.AbstractTransferListenerAdapter - Downloaded https://repo.maven.apache.org/maven2/org/springframework/boot/spring-boot-autoconfigure/3.4.4/spring-boot-autoconfigure-3.4.4.pom
2025-03-31 15:26:45,475 [Worker-0: Import Getting Started Content] INFO  o.e.m.c.i.e.AbstractTransferListenerAdapter - Downloading https://repo.maven.apache.org/maven2/org/springframework/boot/spring-boot-starter-logging/3.4.4/spring-boot-starter-logging-3.4.4.pom
2025-03-31 15:26:45,481 [Worker-0: Import Getting Started Content] INFO  o.e.m.c.i.e.AbstractTransferListenerAdapter - Downloaded https://repo.maven.apache.org/maven2/org/springframework/boot/spring-boot-starter-logging/3.4.4/spring-boot-starter-logging-3.4.4.pom
2025-03-31 15:26:45,497 [Worker-0: Import Getting Started Content] INFO  o.e.m.c.i.e.AbstractTransferListenerAdapter - Downloading https://repo.maven.apache.org/maven2/ch/qos/logback/logback-classic/1.5.18/logback-classic-1.5.18.pom
2025-03-31 15:26:45,503 [Worker-0: Import Getting Started Content] INFO  o.e.m.c.i.e.AbstractTransferListenerAdapter - Downloaded https://repo.maven.apache.org/maven2/ch/qos/logback/logback-classic/1.5.18/logback-classic-1.5.18.pom
2025-03-31 15:26:45,516 [Worker-0: Import Getting Started Content] INFO  o.e.m.c.i.e.AbstractTransferListenerAdapter - Downloading https://repo.maven.apache.org/maven2/ch/qos/logback/logback-parent/1.5.18/logback-parent-1.5.18.pom
2025-03-31 15:26:45,522 [Worker-0: Import Getting Started Content] INFO  o.e.m.c.i.e.AbstractTransferListenerAdapter - Downloaded https://repo.maven.apache.org/maven2/ch/qos/logback/logback-parent/1.5.18/logback-parent-1.5.18.pom
2025-03-31 15:26:45,537 [Worker-0: Import Getting Started Content] INFO  o.e.m.c.i.e.AbstractTransferListenerAdapter - Downloading https://repo.maven.apache.org/maven2/ch/qos/logback/logback-core/1.5.18/logback-core-1.5.18.pom
2025-03-31 15:26:45,543 [Worker-0: Import Getting Started Content] INFO  o.e.m.c.i.e.AbstractTransferListenerAdapter - Downloaded https://repo.maven.apache.org/maven2/ch/qos/logback/logback-core/1.5.18/logback-core-1.5.18.pom
2025-03-31 15:26:45,556 [Worker-0: Import Getting Started Content] INFO  o.e.m.c.i.e.AbstractTransferListenerAdapter - Downloading https://repo.maven.apache.org/maven2/org/slf4j/slf4j-api/2.0.17/slf4j-api-2.0.17.pom
2025-03-31 15:26:45,562 [Worker-0: Import Getting Started Content] INFO  o.e.m.c.i.e.AbstractTransferListenerAdapter - Downloaded https://repo.maven.apache.org/maven2/org/slf4j/slf4j-api/2.0.17/slf4j-api-2.0.17.pom
2025-03-31 15:26:45,574 [Worker-0: Import Getting Started Content] INFO  o.e.m.c.i.e.AbstractTransferListenerAdapter - Downloading https://repo.maven.apache.org/maven2/org/slf4j/slf4j-parent/2.0.17/slf4j-parent-2.0.17.pom
2025-03-31 15:26:45,580 [Worker-0: Import Getting Started Content] INFO  o.e.m.c.i.e.AbstractTransferListenerAdapter - Downloaded https://repo.maven.apache.org/maven2/org/slf4j/slf4j-parent/2.0.17/slf4j-parent-2.0.17.pom
2025-03-31 15:26:45,593 [Worker-0: Import Getting Started Content] INFO  o.e.m.c.i.e.AbstractTransferListenerAdapter - Downloading https://repo.maven.apache.org/maven2/org/slf4j/slf4j-bom/2.0.17/slf4j-bom-2.0.17.pom
2025-03-31 15:26:45,598 [Worker-0: Import Getting Started Content] INFO  o.e.m.c.i.e.AbstractTransferListenerAdapter - Downloaded https://repo.maven.apache.org/maven2/org/slf4j/slf4j-bom/2.0.17/slf4j-bom-2.0.17.pom
2025-03-31 15:26:45,613 [Worker-0: Import Getting Started Content] INFO  o.e.m.c.i.e.AbstractTransferListenerAdapter - Downloading https://repo.maven.apache.org/maven2/org/apache/logging/log4j/log4j-to-slf4j/2.24.3/log4j-to-slf4j-2.24.3.pom
2025-03-31 15:26:45,619 [Worker-0: Import Getting Started Content] INFO  o.e.m.c.i.e.AbstractTransferListenerAdapter - Downloaded https://repo.maven.apache.org/maven2/org/apache/logging/log4j/log4j-to-slf4j/2.24.3/log4j-to-slf4j-2.24.3.pom
2025-03-31 15:26:45,634 [Worker-0: Import Getting Started Content] INFO  o.e.m.c.i.e.AbstractTransferListenerAdapter - Downloading https://repo.maven.apache.org/maven2/org/apache/logging/log4j/log4j/2.24.3/log4j-2.24.3.pom
2025-03-31 15:26:45,642 [Worker-0: Import Getting Started Content] INFO  o.e.m.c.i.e.AbstractTransferListenerAdapter - Downloaded https://repo.maven.apache.org/maven2/org/apache/logging/log4j/log4j/2.24.3/log4j-2.24.3.pom
2025-03-31 15:26:45,700 [Worker-0: Import Getting Started Content] INFO  o.e.m.c.i.e.AbstractTransferListenerAdapter - Downloading https://repo.maven.apache.org/maven2/org/apache/logging/log4j/log4j-api/2.24.3/log4j-api-2.24.3.pom
2025-03-31 15:26:45,706 [Worker-0: Import Getting Started Content] INFO  o.e.m.c.i.e.AbstractTransferListenerAdapter - Downloaded https://repo.maven.apache.org/maven2/org/apache/logging/log4j/log4j-api/2.24.3/log4j-api-2.24.3.pom
2025-03-31 15:26:45,720 [Worker-0: Import Getting Started Content] INFO  o.e.m.c.i.e.AbstractTransferListenerAdapter - Downloading https://repo.maven.apache.org/maven2/org/slf4j/jul-to-slf4j/2.0.17/jul-to-slf4j-2.0.17.pom
2025-03-31 15:26:45,725 [Worker-0: Import Getting Started Content] INFO  o.e.m.c.i.e.AbstractTransferListenerAdapter - Downloaded https://repo.maven.apache.org/maven2/org/slf4j/jul-to-slf4j/2.0.17/jul-to-slf4j-2.0.17.pom
2025-03-31 15:26:45,747 [Worker-0: Import Getting Started Content] INFO  o.e.m.c.i.e.AbstractTransferListenerAdapter - Downloading https://repo.maven.apache.org/maven2/org/springframework/boot/spring-boot-starter-test/3.4.4/spring-boot-starter-test-3.4.4.pom
2025-03-31 15:26:45,753 [Worker-0: Import Getting Started Content] INFO  o.e.m.c.i.e.AbstractTransferListenerAdapter - Downloaded https://repo.maven.apache.org/maven2/org/springframework/boot/spring-boot-starter-test/3.4.4/spring-boot-starter-test-3.4.4.pom
2025-03-31 15:26:45,771 [Worker-0: Import Getting Started Content] INFO  o.e.m.c.i.e.AbstractTransferListenerAdapter - Downloading https://repo.maven.apache.org/maven2/org/springframework/boot/spring-boot-test/3.4.4/spring-boot-test-3.4.4.pom
2025-03-31 15:26:45,777 [Worker-0: Import Getting Started Content] INFO  o.e.m.c.i.e.AbstractTransferListenerAdapter - Downloaded https://repo.maven.apache.org/maven2/org/springframework/boot/spring-boot-test/3.4.4/spring-boot-test-3.4.4.pom
2025-03-31 15:26:45,789 [Worker-0: Import Getting Started Content] INFO  o.e.m.c.i.e.AbstractTransferListenerAdapter - Downloading https://repo.maven.apache.org/maven2/org/springframework/spring-test/6.2.5/spring-test-6.2.5.pom
2025-03-31 15:26:45,796 [Worker-0: Import Getting Started Content] INFO  o.e.m.c.i.e.AbstractTransferListenerAdapter - Downloaded https://repo.maven.apache.org/maven2/org/springframework/spring-test/6.2.5/spring-test-6.2.5.pom
2025-03-31 15:26:45,821 [Worker-0: Import Getting Started Content] INFO  o.e.m.c.i.e.AbstractTransferListenerAdapter - Downloading https://repo.maven.apache.org/maven2/org/springframework/boot/spring-boot-test-autoconfigure/3.4.4/spring-boot-test-autoconfigure-3.4.4.pom
2025-03-31 15:26:45,827 [Worker-0: Import Getting Started Content] INFO  o.e.m.c.i.e.AbstractTransferListenerAdapter - Downloaded https://repo.maven.apache.org/maven2/org/springframework/boot/spring-boot-test-autoconfigure/3.4.4/spring-boot-test-autoconfigure-3.4.4.pom
2025-03-31 15:26:45,845 [Worker-0: Import Getting Started Content] INFO  o.e.m.c.i.e.AbstractTransferListenerAdapter - Downloading https://repo.maven.apache.org/maven2/net/minidev/json-smart/2.5.2/json-smart-2.5.2.pom
2025-03-31 15:26:45,852 [Worker-0: Import Getting Started Content] INFO  o.e.m.c.i.e.AbstractTransferListenerAdapter - Downloaded https://repo.maven.apache.org/maven2/net/minidev/json-smart/2.5.2/json-smart-2.5.2.pom
2025-03-31 15:26:45,865 [Worker-0: Import Getting Started Content] INFO  o.e.m.c.i.e.AbstractTransferListenerAdapter - Downloading https://repo.maven.apache.org/maven2/net/minidev/accessors-smart/2.5.2/accessors-smart-2.5.2.pom
2025-03-31 15:26:45,873 [Worker-0: Import Getting Started Content] INFO  o.e.m.c.i.e.AbstractTransferListenerAdapter - Downloaded https://repo.maven.apache.org/maven2/net/minidev/accessors-smart/2.5.2/accessors-smart-2.5.2.pom
2025-03-31 15:26:45,906 [Worker-0: Import Getting Started Content] INFO  o.e.m.c.i.e.AbstractTransferListenerAdapter - Downloading https://repo.maven.apache.org/maven2/net/bytebuddy/byte-buddy/1.15.11/byte-buddy-1.15.11.pom
2025-03-31 15:26:45,911 [Worker-0: Import Getting Started Content] INFO  o.e.m.c.i.e.AbstractTransferListenerAdapter - Downloaded https://repo.maven.apache.org/maven2/net/bytebuddy/byte-buddy/1.15.11/byte-buddy-1.15.11.pom
2025-03-31 15:26:45,926 [Worker-0: Import Getting Started Content] INFO  o.e.m.c.i.e.AbstractTransferListenerAdapter - Downloading https://repo.maven.apache.org/maven2/net/bytebuddy/byte-buddy-parent/1.15.11/byte-buddy-parent-1.15.11.pom
2025-03-31 15:26:45,936 [Worker-0: Import Getting Started Content] INFO  o.e.m.c.i.e.AbstractTransferListenerAdapter - Downloaded https://repo.maven.apache.org/maven2/net/bytebuddy/byte-buddy-parent/1.15.11/byte-buddy-parent-1.15.11.pom
2025-03-31 15:26:45,958 [Worker-0: Import Getting Started Content] INFO  o.e.m.c.i.e.AbstractTransferListenerAdapter - Downloading https://repo.maven.apache.org/maven2/org/junit/jupiter/junit-jupiter/5.11.4/junit-jupiter-5.11.4.pom
2025-03-31 15:26:45,964 [Worker-0: Import Getting Started Content] INFO  o.e.m.c.i.e.AbstractTransferListenerAdapter - Downloaded https://repo.maven.apache.org/maven2/org/junit/jupiter/junit-jupiter/5.11.4/junit-jupiter-5.11.4.pom
2025-03-31 15:26:45,977 [Worker-0: Import Getting Started Content] INFO  o.e.m.c.i.e.AbstractTransferListenerAdapter - Downloading https://repo.maven.apache.org/maven2/org/junit/jupiter/junit-jupiter-api/5.11.4/junit-jupiter-api-5.11.4.pom
2025-03-31 15:26:45,983 [Worker-0: Import Getting Started Content] INFO  o.e.m.c.i.e.AbstractTransferListenerAdapter - Downloaded https://repo.maven.apache.org/maven2/org/junit/jupiter/junit-jupiter-api/5.11.4/junit-jupiter-api-5.11.4.pom
2025-03-31 15:26:46,008 [Worker-0: Import Getting Started Content] INFO  o.e.m.c.i.e.AbstractTransferListenerAdapter - Downloading https://repo.maven.apache.org/maven2/org/junit/platform/junit-platform-commons/1.11.4/junit-platform-commons-1.11.4.pom
2025-03-31 15:26:46,013 [Worker-0: Import Getting Started Content] INFO  o.e.m.c.i.e.AbstractTransferListenerAdapter - Downloaded https://repo.maven.apache.org/maven2/org/junit/platform/junit-platform-commons/1.11.4/junit-platform-commons-1.11.4.pom
2025-03-31 15:26:46,035 [Worker-0: Import Getting Started Content] INFO  o.e.m.c.i.e.AbstractTransferListenerAdapter - Downloading https://repo.maven.apache.org/maven2/org/junit/jupiter/junit-jupiter-params/5.11.4/junit-jupiter-params-5.11.4.pom
2025-03-31 15:26:46,048 [Worker-0: Import Getting Started Content] INFO  o.e.m.c.i.e.AbstractTransferListenerAdapter - Downloaded https://repo.maven.apache.org/maven2/org/junit/jupiter/junit-jupiter-params/5.11.4/junit-jupiter-params-5.11.4.pom
2025-03-31 15:26:46,062 [Worker-0: Import Getting Started Content] INFO  o.e.m.c.i.e.AbstractTransferListenerAdapter - Downloading https://repo.maven.apache.org/maven2/org/junit/jupiter/junit-jupiter-engine/5.11.4/junit-jupiter-engine-5.11.4.pom
2025-03-31 15:26:46,067 [Worker-0: Import Getting Started Content] INFO  o.e.m.c.i.e.AbstractTransferListenerAdapter - Downloaded https://repo.maven.apache.org/maven2/org/junit/jupiter/junit-jupiter-engine/5.11.4/junit-jupiter-engine-5.11.4.pom
2025-03-31 15:26:46,079 [Worker-0: Import Getting Started Content] INFO  o.e.m.c.i.e.AbstractTransferListenerAdapter - Downloading https://repo.maven.apache.org/maven2/org/junit/platform/junit-platform-engine/1.11.4/junit-platform-engine-1.11.4.pom
2025-03-31 15:26:46,084 [Worker-0: Import Getting Started Content] INFO  o.e.m.c.i.e.AbstractTransferListenerAdapter - Downloaded https://repo.maven.apache.org/maven2/org/junit/platform/junit-platform-engine/1.11.4/junit-platform-engine-1.11.4.pom
2025-03-31 15:26:46,102 [Worker-0: Import Getting Started Content] INFO  o.e.m.c.i.e.AbstractTransferListenerAdapter - Downloading https://repo.maven.apache.org/maven2/net/bytebuddy/byte-buddy-agent/1.15.11/byte-buddy-agent-1.15.11.pom
2025-03-31 15:26:46,109 [Worker-0: Import Getting Started Content] INFO  o.e.m.c.i.e.AbstractTransferListenerAdapter - Downloaded https://repo.maven.apache.org/maven2/net/bytebuddy/byte-buddy-agent/1.15.11/byte-buddy-agent-1.15.11.pom
2025-03-31 15:26:46,191 [Worker-0: Import Getting Started Content] INFO  o.e.m.c.i.e.AbstractTransferListenerAdapter - Downloading https://repo.maven.apache.org/maven2/org/springframework/boot/spring-boot-starter/3.4.4/spring-boot-starter-3.4.4.jar
2025-03-31 15:26:46,199 [Worker-0: Import Getting Started Content] INFO  o.e.m.c.i.e.AbstractTransferListenerAdapter - Downloaded https://repo.maven.apache.org/maven2/org/springframework/boot/spring-boot-starter/3.4.4/spring-boot-starter-3.4.4.jar
2025-03-31 15:26:46,210 [BasicRepositoryConnector-repo.maven.apache.org-0-1] INFO  o.e.m.c.i.e.AbstractTransferListenerAdapter - Downloading https://repo.maven.apache.org/maven2/org/springframework/spring-context/6.2.5/spring-context-6.2.5.jar
2025-03-31 15:26:46,227 [BasicRepositoryConnector-repo.maven.apache.org-0-4] INFO  o.e.m.c.i.e.AbstractTransferListenerAdapter - Downloading https://repo.maven.apache.org/maven2/org/springframework/spring-expression/6.2.5/spring-expression-6.2.5.jar
2025-03-31 15:26:46,231 [BasicRepositoryConnector-repo.maven.apache.org-0-0] INFO  o.e.m.c.i.e.AbstractTransferListenerAdapter - Downloading https://repo.maven.apache.org/maven2/org/springframework/boot/spring-boot/3.4.4/spring-boot-3.4.4.jar
2025-03-31 15:26:46,235 [BasicRepositoryConnector-repo.maven.apache.org-0-2] INFO  o.e.m.c.i.e.AbstractTransferListenerAdapter - Downloading https://repo.maven.apache.org/maven2/org/springframework/spring-aop/6.2.5/spring-aop-6.2.5.jar
2025-03-31 15:26:46,239 [BasicRepositoryConnector-repo.maven.apache.org-0-3] INFO  o.e.m.c.i.e.AbstractTransferListenerAdapter - Downloading https://repo.maven.apache.org/maven2/org/springframework/spring-beans/6.2.5/spring-beans-6.2.5.jar
2025-03-31 15:26:46,303 [BasicRepositoryConnector-repo.maven.apache.org-0-2] INFO  o.e.m.c.i.e.AbstractTransferListenerAdapter - Downloaded https://repo.maven.apache.org/maven2/org/springframework/spring-aop/6.2.5/spring-aop-6.2.5.jar
2025-03-31 15:26:46,315 [BasicRepositoryConnector-repo.maven.apache.org-0-2] INFO  o.e.m.c.i.e.AbstractTransferListenerAdapter - Downloading https://repo.maven.apache.org/maven2/io/micrometer/micrometer-observation/1.14.5/micrometer-observation-1.14.5.jar
2025-03-31 15:26:46,332 [BasicRepositoryConnector-repo.maven.apache.org-0-4] INFO  o.e.m.c.i.e.AbstractTransferListenerAdapter - Downloaded https://repo.maven.apache.org/maven2/org/springframework/spring-expression/6.2.5/spring-expression-6.2.5.jar
2025-03-31 15:26:46,338 [BasicRepositoryConnector-repo.maven.apache.org-0-2] INFO  o.e.m.c.i.e.AbstractTransferListenerAdapter - Downloaded https://repo.maven.apache.org/maven2/io/micrometer/micrometer-observation/1.14.5/micrometer-observation-1.14.5.jar
2025-03-31 15:26:46,342 [BasicRepositoryConnector-repo.maven.apache.org-0-4] INFO  o.e.m.c.i.e.AbstractTransferListenerAdapter - Downloading https://repo.maven.apache.org/maven2/io/micrometer/micrometer-commons/1.14.5/micrometer-commons-1.14.5.jar
2025-03-31 15:26:46,349 [BasicRepositoryConnector-repo.maven.apache.org-0-2] INFO  o.e.m.c.i.e.AbstractTransferListenerAdapter - Downloading https://repo.maven.apache.org/maven2/org/springframework/boot/spring-boot-autoconfigure/3.4.4/spring-boot-autoconfigure-3.4.4.jar
2025-03-31 15:26:46,357 [BasicRepositoryConnector-repo.maven.apache.org-0-1] INFO  o.e.m.c.i.e.AbstractTransferListenerAdapter - Downloaded https://repo.maven.apache.org/maven2/org/springframework/spring-context/6.2.5/spring-context-6.2.5.jar
2025-03-31 15:26:46,365 [BasicRepositoryConnector-repo.maven.apache.org-0-1] INFO  o.e.m.c.i.e.AbstractTransferListenerAdapter - Downloading https://repo.maven.apache.org/maven2/org/springframework/boot/spring-boot-starter-logging/3.4.4/spring-boot-starter-logging-3.4.4.jar
2025-03-31 15:26:46,374 [BasicRepositoryConnector-repo.maven.apache.org-0-1] INFO  o.e.m.c.i.e.AbstractTransferListenerAdapter - Downloaded https://repo.maven.apache.org/maven2/org/springframework/boot/spring-boot-starter-logging/3.4.4/spring-boot-starter-logging-3.4.4.jar
2025-03-31 15:26:46,383 [BasicRepositoryConnector-repo.maven.apache.org-0-1] INFO  o.e.m.c.i.e.AbstractTransferListenerAdapter - Downloading https://repo.maven.apache.org/maven2/ch/qos/logback/logback-classic/1.5.18/logback-classic-1.5.18.jar
2025-03-31 15:26:46,416 [BasicRepositoryConnector-repo.maven.apache.org-0-1] INFO  o.e.m.c.i.e.AbstractTransferListenerAdapter - Downloaded https://repo.maven.apache.org/maven2/ch/qos/logback/logback-classic/1.5.18/logback-classic-1.5.18.jar
2025-03-31 15:26:46,430 [BasicRepositoryConnector-repo.maven.apache.org-0-1] INFO  o.e.m.c.i.e.AbstractTransferListenerAdapter - Downloading https://repo.maven.apache.org/maven2/ch/qos/logback/logback-core/1.5.18/logback-core-1.5.18.jar
2025-03-31 15:26:46,451 [BasicRepositoryConnector-repo.maven.apache.org-0-3] INFO  o.e.m.c.i.e.AbstractTransferListenerAdapter - Downloaded https://repo.maven.apache.org/maven2/org/springframework/spring-beans/6.2.5/spring-beans-6.2.5.jar
2025-03-31 15:26:46,457 [BasicRepositoryConnector-repo.maven.apache.org-0-4] INFO  o.e.m.c.i.e.AbstractTransferListenerAdapter - Downloaded https://repo.maven.apache.org/maven2/io/micrometer/micrometer-commons/1.14.5/micrometer-commons-1.14.5.jar
2025-03-31 15:26:46,460 [BasicRepositoryConnector-repo.maven.apache.org-0-3] INFO  o.e.m.c.i.e.AbstractTransferListenerAdapter - Downloading https://repo.maven.apache.org/maven2/org/apache/logging/log4j/log4j-to-slf4j/2.24.3/log4j-to-slf4j-2.24.3.jar
2025-03-31 15:26:46,494 [BasicRepositoryConnector-repo.maven.apache.org-0-4] INFO  o.e.m.c.i.e.AbstractTransferListenerAdapter - Downloading https://repo.maven.apache.org/maven2/org/apache/logging/log4j/log4j-api/2.24.3/log4j-api-2.24.3.jar
2025-03-31 15:26:46,538 [BasicRepositoryConnector-repo.maven.apache.org-0-3] INFO  o.e.m.c.i.e.AbstractTransferListenerAdapter - Downloaded https://repo.maven.apache.org/maven2/org/apache/logging/log4j/log4j-to-slf4j/2.24.3/log4j-to-slf4j-2.24.3.jar
2025-03-31 15:26:46,550 [BasicRepositoryConnector-repo.maven.apache.org-0-1] INFO  o.e.m.c.i.e.AbstractTransferListenerAdapter - Downloaded https://repo.maven.apache.org/maven2/ch/qos/logback/logback-core/1.5.18/logback-core-1.5.18.jar
2025-03-31 15:26:46,570 [BasicRepositoryConnector-repo.maven.apache.org-0-3] INFO  o.e.m.c.i.e.AbstractTransferListenerAdapter - Downloading https://repo.maven.apache.org/maven2/org/slf4j/jul-to-slf4j/2.0.17/jul-to-slf4j-2.0.17.jar
2025-03-31 15:26:46,570 [BasicRepositoryConnector-repo.maven.apache.org-0-1] INFO  o.e.m.c.i.e.AbstractTransferListenerAdapter - Downloading https://repo.maven.apache.org/maven2/org/springframework/spring-core/6.2.5/spring-core-6.2.5.jar
2025-03-31 15:26:46,575 [BasicRepositoryConnector-repo.maven.apache.org-0-2] INFO  o.e.m.c.i.e.AbstractTransferListenerAdapter - Downloaded https://repo.maven.apache.org/maven2/org/springframework/boot/spring-boot-autoconfigure/3.4.4/spring-boot-autoconfigure-3.4.4.jar
2025-03-31 15:26:46,581 [BasicRepositoryConnector-repo.maven.apache.org-0-2] INFO  o.e.m.c.i.e.AbstractTransferListenerAdapter - Downloading https://repo.maven.apache.org/maven2/org/springframework/spring-jcl/6.2.5/spring-jcl-6.2.5.jar
2025-03-31 15:26:46,671 [BasicRepositoryConnector-repo.maven.apache.org-0-0] INFO  o.e.m.c.i.e.AbstractTransferListenerAdapter - Downloaded https://repo.maven.apache.org/maven2/org/springframework/boot/spring-boot/3.4.4/spring-boot-3.4.4.jar
2025-03-31 15:26:46,671 [BasicRepositoryConnector-repo.maven.apache.org-0-3] INFO  o.e.m.c.i.e.AbstractTransferListenerAdapter - Downloaded https://repo.maven.apache.org/maven2/org/slf4j/jul-to-slf4j/2.0.17/jul-to-slf4j-2.0.17.jar
2025-03-31 15:26:46,677 [BasicRepositoryConnector-repo.maven.apache.org-0-0] INFO  o.e.m.c.i.e.AbstractTransferListenerAdapter - Downloading https://repo.maven.apache.org/maven2/org/springframework/boot/spring-boot-starter-test/3.4.4/spring-boot-starter-test-3.4.4.jar
2025-03-31 15:26:46,680 [BasicRepositoryConnector-repo.maven.apache.org-0-3] INFO  o.e.m.c.i.e.AbstractTransferListenerAdapter - Downloading https://repo.maven.apache.org/maven2/org/springframework/boot/spring-boot-test/3.4.4/spring-boot-test-3.4.4.jar
2025-03-31 15:26:46,683 [BasicRepositoryConnector-repo.maven.apache.org-0-2] INFO  o.e.m.c.i.e.AbstractTransferListenerAdapter - Downloaded https://repo.maven.apache.org/maven2/org/springframework/spring-jcl/6.2.5/spring-jcl-6.2.5.jar
2025-03-31 15:26:46,684 [BasicRepositoryConnector-repo.maven.apache.org-0-4] INFO  o.e.m.c.i.e.AbstractTransferListenerAdapter - Downloaded https://repo.maven.apache.org/maven2/org/apache/logging/log4j/log4j-api/2.24.3/log4j-api-2.24.3.jar
2025-03-31 15:26:46,690 [BasicRepositoryConnector-repo.maven.apache.org-0-2] INFO  o.e.m.c.i.e.AbstractTransferListenerAdapter - Downloading https://repo.maven.apache.org/maven2/org/springframework/boot/spring-boot-test-autoconfigure/3.4.4/spring-boot-test-autoconfigure-3.4.4.jar
2025-03-31 15:26:46,697 [BasicRepositoryConnector-repo.maven.apache.org-0-0] INFO  o.e.m.c.i.e.AbstractTransferListenerAdapter - Downloaded https://repo.maven.apache.org/maven2/org/springframework/boot/spring-boot-starter-test/3.4.4/spring-boot-starter-test-3.4.4.jar
2025-03-31 15:26:46,701 [BasicRepositoryConnector-repo.maven.apache.org-0-4] INFO  o.e.m.c.i.e.AbstractTransferListenerAdapter - Downloading https://repo.maven.apache.org/maven2/org/slf4j/slf4j-api/2.0.17/slf4j-api-2.0.17.jar
2025-03-31 15:26:46,705 [BasicRepositoryConnector-repo.maven.apache.org-0-0] INFO  o.e.m.c.i.e.AbstractTransferListenerAdapter - Downloading https://repo.maven.apache.org/maven2/net/minidev/json-smart/2.5.2/json-smart-2.5.2.jar
2025-03-31 15:26:46,723 [BasicRepositoryConnector-repo.maven.apache.org-0-3] INFO  o.e.m.c.i.e.AbstractTransferListenerAdapter - Downloaded https://repo.maven.apache.org/maven2/org/springframework/boot/spring-boot-test/3.4.4/spring-boot-test-3.4.4.jar
2025-03-31 15:26:46,727 [BasicRepositoryConnector-repo.maven.apache.org-0-0] INFO  o.e.m.c.i.e.AbstractTransferListenerAdapter - Downloaded https://repo.maven.apache.org/maven2/net/minidev/json-smart/2.5.2/json-smart-2.5.2.jar
2025-03-31 15:26:46,732 [BasicRepositoryConnector-repo.maven.apache.org-0-3] INFO  o.e.m.c.i.e.AbstractTransferListenerAdapter - Downloading https://repo.maven.apache.org/maven2/net/minidev/accessors-smart/2.5.2/accessors-smart-2.5.2.jar
2025-03-31 15:26:46,750 [BasicRepositoryConnector-repo.maven.apache.org-0-0] INFO  o.e.m.c.i.e.AbstractTransferListenerAdapter - Downloading https://repo.maven.apache.org/maven2/net/bytebuddy/byte-buddy/1.15.11/byte-buddy-1.15.11.jar
2025-03-31 15:26:46,776 [BasicRepositoryConnector-repo.maven.apache.org-0-3] INFO  o.e.m.c.i.e.AbstractTransferListenerAdapter - Downloaded https://repo.maven.apache.org/maven2/net/minidev/accessors-smart/2.5.2/accessors-smart-2.5.2.jar
2025-03-31 15:26:46,786 [BasicRepositoryConnector-repo.maven.apache.org-0-3] INFO  o.e.m.c.i.e.AbstractTransferListenerAdapter - Downloading https://repo.maven.apache.org/maven2/org/junit/jupiter/junit-jupiter/5.11.4/junit-jupiter-5.11.4.jar
2025-03-31 15:26:46,921 [BasicRepositoryConnector-repo.maven.apache.org-0-2] INFO  o.e.m.c.i.e.AbstractTransferListenerAdapter - Downloaded https://repo.maven.apache.org/maven2/org/springframework/boot/spring-boot-test-autoconfigure/3.4.4/spring-boot-test-autoconfigure-3.4.4.jar
2025-03-31 15:26:46,926 [BasicRepositoryConnector-repo.maven.apache.org-0-1] INFO  o.e.m.c.i.e.AbstractTransferListenerAdapter - Downloaded https://repo.maven.apache.org/maven2/org/springframework/spring-core/6.2.5/spring-core-6.2.5.jar
2025-03-31 15:26:46,931 [BasicRepositoryConnector-repo.maven.apache.org-0-4] INFO  o.e.m.c.i.e.AbstractTransferListenerAdapter - Downloaded https://repo.maven.apache.org/maven2/org/slf4j/slf4j-api/2.0.17/slf4j-api-2.0.17.jar
2025-03-31 15:26:46,931 [BasicRepositoryConnector-repo.maven.apache.org-0-3] INFO  o.e.m.c.i.e.AbstractTransferListenerAdapter - Downloaded https://repo.maven.apache.org/maven2/org/junit/jupiter/junit-jupiter/5.11.4/junit-jupiter-5.11.4.jar
2025-03-31 15:26:46,935 [BasicRepositoryConnector-repo.maven.apache.org-0-1] INFO  o.e.m.c.i.e.AbstractTransferListenerAdapter - Downloading https://repo.maven.apache.org/maven2/org/junit/platform/junit-platform-commons/1.11.4/junit-platform-commons-1.11.4.jar
2025-03-31 15:26:46,936 [BasicRepositoryConnector-repo.maven.apache.org-0-2] INFO  o.e.m.c.i.e.AbstractTransferListenerAdapter - Downloading https://repo.maven.apache.org/maven2/org/junit/jupiter/junit-jupiter-api/5.11.4/junit-jupiter-api-5.11.4.jar
2025-03-31 15:26:46,941 [BasicRepositoryConnector-repo.maven.apache.org-0-3] INFO  o.e.m.c.i.e.AbstractTransferListenerAdapter - Downloading https://repo.maven.apache.org/maven2/org/junit/jupiter/junit-jupiter-engine/5.11.4/junit-jupiter-engine-5.11.4.jar
2025-03-31 15:26:46,943 [BasicRepositoryConnector-repo.maven.apache.org-0-4] INFO  o.e.m.c.i.e.AbstractTransferListenerAdapter - Downloading https://repo.maven.apache.org/maven2/org/junit/jupiter/junit-jupiter-params/5.11.4/junit-jupiter-params-5.11.4.jar
2025-03-31 15:26:46,990 [BasicRepositoryConnector-repo.maven.apache.org-0-2] INFO  o.e.m.c.i.e.AbstractTransferListenerAdapter - Downloaded https://repo.maven.apache.org/maven2/org/junit/jupiter/junit-jupiter-api/5.11.4/junit-jupiter-api-5.11.4.jar
2025-03-31 15:26:46,998 [BasicRepositoryConnector-repo.maven.apache.org-0-2] INFO  o.e.m.c.i.e.AbstractTransferListenerAdapter - Downloading https://repo.maven.apache.org/maven2/org/junit/platform/junit-platform-engine/1.11.4/junit-platform-engine-1.11.4.jar
2025-03-31 15:26:47,049 [BasicRepositoryConnector-repo.maven.apache.org-0-4] INFO  o.e.m.c.i.e.AbstractTransferListenerAdapter - Downloaded https://repo.maven.apache.org/maven2/org/junit/jupiter/junit-jupiter-params/5.11.4/junit-jupiter-params-5.11.4.jar
2025-03-31 15:26:47,059 [BasicRepositoryConnector-repo.maven.apache.org-0-4] INFO  o.e.m.c.i.e.AbstractTransferListenerAdapter - Downloading https://repo.maven.apache.org/maven2/net/bytebuddy/byte-buddy-agent/1.15.11/byte-buddy-agent-1.15.11.jar
2025-03-31 15:26:47,086 [BasicRepositoryConnector-repo.maven.apache.org-0-2] INFO  o.e.m.c.i.e.AbstractTransferListenerAdapter - Downloaded https://repo.maven.apache.org/maven2/org/junit/platform/junit-platform-engine/1.11.4/junit-platform-engine-1.11.4.jar
2025-03-31 15:26:47,099 [BasicRepositoryConnector-repo.maven.apache.org-0-2] INFO  o.e.m.c.i.e.AbstractTransferListenerAdapter - Downloading https://repo.maven.apache.org/maven2/org/springframework/spring-test/6.2.5/spring-test-6.2.5.jar
2025-03-31 15:26:47,127 [BasicRepositoryConnector-repo.maven.apache.org-0-3] INFO  o.e.m.c.i.e.AbstractTransferListenerAdapter - Downloaded https://repo.maven.apache.org/maven2/org/junit/jupiter/junit-jupiter-engine/5.11.4/junit-jupiter-engine-5.11.4.jar
2025-03-31 15:26:47,136 [BasicRepositoryConnector-repo.maven.apache.org-0-1] INFO  o.e.m.c.i.e.AbstractTransferListenerAdapter - Downloaded https://repo.maven.apache.org/maven2/org/junit/platform/junit-platform-commons/1.11.4/junit-platform-commons-1.11.4.jar
2025-03-31 15:26:47,149 [BasicRepositoryConnector-repo.maven.apache.org-0-4] INFO  o.e.m.c.i.e.AbstractTransferListenerAdapter - Downloaded https://repo.maven.apache.org/maven2/net/bytebuddy/byte-buddy-agent/1.15.11/byte-buddy-agent-1.15.11.jar
2025-03-31 15:26:47,371 [BasicRepositoryConnector-repo.maven.apache.org-0-2] INFO  o.e.m.c.i.e.AbstractTransferListenerAdapter - Downloaded https://repo.maven.apache.org/maven2/org/springframework/spring-test/6.2.5/spring-test-6.2.5.jar
2025-03-31 15:26:47,415 [BasicRepositoryConnector-repo.maven.apache.org-0-0] INFO  o.e.m.c.i.e.AbstractTransferListenerAdapter - Downloaded https://repo.maven.apache.org/maven2/net/bytebuddy/byte-buddy/1.15.11/byte-buddy-1.15.11.jar
2025-03-31 15:26:48,570 [Worker-0: Import Getting Started Content] INFO  o.e.m.j.i.AbstractJavaProjectConfigurator - Adding source folder /E-Portal/src/main/java
2025-03-31 15:26:48,572 [Worker-0: Import Getting Started Content] INFO  o.e.m.j.i.AbstractJavaProjectConfigurator - Adding resource folder /E-Portal/src/main/resources
2025-03-31 15:26:48,578 [Worker-0: Import Getting Started Content] INFO  o.e.m.j.i.AbstractJavaProjectConfigurator - Adding resource folder /E-Portal/src/main/resources
2025-03-31 15:26:48,585 [Worker-0: Import Getting Started Content] INFO  o.e.m.j.i.AbstractJavaProjectConfigurator - Adding source folder /E-Portal/src/test/java
2025-03-31 15:26:48,587 [Worker-0: Import Getting Started Content] INFO  o.e.m.j.i.AbstractJavaProjectConfigurator - Adding resource folder /E-Portal/src/test/resources
2025-03-31 15:26:49,282 [Worker-15: Download sources and javadoc] INFO  o.e.m.c.i.e.AbstractTransferListenerAdapter - Downloading https://repo.maven.apache.org/maven2/org/springframework/boot/spring-boot-starter/3.4.4/spring-boot-starter-3.4.4-sources.jar
2025-03-31 15:26:49,319 [Worker-0: Import Getting Started Content] INFO  o.e.m.c.i.p.ProjectConfigurationManager - Imported and configured 1 project(s) in 7 sec
2025-03-31 15:26:49,324 [Worker-0: Import Getting Started Content] INFO  o.e.m.c.i.p.ProjectConfigurationManager - Update started
2025-03-31 15:26:49,353 [Worker-15: Download sources and javadoc] INFO  o.e.m.c.i.e.AbstractTransferListenerAdapter - Downloaded https://repo.maven.apache.org/maven2/org/springframework/boot/spring-boot-starter/3.4.4/spring-boot-starter-3.4.4-sources.jar
2025-03-31 15:26:49,362 [Worker-15: Download sources and javadoc] INFO  o.e.m.j.internal.DownloadSourcesJob - Downloaded sources for org.springframework.boot:spring-boot-starter:3.4.4
2025-03-31 15:26:50,219 [Worker-15: Download sources and javadoc] INFO  o.e.m.c.i.e.AbstractTransferListenerAdapter - Downloading https://repo.maven.apache.org/maven2/org/springframework/boot/spring-boot/3.4.4/spring-boot-3.4.4-sources.jar
2025-03-31 15:26:50,250 [Worker-0: Import Getting Started Content] INFO  o.e.m.c.i.l.LifecycleMappingFactory - Using org.eclipse.m2e.jdt.JarLifecycleMapping lifecycle mapping for MavenProject: com.example:E-Portal:0.0.1-SNAPSHOT @ C:\Users\y_ravi\E-Portal Java\E-Portal\pom.xml.
2025-03-31 15:26:50,624 [Worker-15: Download sources and javadoc] INFO  o.e.m.c.i.e.AbstractTransferListenerAdapter - Downloaded https://repo.maven.apache.org/maven2/org/springframework/boot/spring-boot/3.4.4/spring-boot-3.4.4-sources.jar
2025-03-31 15:26:50,633 [Worker-15: Download sources and javadoc] INFO  o.e.m.j.internal.DownloadSourcesJob - Downloaded sources for org.springframework.boot:spring-boot:3.4.4
2025-03-31 15:26:50,690 [Worker-15: Download sources and javadoc] INFO  o.e.m.c.i.e.AbstractTransferListenerAdapter - Downloading https://repo.maven.apache.org/maven2/org/springframework/spring-context/6.2.5/spring-context-6.2.5-sources.jar
2025-03-31 15:26:51,491 [Worker-0: Import Getting Started Content] INFO  o.e.m.j.i.AbstractJavaProjectConfigurator - Adding source folder /E-Portal/src/main/java
2025-03-31 15:26:51,493 [Worker-0: Import Getting Started Content] INFO  o.e.m.j.i.AbstractJavaProjectConfigurator - Adding resource folder /E-Portal/src/main/resources
2025-03-31 15:26:51,494 [Worker-0: Import Getting Started Content] INFO  o.e.m.j.i.AbstractJavaProjectConfigurator - Adding resource folder /E-Portal/src/main/resources
2025-03-31 15:26:51,495 [Worker-0: Import Getting Started Content] INFO  o.e.m.j.i.AbstractJavaProjectConfigurator - Adding source folder /E-Portal/src/test/java
2025-03-31 15:26:51,496 [Worker-0: Import Getting Started Content] INFO  o.e.m.j.i.AbstractJavaProjectConfigurator - Adding resource folder /E-Portal/src/test/resources
2025-03-31 15:26:51,735 [Worker-15: Download sources and javadoc] INFO  o.e.m.c.i.e.AbstractTransferListenerAdapter - Downloaded https://repo.maven.apache.org/maven2/org/springframework/spring-context/6.2.5/spring-context-6.2.5-sources.jar
2025-03-31 15:26:51,865 [Worker-15: Download sources and javadoc] INFO  o.e.m.j.internal.DownloadSourcesJob - Downloaded sources for org.springframework:spring-context:6.2.5
2025-03-31 15:26:51,978 [Worker-15: Download sources and javadoc] INFO  o.e.m.c.i.e.AbstractTransferListenerAdapter - Downloading https://repo.maven.apache.org/maven2/org/springframework/spring-aop/6.2.5/spring-aop-6.2.5-sources.jar
2025-03-31 15:26:52,190 [Worker-0: Import Getting Started Content] INFO  o.e.m.c.i.p.ProjectConfigurationManager - Update completed for 1 poms: local refresh takes 0.00 sec, refresh facades takes 2.00 sec, update config takes 0.00 sec 
2025-03-31 15:26:52,669 [Worker-15: Download sources and javadoc] INFO  o.e.m.c.i.e.AbstractTransferListenerAdapter - Downloaded https://repo.maven.apache.org/maven2/org/springframework/spring-aop/6.2.5/spring-aop-6.2.5-sources.jar
2025-03-31 15:26:52,681 [Worker-15: Download sources and javadoc] INFO  o.e.m.j.internal.DownloadSourcesJob - Downloaded sources for org.springframework:spring-aop:6.2.5
2025-03-31 15:26:52,716 [Worker-15: Download sources and javadoc] INFO  o.e.m.c.i.e.AbstractTransferListenerAdapter - Downloading https://repo.maven.apache.org/maven2/org/springframework/spring-beans/6.2.5/spring-beans-6.2.5-sources.jar
2025-03-31 15:26:53,693 [Worker-14: Building] INFO  o.a.m.s.f.DefaultMavenResourcesFiltering - Copying 1 resource from src\main\resources to target\classes
2025-03-31 15:26:53,716 [Worker-14: Building] INFO  o.a.m.s.f.DefaultMavenResourcesFiltering - Copying 0 resource from src\main\resources to target\classes
2025-03-31 15:26:53,722 [Worker-14: Building] INFO  o.a.m.s.f.DefaultMavenResourcesFiltering - skip non existing resourceDirectory C:\Users\y_ravi\E-Portal Java\E-Portal\src\test\resources
2025-03-31 15:26:53,919 [Worker-15: Download sources and javadoc] INFO  o.e.m.c.i.e.AbstractTransferListenerAdapter - Downloaded https://repo.maven.apache.org/maven2/org/springframework/spring-beans/6.2.5/spring-beans-6.2.5-sources.jar
2025-03-31 15:26:53,929 [Worker-15: Download sources and javadoc] INFO  o.e.m.j.internal.DownloadSourcesJob - Downloaded sources for org.springframework:spring-beans:6.2.5
2025-03-31 15:26:53,964 [Worker-15: Download sources and javadoc] INFO  o.e.m.c.i.e.AbstractTransferListenerAdapter - Downloading https://repo.maven.apache.org/maven2/org/springframework/spring-expression/6.2.5/spring-expression-6.2.5-sources.jar
2025-03-31 15:26:54,315 [Worker-15: Download sources and javadoc] INFO  o.e.m.c.i.e.AbstractTransferListenerAdapter - Downloaded https://repo.maven.apache.org/maven2/org/springframework/spring-expression/6.2.5/spring-expression-6.2.5-sources.jar
2025-03-31 15:26:54,325 [Worker-15: Download sources and javadoc] INFO  o.e.m.j.internal.DownloadSourcesJob - Downloaded sources for org.springframework:spring-expression:6.2.5
2025-03-31 15:26:54,363 [Worker-15: Download sources and javadoc] INFO  o.e.m.c.i.e.AbstractTransferListenerAdapter - Downloading https://repo.maven.apache.org/maven2/io/micrometer/micrometer-observation/1.14.5/micrometer-observation-1.14.5-sources.jar
2025-03-31 15:26:54,385 [Worker-15: Download sources and javadoc] INFO  o.e.m.c.i.e.AbstractTransferListenerAdapter - Downloaded https://repo.maven.apache.org/maven2/io/micrometer/micrometer-observation/1.14.5/micrometer-observation-1.14.5-sources.jar
2025-03-31 15:26:54,419 [Worker-15: Download sources and javadoc] INFO  o.e.m.j.internal.DownloadSourcesJob - Downloaded sources for io.micrometer:micrometer-observation:1.14.5
2025-03-31 15:26:54,448 [Worker-15: Download sources and javadoc] INFO  o.e.m.c.i.e.AbstractTransferListenerAdapter - Downloading https://repo.maven.apache.org/maven2/io/micrometer/micrometer-commons/1.14.5/micrometer-commons-1.14.5-sources.jar
2025-03-31 15:26:54,480 [Worker-15: Download sources and javadoc] INFO  o.e.m.c.i.e.AbstractTransferListenerAdapter - Downloaded https://repo.maven.apache.org/maven2/io/micrometer/micrometer-commons/1.14.5/micrometer-commons-1.14.5-sources.jar
2025-03-31 15:26:54,534 [Worker-15: Download sources and javadoc] INFO  o.e.m.j.internal.DownloadSourcesJob - Downloaded sources for io.micrometer:micrometer-commons:1.14.5
2025-03-31 15:26:54,565 [Worker-15: Download sources and javadoc] INFO  o.e.m.c.i.e.AbstractTransferListenerAdapter - Downloading https://repo.maven.apache.org/maven2/org/springframework/boot/spring-boot-autoconfigure/3.4.4/spring-boot-autoconfigure-3.4.4-sources.jar
2025-03-31 15:26:54,670 [Worker-15: Download sources and javadoc] INFO  o.e.m.c.i.e.AbstractTransferListenerAdapter - Downloaded https://repo.maven.apache.org/maven2/org/springframework/boot/spring-boot-autoconfigure/3.4.4/spring-boot-autoconfigure-3.4.4-sources.jar
2025-03-31 15:26:54,680 [Worker-15: Download sources and javadoc] INFO  o.e.m.j.internal.DownloadSourcesJob - Downloaded sources for org.springframework.boot:spring-boot-autoconfigure:3.4.4
2025-03-31 15:26:54,724 [Worker-15: Download sources and javadoc] INFO  o.e.m.c.i.e.AbstractTransferListenerAdapter - Downloading https://repo.maven.apache.org/maven2/org/springframework/boot/spring-boot-starter-logging/3.4.4/spring-boot-starter-logging-3.4.4-sources.jar
2025-03-31 15:26:54,758 [Worker-15: Download sources and javadoc] INFO  o.e.m.c.i.e.AbstractTransferListenerAdapter - Downloaded https://repo.maven.apache.org/maven2/org/springframework/boot/spring-boot-starter-logging/3.4.4/spring-boot-starter-logging-3.4.4-sources.jar
2025-03-31 15:26:54,795 [Worker-15: Download sources and javadoc] INFO  o.e.m.j.internal.DownloadSourcesJob - Downloaded sources for org.springframework.boot:spring-boot-starter-logging:3.4.4
2025-03-31 15:26:54,836 [Worker-15: Download sources and javadoc] INFO  o.e.m.c.i.e.AbstractTransferListenerAdapter - Downloading https://repo.maven.apache.org/maven2/ch/qos/logback/logback-classic/1.5.18/logback-classic-1.5.18-sources.jar
2025-03-31 15:26:54,932 [Worker-15: Download sources and javadoc] INFO  o.e.m.c.i.e.AbstractTransferListenerAdapter - Downloaded https://repo.maven.apache.org/maven2/ch/qos/logback/logback-classic/1.5.18/logback-classic-1.5.18-sources.jar
2025-03-31 15:26:54,950 [Worker-15: Download sources and javadoc] INFO  o.e.m.j.internal.DownloadSourcesJob - Downloaded sources for ch.qos.logback:logback-classic:1.5.18
2025-03-31 15:26:54,991 [Worker-15: Download sources and javadoc] INFO  o.e.m.c.i.e.AbstractTransferListenerAdapter - Downloading https://repo.maven.apache.org/maven2/ch/qos/logback/logback-core/1.5.18/logback-core-1.5.18-sources.jar
2025-03-31 15:26:55,182 [Worker-15: Download sources and javadoc] INFO  o.e.m.c.i.e.AbstractTransferListenerAdapter - Downloaded https://repo.maven.apache.org/maven2/ch/qos/logback/logback-core/1.5.18/logback-core-1.5.18-sources.jar
2025-03-31 15:26:55,199 [Worker-15: Download sources and javadoc] INFO  o.e.m.j.internal.DownloadSourcesJob - Downloaded sources for ch.qos.logback:logback-core:1.5.18
2025-03-31 15:26:55,268 [Worker-15: Download sources and javadoc] INFO  o.e.m.c.i.e.AbstractTransferListenerAdapter - Downloading https://repo.maven.apache.org/maven2/org/apache/logging/log4j/log4j-to-slf4j/2.24.3/log4j-to-slf4j-2.24.3-sources.jar
2025-03-31 15:26:55,346 [Worker-15: Download sources and javadoc] INFO  o.e.m.c.i.e.AbstractTransferListenerAdapter - Downloaded https://repo.maven.apache.org/maven2/org/apache/logging/log4j/log4j-to-slf4j/2.24.3/log4j-to-slf4j-2.24.3-sources.jar
2025-03-31 15:26:55,364 [Worker-15: Download sources and javadoc] INFO  o.e.m.j.internal.DownloadSourcesJob - Downloaded sources for org.apache.logging.log4j:log4j-to-slf4j:2.24.3
2025-03-31 15:26:55,422 [Worker-15: Download sources and javadoc] INFO  o.e.m.c.i.e.AbstractTransferListenerAdapter - Downloading https://repo.maven.apache.org/maven2/org/apache/logging/log4j/log4j-api/2.24.3/log4j-api-2.24.3-sources.jar
2025-03-31 15:26:55,557 [Worker-15: Download sources and javadoc] INFO  o.e.m.c.i.e.AbstractTransferListenerAdapter - Downloaded https://repo.maven.apache.org/maven2/org/apache/logging/log4j/log4j-api/2.24.3/log4j-api-2.24.3-sources.jar
2025-03-31 15:26:55,579 [Worker-15: Download sources and javadoc] INFO  o.e.m.j.internal.DownloadSourcesJob - Downloaded sources for org.apache.logging.log4j:log4j-api:2.24.3
2025-03-31 15:26:55,648 [Worker-15: Download sources and javadoc] INFO  o.e.m.c.i.e.AbstractTransferListenerAdapter - Downloading https://repo.maven.apache.org/maven2/org/slf4j/jul-to-slf4j/2.0.17/jul-to-slf4j-2.0.17-sources.jar
2025-03-31 15:26:55,769 [Worker-15: Download sources and javadoc] INFO  o.e.m.c.i.e.AbstractTransferListenerAdapter - Downloaded https://repo.maven.apache.org/maven2/org/slf4j/jul-to-slf4j/2.0.17/jul-to-slf4j-2.0.17-sources.jar
2025-03-31 15:26:55,787 [Worker-15: Download sources and javadoc] INFO  o.e.m.j.internal.DownloadSourcesJob - Downloaded sources for org.slf4j:jul-to-slf4j:2.0.17
2025-03-31 15:26:55,847 [Worker-15: Download sources and javadoc] INFO  o.e.m.c.i.e.AbstractTransferListenerAdapter - Downloading https://repo.maven.apache.org/maven2/org/springframework/spring-core/6.2.5/spring-core-6.2.5-sources.jar
2025-03-31 15:26:56,446 [Worker-15: Download sources and javadoc] INFO  o.e.m.c.i.e.AbstractTransferListenerAdapter - Downloaded https://repo.maven.apache.org/maven2/org/springframework/spring-core/6.2.5/spring-core-6.2.5-sources.jar
2025-03-31 15:26:56,473 [Worker-15: Download sources and javadoc] INFO  o.e.m.j.internal.DownloadSourcesJob - Downloaded sources for org.springframework:spring-core:6.2.5
2025-03-31 15:26:56,572 [Worker-15: Download sources and javadoc] INFO  o.e.m.c.i.e.AbstractTransferListenerAdapter - Downloading https://repo.maven.apache.org/maven2/org/springframework/spring-jcl/6.2.5/spring-jcl-6.2.5-sources.jar
2025-03-31 15:26:56,635 [Worker-15: Download sources and javadoc] INFO  o.e.m.c.i.e.AbstractTransferListenerAdapter - Downloaded https://repo.maven.apache.org/maven2/org/springframework/spring-jcl/6.2.5/spring-jcl-6.2.5-sources.jar
2025-03-31 15:26:56,674 [Worker-15: Download sources and javadoc] INFO  o.e.m.j.internal.DownloadSourcesJob - Downloaded sources for org.springframework:spring-jcl:6.2.5
2025-03-31 15:26:56,766 [Worker-15: Download sources and javadoc] INFO  o.e.m.c.i.e.AbstractTransferListenerAdapter - Downloading https://repo.maven.apache.org/maven2/org/springframework/boot/spring-boot-starter-test/3.4.4/spring-boot-starter-test-3.4.4-sources.jar
2025-03-31 15:26:56,854 [Worker-15: Download sources and javadoc] INFO  o.e.m.c.i.e.AbstractTransferListenerAdapter - Downloaded https://repo.maven.apache.org/maven2/org/springframework/boot/spring-boot-starter-test/3.4.4/spring-boot-starter-test-3.4.4-sources.jar
2025-03-31 15:26:56,881 [Worker-15: Download sources and javadoc] INFO  o.e.m.j.internal.DownloadSourcesJob - Downloaded sources for org.springframework.boot:spring-boot-starter-test:3.4.4
2025-03-31 15:26:56,972 [Worker-15: Download sources and javadoc] INFO  o.e.m.c.i.e.AbstractTransferListenerAdapter - Downloading https://repo.maven.apache.org/maven2/org/springframework/boot/spring-boot-test/3.4.4/spring-boot-test-3.4.4-sources.jar
2025-03-31 15:26:57,670 [Worker-15: Download sources and javadoc] INFO  o.e.m.c.i.e.AbstractTransferListenerAdapter - Downloaded https://repo.maven.apache.org/maven2/org/springframework/boot/spring-boot-test/3.4.4/spring-boot-test-3.4.4-sources.jar
2025-03-31 15:26:57,959 [Worker-15: Download sources and javadoc] INFO  o.e.m.j.internal.DownloadSourcesJob - Downloaded sources for org.springframework.boot:spring-boot-test:3.4.4
2025-03-31 15:26:58,039 [Worker-15: Download sources and javadoc] INFO  o.e.m.c.i.e.AbstractTransferListenerAdapter - Downloading https://repo.maven.apache.org/maven2/org/springframework/boot/spring-boot-test-autoconfigure/3.4.4/spring-boot-test-autoconfigure-3.4.4-sources.jar
2025-03-31 15:26:58,326 [Worker-15: Download sources and javadoc] INFO  o.e.m.c.i.e.AbstractTransferListenerAdapter - Downloaded https://repo.maven.apache.org/maven2/org/springframework/boot/spring-boot-test-autoconfigure/3.4.4/spring-boot-test-autoconfigure-3.4.4-sources.jar
2025-03-31 15:26:58,348 [Worker-15: Download sources and javadoc] INFO  o.e.m.j.internal.DownloadSourcesJob - Downloaded sources for org.springframework.boot:spring-boot-test-autoconfigure:3.4.4
2025-03-31 15:26:58,407 [Worker-15: Download sources and javadoc] INFO  o.e.m.c.i.e.AbstractTransferListenerAdapter - Downloading https://repo.maven.apache.org/maven2/org/slf4j/slf4j-api/2.0.17/slf4j-api-2.0.17-sources.jar
2025-03-31 15:26:58,629 [Worker-15: Download sources and javadoc] INFO  o.e.m.c.i.e.AbstractTransferListenerAdapter - Downloaded https://repo.maven.apache.org/maven2/org/slf4j/slf4j-api/2.0.17/slf4j-api-2.0.17-sources.jar
2025-03-31 15:26:58,653 [Worker-15: Download sources and javadoc] INFO  o.e.m.j.internal.DownloadSourcesJob - Downloaded sources for org.slf4j:slf4j-api:2.0.17
2025-03-31 15:26:58,746 [Worker-15: Download sources and javadoc] INFO  o.e.m.c.i.e.AbstractTransferListenerAdapter - Downloading https://repo.maven.apache.org/maven2/net/minidev/json-smart/2.5.2/json-smart-2.5.2-sources.jar
2025-03-31 15:26:58,794 [Worker-15: Download sources and javadoc] INFO  o.e.m.c.i.e.AbstractTransferListenerAdapter - Downloaded https://repo.maven.apache.org/maven2/net/minidev/json-smart/2.5.2/json-smart-2.5.2-sources.jar
2025-03-31 15:26:58,868 [Worker-15: Download sources and javadoc] INFO  o.e.m.j.internal.DownloadSourcesJob - Downloaded sources for net.minidev:json-smart:2.5.2
2025-03-31 15:26:58,949 [Worker-15: Download sources and javadoc] INFO  o.e.m.c.i.e.AbstractTransferListenerAdapter - Downloading https://repo.maven.apache.org/maven2/net/minidev/accessors-smart/2.5.2/accessors-smart-2.5.2-sources.jar
2025-03-31 15:26:59,048 [Worker-15: Download sources and javadoc] INFO  o.e.m.c.i.e.AbstractTransferListenerAdapter - Downloaded https://repo.maven.apache.org/maven2/net/minidev/accessors-smart/2.5.2/accessors-smart-2.5.2-sources.jar
2025-03-31 15:26:59,106 [Worker-15: Download sources and javadoc] INFO  o.e.m.j.internal.DownloadSourcesJob - Downloaded sources for net.minidev:accessors-smart:2.5.2
2025-03-31 15:26:59,188 [Worker-15: Download sources and javadoc] INFO  o.e.m.c.i.e.AbstractTransferListenerAdapter - Downloading https://repo.maven.apache.org/maven2/org/ow2/asm/asm/9.7.1/asm-9.7.1-sources.jar
2025-03-31 15:26:59,383 [Worker-15: Download sources and javadoc] INFO  o.e.m.c.i.e.AbstractTransferListenerAdapter - Downloaded https://repo.maven.apache.org/maven2/org/ow2/asm/asm/9.7.1/asm-9.7.1-sources.jar
2025-03-31 15:26:59,458 [Worker-15: Download sources and javadoc] INFO  o.e.m.j.internal.DownloadSourcesJob - Downloaded sources for org.ow2.asm:asm:9.7.1
2025-03-31 15:26:59,527 [Worker-15: Download sources and javadoc] INFO  o.e.m.c.i.e.AbstractTransferListenerAdapter - Downloading https://repo.maven.apache.org/maven2/net/bytebuddy/byte-buddy/1.15.11/byte-buddy-1.15.11-sources.jar
2025-03-31 15:26:59,758 [Worker-15: Download sources and javadoc] INFO  o.e.m.c.i.e.AbstractTransferListenerAdapter - Downloaded https://repo.maven.apache.org/maven2/net/bytebuddy/byte-buddy/1.15.11/byte-buddy-1.15.11-sources.jar
2025-03-31 15:27:00,161 [Worker-15: Download sources and javadoc] INFO  o.e.m.j.internal.DownloadSourcesJob - Downloaded sources for net.bytebuddy:byte-buddy:1.15.11
2025-03-31 15:27:00,232 [Worker-15: Download sources and javadoc] INFO  o.e.m.c.i.e.AbstractTransferListenerAdapter - Downloading https://repo.maven.apache.org/maven2/org/junit/jupiter/junit-jupiter/5.11.4/junit-jupiter-5.11.4-sources.jar
2025-03-31 15:27:00,370 [Worker-15: Download sources and javadoc] INFO  o.e.m.c.i.e.AbstractTransferListenerAdapter - Downloaded https://repo.maven.apache.org/maven2/org/junit/jupiter/junit-jupiter/5.11.4/junit-jupiter-5.11.4-sources.jar
2025-03-31 15:27:00,402 [Worker-15: Download sources and javadoc] INFO  o.e.m.j.internal.DownloadSourcesJob - Downloaded sources for org.junit.jupiter:junit-jupiter:5.11.4
2025-03-31 15:27:00,496 [Worker-15: Download sources and javadoc] INFO  o.e.m.c.i.e.AbstractTransferListenerAdapter - Downloading https://repo.maven.apache.org/maven2/org/junit/jupiter/junit-jupiter-api/5.11.4/junit-jupiter-api-5.11.4-sources.jar
2025-03-31 15:27:01,718 [Worker-15: Download sources and javadoc] INFO  o.e.m.c.i.e.AbstractTransferListenerAdapter - Downloaded https://repo.maven.apache.org/maven2/org/junit/jupiter/junit-jupiter-api/5.11.4/junit-jupiter-api-5.11.4-sources.jar
2025-03-31 15:27:01,740 [Worker-15: Download sources and javadoc] INFO  o.e.m.j.internal.DownloadSourcesJob - Downloaded sources for org.junit.jupiter:junit-jupiter-api:5.11.4
2025-03-31 15:27:01,798 [Worker-15: Download sources and javadoc] INFO  o.e.m.c.i.e.AbstractTransferListenerAdapter - Downloading https://repo.maven.apache.org/maven2/org/junit/platform/junit-platform-commons/1.11.4/junit-platform-commons-1.11.4-sources.jar
2025-03-31 15:27:01,897 [Worker-15: Download sources and javadoc] INFO  o.e.m.c.i.e.AbstractTransferListenerAdapter - Downloaded https://repo.maven.apache.org/maven2/org/junit/platform/junit-platform-commons/1.11.4/junit-platform-commons-1.11.4-sources.jar
2025-03-31 15:27:01,929 [Worker-15: Download sources and javadoc] INFO  o.e.m.j.internal.DownloadSourcesJob - Downloaded sources for org.junit.platform:junit-platform-commons:1.11.4
2025-03-31 15:27:02,011 [Worker-15: Download sources and javadoc] INFO  o.e.m.c.i.e.AbstractTransferListenerAdapter - Downloading https://repo.maven.apache.org/maven2/org/junit/jupiter/junit-jupiter-params/5.11.4/junit-jupiter-params-5.11.4-sources.jar
2025-03-31 15:27:02,099 [Worker-15: Download sources and javadoc] INFO  o.e.m.c.i.e.AbstractTransferListenerAdapter - Downloaded https://repo.maven.apache.org/maven2/org/junit/jupiter/junit-jupiter-params/5.11.4/junit-jupiter-params-5.11.4-sources.jar
2025-03-31 15:27:02,145 [Worker-15: Download sources and javadoc] INFO  o.e.m.j.internal.DownloadSourcesJob - Downloaded sources for org.junit.jupiter:junit-jupiter-params:5.11.4
2025-03-31 15:27:02,208 [Worker-15: Download sources and javadoc] INFO  o.e.m.c.i.e.AbstractTransferListenerAdapter - Downloading https://repo.maven.apache.org/maven2/org/junit/jupiter/junit-jupiter-engine/5.11.4/junit-jupiter-engine-5.11.4-sources.jar
2025-03-31 15:27:02,264 [Worker-15: Download sources and javadoc] INFO  o.e.m.c.i.e.AbstractTransferListenerAdapter - Downloaded https://repo.maven.apache.org/maven2/org/junit/jupiter/junit-jupiter-engine/5.11.4/junit-jupiter-engine-5.11.4-sources.jar
2025-03-31 15:27:02,283 [Worker-15: Download sources and javadoc] INFO  o.e.m.j.internal.DownloadSourcesJob - Downloaded sources for org.junit.jupiter:junit-jupiter-engine:5.11.4
2025-03-31 15:27:02,338 [Worker-15: Download sources and javadoc] INFO  o.e.m.c.i.e.AbstractTransferListenerAdapter - Downloading https://repo.maven.apache.org/maven2/org/junit/platform/junit-platform-engine/1.11.4/junit-platform-engine-1.11.4-sources.jar
2025-03-31 15:27:02,436 [Worker-15: Download sources and javadoc] INFO  o.e.m.c.i.e.AbstractTransferListenerAdapter - Downloaded https://repo.maven.apache.org/maven2/org/junit/platform/junit-platform-engine/1.11.4/junit-platform-engine-1.11.4-sources.jar
2025-03-31 15:27:02,482 [Worker-15: Download sources and javadoc] INFO  o.e.m.j.internal.DownloadSourcesJob - Downloaded sources for org.junit.platform:junit-platform-engine:1.11.4
2025-03-31 15:27:02,544 [Worker-15: Download sources and javadoc] INFO  o.e.m.c.i.e.AbstractTransferListenerAdapter - Downloading https://repo.maven.apache.org/maven2/net/bytebuddy/byte-buddy-agent/1.15.11/byte-buddy-agent-1.15.11-sources.jar
2025-03-31 15:27:02,643 [Worker-15: Download sources and javadoc] INFO  o.e.m.c.i.e.AbstractTransferListenerAdapter - Downloaded https://repo.maven.apache.org/maven2/net/bytebuddy/byte-buddy-agent/1.15.11/byte-buddy-agent-1.15.11-sources.jar
2025-03-31 15:27:02,659 [Worker-15: Download sources and javadoc] INFO  o.e.m.j.internal.DownloadSourcesJob - Downloaded sources for net.bytebuddy:byte-buddy-agent:1.15.11
2025-03-31 15:27:02,716 [Worker-15: Download sources and javadoc] INFO  o.e.m.c.i.e.AbstractTransferListenerAdapter - Downloading https://repo.maven.apache.org/maven2/org/springframework/spring-test/6.2.5/spring-test-6.2.5-sources.jar
2025-03-31 15:27:02,857 [Worker-15: Download sources and javadoc] INFO  o.e.m.c.i.e.AbstractTransferListenerAdapter - Downloaded https://repo.maven.apache.org/maven2/org/springframework/spring-test/6.2.5/spring-test-6.2.5-sources.jar
2025-03-31 15:27:02,873 [Worker-15: Download sources and javadoc] INFO  o.e.m.j.internal.DownloadSourcesJob - Downloaded sources for org.springframework:spring-test:6.2.5
2025-03-31 15:30:56,369 [Worker-13: Building] INFO  o.a.m.s.f.DefaultMavenResourcesFiltering - Copying 1 resource from src\main\resources to target\classes
2025-03-31 15:30:56,377 [Worker-13: Building] INFO  o.a.m.s.f.DefaultMavenResourcesFiltering - Copying 0 resource from src\main\resources to target\classes
2025-03-31 15:30:56,381 [Worker-13: Building] INFO  o.a.m.s.f.DefaultMavenResourcesFiltering - skip non existing resourceDirectory C:\Users\y_ravi\E-Portal Java\E-Portal\src\test\resources
2025-03-31 15:39:27,681 [Worker-0: Building] INFO  o.e.m.c.i.l.LifecycleMappingFactory - Using org.eclipse.m2e.jdt.JarLifecycleMapping lifecycle mapping for MavenProject: com.example:E-Portal:0.0.1-SNAPSHOT @ C:\Users\y_ravi\E-Portal Java\E-Portal\pom.xml.
2025-03-31 15:39:27,922 [Worker-0: Building] INFO  o.e.m.c.i.e.AbstractTransferListenerAdapter - Downloading https://repo.maven.apache.org/maven2/org/springframework/boot/spring-boot-starter-data-jpa/3.4.4/spring-boot-starter-data-jpa-3.4.4.pom
2025-03-31 15:39:27,927 [Worker-0: Building] INFO  o.e.m.c.i.e.AbstractTransferListenerAdapter - Downloaded https://repo.maven.apache.org/maven2/org/springframework/boot/spring-boot-starter-data-jpa/3.4.4/spring-boot-starter-data-jpa-3.4.4.pom
2025-03-31 15:39:27,939 [Worker-0: Building] INFO  o.e.m.c.i.e.AbstractTransferListenerAdapter - Downloading https://repo.maven.apache.org/maven2/org/springframework/boot/spring-boot-starter-jdbc/3.4.4/spring-boot-starter-jdbc-3.4.4.pom
2025-03-31 15:39:27,943 [Worker-0: Building] INFO  o.e.m.c.i.e.AbstractTransferListenerAdapter - Downloaded https://repo.maven.apache.org/maven2/org/springframework/boot/spring-boot-starter-jdbc/3.4.4/spring-boot-starter-jdbc-3.4.4.pom
2025-03-31 15:39:27,956 [Worker-0: Building] INFO  o.e.m.c.i.e.AbstractTransferListenerAdapter - Downloading https://repo.maven.apache.org/maven2/org/springframework/spring-jdbc/6.2.5/spring-jdbc-6.2.5.pom
2025-03-31 15:39:27,961 [Worker-0: Building] INFO  o.e.m.c.i.e.AbstractTransferListenerAdapter - Downloaded https://repo.maven.apache.org/maven2/org/springframework/spring-jdbc/6.2.5/spring-jdbc-6.2.5.pom
2025-03-31 15:39:27,972 [Worker-0: Building] INFO  o.e.m.c.i.e.AbstractTransferListenerAdapter - Downloading https://repo.maven.apache.org/maven2/org/springframework/spring-tx/6.2.5/spring-tx-6.2.5.pom
2025-03-31 15:39:27,976 [Worker-0: Building] INFO  o.e.m.c.i.e.AbstractTransferListenerAdapter - Downloaded https://repo.maven.apache.org/maven2/org/springframework/spring-tx/6.2.5/spring-tx-6.2.5.pom
2025-03-31 15:39:28,001 [Worker-0: Building] INFO  o.e.m.c.i.e.AbstractTransferListenerAdapter - Downloading https://repo.maven.apache.org/maven2/org/hibernate/orm/hibernate-core/6.6.11.Final/hibernate-core-6.6.11.Final.pom
2025-03-31 15:39:28,006 [Worker-0: Building] INFO  o.e.m.c.i.e.AbstractTransferListenerAdapter - Downloaded https://repo.maven.apache.org/maven2/org/hibernate/orm/hibernate-core/6.6.11.Final/hibernate-core-6.6.11.Final.pom
2025-03-31 15:39:28,063 [Worker-0: Building] INFO  o.e.m.c.i.e.AbstractTransferListenerAdapter - Downloading https://repo.maven.apache.org/maven2/org/springframework/data/spring-data-jpa/3.4.4/spring-data-jpa-3.4.4.pom
2025-03-31 15:39:28,074 [Worker-0: Building] INFO  o.e.m.c.i.e.AbstractTransferListenerAdapter - Downloaded https://repo.maven.apache.org/maven2/org/springframework/data/spring-data-jpa/3.4.4/spring-data-jpa-3.4.4.pom
2025-03-31 15:39:28,087 [Worker-0: Building] INFO  o.e.m.c.i.e.AbstractTransferListenerAdapter - Downloading https://repo.maven.apache.org/maven2/org/springframework/data/spring-data-jpa-parent/3.4.4/spring-data-jpa-parent-3.4.4.pom
2025-03-31 15:39:28,093 [Worker-0: Building] INFO  o.e.m.c.i.e.AbstractTransferListenerAdapter - Downloaded https://repo.maven.apache.org/maven2/org/springframework/data/spring-data-jpa-parent/3.4.4/spring-data-jpa-parent-3.4.4.pom
2025-03-31 15:39:28,105 [Worker-0: Building] INFO  o.e.m.c.i.e.AbstractTransferListenerAdapter - Downloading https://repo.maven.apache.org/maven2/org/springframework/data/build/spring-data-parent/3.4.4/spring-data-parent-3.4.4.pom
2025-03-31 15:39:28,112 [Worker-0: Building] INFO  o.e.m.c.i.e.AbstractTransferListenerAdapter - Downloaded https://repo.maven.apache.org/maven2/org/springframework/data/build/spring-data-parent/3.4.4/spring-data-parent-3.4.4.pom
2025-03-31 15:39:28,125 [Worker-0: Building] INFO  o.e.m.c.i.e.AbstractTransferListenerAdapter - Downloading https://repo.maven.apache.org/maven2/org/springframework/data/build/spring-data-build/3.4.4/spring-data-build-3.4.4.pom
2025-03-31 15:39:28,132 [Worker-0: Building] INFO  o.e.m.c.i.e.AbstractTransferListenerAdapter - Downloaded https://repo.maven.apache.org/maven2/org/springframework/data/build/spring-data-build/3.4.4/spring-data-build-3.4.4.pom
2025-03-31 15:39:28,159 [Worker-0: Building] INFO  o.e.m.c.i.e.AbstractTransferListenerAdapter - Downloading https://repo.maven.apache.org/maven2/org/springframework/spring-framework-bom/6.2.4/spring-framework-bom-6.2.4.pom
2025-03-31 15:39:28,166 [Worker-0: Building] INFO  o.e.m.c.i.e.AbstractTransferListenerAdapter - Downloaded https://repo.maven.apache.org/maven2/org/springframework/spring-framework-bom/6.2.4/spring-framework-bom-6.2.4.pom
2025-03-31 15:39:28,197 [Worker-0: Building] INFO  o.e.m.c.i.e.AbstractTransferListenerAdapter - Downloading https://repo.maven.apache.org/maven2/org/springframework/data/spring-data-commons/3.4.4/spring-data-commons-3.4.4.pom
2025-03-31 15:39:28,203 [Worker-0: Building] INFO  o.e.m.c.i.e.AbstractTransferListenerAdapter - Downloaded https://repo.maven.apache.org/maven2/org/springframework/data/spring-data-commons/3.4.4/spring-data-commons-3.4.4.pom
2025-03-31 15:39:28,219 [Worker-0: Building] INFO  o.e.m.c.i.e.AbstractTransferListenerAdapter - Downloading https://repo.maven.apache.org/maven2/org/springframework/spring-orm/6.2.5/spring-orm-6.2.5.pom
2025-03-31 15:39:28,226 [Worker-0: Building] INFO  o.e.m.c.i.e.AbstractTransferListenerAdapter - Downloaded https://repo.maven.apache.org/maven2/org/springframework/spring-orm/6.2.5/spring-orm-6.2.5.pom
2025-03-31 15:39:28,266 [Worker-0: Building] INFO  o.e.m.c.i.e.AbstractTransferListenerAdapter - Downloading https://repo.maven.apache.org/maven2/org/springframework/spring-aspects/6.2.5/spring-aspects-6.2.5.pom
2025-03-31 15:39:28,272 [Worker-0: Building] INFO  o.e.m.c.i.e.AbstractTransferListenerAdapter - Downloaded https://repo.maven.apache.org/maven2/org/springframework/spring-aspects/6.2.5/spring-aspects-6.2.5.pom
2025-03-31 15:39:28,285 [Worker-0: Building] INFO  o.e.m.c.i.e.AbstractTransferListenerAdapter - Downloading https://repo.maven.apache.org/maven2/org/aspectj/aspectjweaver/1.9.23/aspectjweaver-1.9.23.pom
2025-03-31 15:39:28,293 [Worker-0: Building] INFO  o.e.m.c.i.e.AbstractTransferListenerAdapter - Downloaded https://repo.maven.apache.org/maven2/org/aspectj/aspectjweaver/1.9.23/aspectjweaver-1.9.23.pom
2025-03-31 15:39:28,413 [Worker-0: Building] INFO  o.e.m.c.i.e.AbstractTransferListenerAdapter - Downloading https://repo.maven.apache.org/maven2/org/springframework/boot/spring-boot-starter-data-jpa/3.4.4/spring-boot-starter-data-jpa-3.4.4.jar
2025-03-31 15:39:28,423 [Worker-0: Building] INFO  o.e.m.c.i.e.AbstractTransferListenerAdapter - Downloaded https://repo.maven.apache.org/maven2/org/springframework/boot/spring-boot-starter-data-jpa/3.4.4/spring-boot-starter-data-jpa-3.4.4.jar
2025-03-31 15:39:28,433 [BasicRepositoryConnector-repo.maven.apache.org-1-1] INFO  o.e.m.c.i.e.AbstractTransferListenerAdapter - Downloading https://repo.maven.apache.org/maven2/org/springframework/spring-jdbc/6.2.5/spring-jdbc-6.2.5.jar
2025-03-31 15:39:28,451 [BasicRepositoryConnector-repo.maven.apache.org-1-2] INFO  o.e.m.c.i.e.AbstractTransferListenerAdapter - Downloading https://repo.maven.apache.org/maven2/org/hibernate/orm/hibernate-core/6.6.11.Final/hibernate-core-6.6.11.Final.jar
2025-03-31 15:39:28,451 [BasicRepositoryConnector-repo.maven.apache.org-1-4] INFO  o.e.m.c.i.e.AbstractTransferListenerAdapter - Downloading https://repo.maven.apache.org/maven2/org/springframework/data/spring-data-commons/3.4.4/spring-data-commons-3.4.4.jar
2025-03-31 15:39:28,455 [BasicRepositoryConnector-repo.maven.apache.org-1-0] INFO  o.e.m.c.i.e.AbstractTransferListenerAdapter - Downloading https://repo.maven.apache.org/maven2/org/springframework/boot/spring-boot-starter-jdbc/3.4.4/spring-boot-starter-jdbc-3.4.4.jar
2025-03-31 15:39:28,455 [BasicRepositoryConnector-repo.maven.apache.org-1-3] INFO  o.e.m.c.i.e.AbstractTransferListenerAdapter - Downloading https://repo.maven.apache.org/maven2/org/springframework/data/spring-data-jpa/3.4.4/spring-data-jpa-3.4.4.jar
2025-03-31 15:39:28,471 [BasicRepositoryConnector-repo.maven.apache.org-1-0] INFO  o.e.m.c.i.e.AbstractTransferListenerAdapter - Downloaded https://repo.maven.apache.org/maven2/org/springframework/boot/spring-boot-starter-jdbc/3.4.4/spring-boot-starter-jdbc-3.4.4.jar
2025-03-31 15:39:28,482 [BasicRepositoryConnector-repo.maven.apache.org-1-0] INFO  o.e.m.c.i.e.AbstractTransferListenerAdapter - Downloading https://repo.maven.apache.org/maven2/org/springframework/spring-orm/6.2.5/spring-orm-6.2.5.jar
2025-03-31 15:39:28,511 [BasicRepositoryConnector-repo.maven.apache.org-1-1] INFO  o.e.m.c.i.e.AbstractTransferListenerAdapter - Downloaded https://repo.maven.apache.org/maven2/org/springframework/spring-jdbc/6.2.5/spring-jdbc-6.2.5.jar
2025-03-31 15:39:28,519 [BasicRepositoryConnector-repo.maven.apache.org-1-1] INFO  o.e.m.c.i.e.AbstractTransferListenerAdapter - Downloading https://repo.maven.apache.org/maven2/org/springframework/spring-tx/6.2.5/spring-tx-6.2.5.jar
2025-03-31 15:39:28,545 [BasicRepositoryConnector-repo.maven.apache.org-1-0] INFO  o.e.m.c.i.e.AbstractTransferListenerAdapter - Downloaded https://repo.maven.apache.org/maven2/org/springframework/spring-orm/6.2.5/spring-orm-6.2.5.jar
2025-03-31 15:39:28,551 [BasicRepositoryConnector-repo.maven.apache.org-1-0] INFO  o.e.m.c.i.e.AbstractTransferListenerAdapter - Downloading https://repo.maven.apache.org/maven2/org/springframework/spring-aspects/6.2.5/spring-aspects-6.2.5.jar
2025-03-31 15:39:28,566 [BasicRepositoryConnector-repo.maven.apache.org-1-0] INFO  o.e.m.c.i.e.AbstractTransferListenerAdapter - Downloaded https://repo.maven.apache.org/maven2/org/springframework/spring-aspects/6.2.5/spring-aspects-6.2.5.jar
2025-03-31 15:39:28,568 [BasicRepositoryConnector-repo.maven.apache.org-1-1] INFO  o.e.m.c.i.e.AbstractTransferListenerAdapter - Downloaded https://repo.maven.apache.org/maven2/org/springframework/spring-tx/6.2.5/spring-tx-6.2.5.jar
2025-03-31 15:39:28,573 [BasicRepositoryConnector-repo.maven.apache.org-1-0] INFO  o.e.m.c.i.e.AbstractTransferListenerAdapter - Downloading https://repo.maven.apache.org/maven2/org/aspectj/aspectjweaver/1.9.23/aspectjweaver-1.9.23.jar
2025-03-31 15:39:28,721 [BasicRepositoryConnector-repo.maven.apache.org-1-0] INFO  o.e.m.c.i.e.AbstractTransferListenerAdapter - Downloaded https://repo.maven.apache.org/maven2/org/aspectj/aspectjweaver/1.9.23/aspectjweaver-1.9.23.jar
2025-03-31 15:39:28,741 [BasicRepositoryConnector-repo.maven.apache.org-1-3] INFO  o.e.m.c.i.e.AbstractTransferListenerAdapter - Downloaded https://repo.maven.apache.org/maven2/org/springframework/data/spring-data-jpa/3.4.4/spring-data-jpa-3.4.4.jar
2025-03-31 15:39:28,763 [BasicRepositoryConnector-repo.maven.apache.org-1-4] INFO  o.e.m.c.i.e.AbstractTransferListenerAdapter - Downloaded https://repo.maven.apache.org/maven2/org/springframework/data/spring-data-commons/3.4.4/spring-data-commons-3.4.4.jar
2025-03-31 15:39:29,238 [BasicRepositoryConnector-repo.maven.apache.org-1-2] INFO  o.e.m.c.i.e.AbstractTransferListenerAdapter - Downloaded https://repo.maven.apache.org/maven2/org/hibernate/orm/hibernate-core/6.6.11.Final/hibernate-core-6.6.11.Final.jar
2025-03-31 15:39:29,648 [Worker-0: Building] INFO  o.a.m.s.f.DefaultMavenResourcesFiltering - Copying 0 resource from src\main\resources to target\classes
2025-03-31 15:39:29,648 [Worker-0: Building] INFO  o.a.m.s.f.DefaultMavenResourcesFiltering - Copying 0 resource from src\main\resources to target\classes
2025-03-31 15:39:29,652 [Worker-0: Building] INFO  o.a.m.s.f.DefaultMavenResourcesFiltering - skip non existing resourceDirectory C:\Users\y_ravi\E-Portal Java\E-Portal\src\test\resources
2025-03-31 15:39:30,227 [Worker-19: Building] INFO  o.a.m.s.f.DefaultMavenResourcesFiltering - Copying 1 resource from src\main\resources to target\classes
2025-03-31 15:39:30,244 [Worker-19: Building] INFO  o.a.m.s.f.DefaultMavenResourcesFiltering - Copying 0 resource from src\main\resources to target\classes
2025-03-31 15:39:30,248 [Worker-19: Building] INFO  o.a.m.s.f.DefaultMavenResourcesFiltering - skip non existing resourceDirectory C:\Users\y_ravi\E-Portal Java\E-Portal\src\test\resources
2025-03-31 15:39:30,496 [Worker-0: Download sources and javadoc] INFO  o.e.m.c.i.e.AbstractTransferListenerAdapter - Downloading https://repo.maven.apache.org/maven2/org/springframework/boot/spring-boot-starter-data-jpa/3.4.4/spring-boot-starter-data-jpa-3.4.4-sources.jar
2025-03-31 15:39:30,511 [Worker-0: Download sources and javadoc] INFO  o.e.m.c.i.e.AbstractTransferListenerAdapter - Downloaded https://repo.maven.apache.org/maven2/org/springframework/boot/spring-boot-starter-data-jpa/3.4.4/spring-boot-starter-data-jpa-3.4.4-sources.jar
2025-03-31 15:39:30,545 [Worker-0: Download sources and javadoc] INFO  o.e.m.j.internal.DownloadSourcesJob - Downloaded sources for org.springframework.boot:spring-boot-starter-data-jpa:3.4.4
2025-03-31 15:39:30,584 [Worker-0: Download sources and javadoc] INFO  o.e.m.c.i.e.AbstractTransferListenerAdapter - Downloading https://repo.maven.apache.org/maven2/org/springframework/boot/spring-boot-starter-jdbc/3.4.4/spring-boot-starter-jdbc-3.4.4-sources.jar
2025-03-31 15:39:30,601 [Worker-0: Download sources and javadoc] INFO  o.e.m.c.i.e.AbstractTransferListenerAdapter - Downloaded https://repo.maven.apache.org/maven2/org/springframework/boot/spring-boot-starter-jdbc/3.4.4/spring-boot-starter-jdbc-3.4.4-sources.jar
2025-03-31 15:39:30,609 [Worker-0: Download sources and javadoc] INFO  o.e.m.j.internal.DownloadSourcesJob - Downloaded sources for org.springframework.boot:spring-boot-starter-jdbc:3.4.4
2025-03-31 15:39:30,644 [Worker-0: Download sources and javadoc] INFO  o.e.m.c.i.e.AbstractTransferListenerAdapter - Downloading https://repo.maven.apache.org/maven2/org/springframework/spring-jdbc/6.2.5/spring-jdbc-6.2.5-sources.jar
2025-03-31 15:39:30,822 [Worker-0: Download sources and javadoc] INFO  o.e.m.c.i.e.AbstractTransferListenerAdapter - Downloaded https://repo.maven.apache.org/maven2/org/springframework/spring-jdbc/6.2.5/spring-jdbc-6.2.5-sources.jar
2025-03-31 15:39:30,831 [Worker-0: Download sources and javadoc] INFO  o.e.m.j.internal.DownloadSourcesJob - Downloaded sources for org.springframework:spring-jdbc:6.2.5
2025-03-31 15:39:30,883 [Worker-0: Download sources and javadoc] INFO  o.e.m.c.i.e.AbstractTransferListenerAdapter - Downloading https://repo.maven.apache.org/maven2/org/hibernate/orm/hibernate-core/6.6.11.Final/hibernate-core-6.6.11.Final-sources.jar
2025-03-31 15:39:31,743 [Worker-0: Download sources and javadoc] INFO  o.e.m.c.i.e.AbstractTransferListenerAdapter - Downloaded https://repo.maven.apache.org/maven2/org/hibernate/orm/hibernate-core/6.6.11.Final/hibernate-core-6.6.11.Final-sources.jar
2025-03-31 15:39:31,751 [Worker-0: Download sources and javadoc] INFO  o.e.m.j.internal.DownloadSourcesJob - Downloaded sources for org.hibernate.orm:hibernate-core:6.6.11.Final
2025-03-31 15:39:31,793 [Worker-0: Download sources and javadoc] INFO  o.e.m.c.i.e.AbstractTransferListenerAdapter - Downloading https://repo.maven.apache.org/maven2/org/springframework/data/spring-data-jpa/3.4.4/spring-data-jpa-3.4.4-sources.jar
2025-03-31 15:39:31,875 [Worker-0: Download sources and javadoc] INFO  o.e.m.c.i.e.AbstractTransferListenerAdapter - Downloaded https://repo.maven.apache.org/maven2/org/springframework/data/spring-data-jpa/3.4.4/spring-data-jpa-3.4.4-sources.jar
2025-03-31 15:39:31,882 [Worker-0: Download sources and javadoc] INFO  o.e.m.j.internal.DownloadSourcesJob - Downloaded sources for org.springframework.data:spring-data-jpa:3.4.4
2025-03-31 15:39:31,931 [Worker-0: Download sources and javadoc] INFO  o.e.m.c.i.e.AbstractTransferListenerAdapter - Downloading https://repo.maven.apache.org/maven2/org/springframework/data/spring-data-commons/3.4.4/spring-data-commons-3.4.4-sources.jar
2025-03-31 15:39:31,998 [Worker-0: Download sources and javadoc] INFO  o.e.m.c.i.e.AbstractTransferListenerAdapter - Downloaded https://repo.maven.apache.org/maven2/org/springframework/data/spring-data-commons/3.4.4/spring-data-commons-3.4.4-sources.jar
2025-03-31 15:39:32,004 [Worker-0: Download sources and javadoc] INFO  o.e.m.j.internal.DownloadSourcesJob - Downloaded sources for org.springframework.data:spring-data-commons:3.4.4
2025-03-31 15:39:32,027 [Worker-0: Download sources and javadoc] INFO  o.e.m.c.i.e.AbstractTransferListenerAdapter - Downloading https://repo.maven.apache.org/maven2/org/springframework/spring-orm/6.2.5/spring-orm-6.2.5-sources.jar
2025-03-31 15:39:32,084 [Worker-0: Download sources and javadoc] INFO  o.e.m.c.i.e.AbstractTransferListenerAdapter - Downloaded https://repo.maven.apache.org/maven2/org/springframework/spring-orm/6.2.5/spring-orm-6.2.5-sources.jar
2025-03-31 15:39:32,090 [Worker-0: Download sources and javadoc] INFO  o.e.m.j.internal.DownloadSourcesJob - Downloaded sources for org.springframework:spring-orm:6.2.5
2025-03-31 15:39:32,112 [Worker-0: Download sources and javadoc] INFO  o.e.m.c.i.e.AbstractTransferListenerAdapter - Downloading https://repo.maven.apache.org/maven2/org/springframework/spring-tx/6.2.5/spring-tx-6.2.5-sources.jar
2025-03-31 15:39:32,149 [Worker-0: Download sources and javadoc] INFO  o.e.m.c.i.e.AbstractTransferListenerAdapter - Downloaded https://repo.maven.apache.org/maven2/org/springframework/spring-tx/6.2.5/spring-tx-6.2.5-sources.jar
2025-03-31 15:39:32,155 [Worker-0: Download sources and javadoc] INFO  o.e.m.j.internal.DownloadSourcesJob - Downloaded sources for org.springframework:spring-tx:6.2.5
2025-03-31 15:39:32,181 [Worker-0: Download sources and javadoc] INFO  o.e.m.c.i.e.AbstractTransferListenerAdapter - Downloading https://repo.maven.apache.org/maven2/org/springframework/spring-aspects/6.2.5/spring-aspects-6.2.5-sources.jar
2025-03-31 15:39:32,194 [Worker-0: Download sources and javadoc] INFO  o.e.m.c.i.e.AbstractTransferListenerAdapter - Downloaded https://repo.maven.apache.org/maven2/org/springframework/spring-aspects/6.2.5/spring-aspects-6.2.5-sources.jar
2025-03-31 15:39:32,201 [Worker-0: Download sources and javadoc] INFO  o.e.m.j.internal.DownloadSourcesJob - Downloaded sources for org.springframework:spring-aspects:6.2.5
2025-03-31 15:39:32,242 [Worker-0: Download sources and javadoc] INFO  o.e.m.c.i.e.AbstractTransferListenerAdapter - Downloading https://repo.maven.apache.org/maven2/org/aspectj/aspectjweaver/1.9.23/aspectjweaver-1.9.23-sources.jar
2025-03-31 15:39:32,364 [Worker-0: Download sources and javadoc] INFO  o.e.m.c.i.e.AbstractTransferListenerAdapter - Downloaded https://repo.maven.apache.org/maven2/org/aspectj/aspectjweaver/1.9.23/aspectjweaver-1.9.23-sources.jar
2025-03-31 15:39:32,372 [Worker-0: Download sources and javadoc] INFO  o.e.m.j.internal.DownloadSourcesJob - Downloaded sources for org.aspectj:aspectjweaver:1.9.23
2025-03-31 16:00:01,312 [Worker-33: Building] INFO  o.e.m.c.i.l.LifecycleMappingFactory - Using org.eclipse.m2e.jdt.JarLifecycleMapping lifecycle mapping for MavenProject: com.example:E-Portal:0.0.1-SNAPSHOT @ C:\Users\y_ravi\E-Portal Java\E-Portal\pom.xml.
2025-03-31 16:00:01,935 [Worker-33: Building] INFO  o.a.m.s.f.DefaultMavenResourcesFiltering - Copying 0 resource from src\main\resources to target\classes
2025-03-31 16:00:01,935 [Worker-33: Building] INFO  o.a.m.s.f.DefaultMavenResourcesFiltering - Copying 0 resource from src\main\resources to target\classes
2025-03-31 16:00:01,939 [Worker-33: Building] INFO  o.a.m.s.f.DefaultMavenResourcesFiltering - skip non existing resourceDirectory C:\Users\y_ravi\E-Portal Java\E-Portal\src\test\resources
2025-03-31 16:00:02,390 [Worker-36: Building] INFO  o.a.m.s.f.DefaultMavenResourcesFiltering - Copying 1 resource from src\main\resources to target\classes
2025-03-31 16:00:02,401 [Worker-36: Building] INFO  o.a.m.s.f.DefaultMavenResourcesFiltering - Copying 0 resource from src\main\resources to target\classes
2025-03-31 16:00:02,404 [Worker-36: Building] INFO  o.a.m.s.f.DefaultMavenResourcesFiltering - skip non existing resourceDirectory C:\Users\y_ravi\E-Portal Java\E-Portal\src\test\resources
2025-03-31 16:02:41,766 [Worker-35: Building] INFO  o.a.m.s.f.DefaultMavenResourcesFiltering - Copying 1 resource from src\main\resources to target\classes
2025-03-31 16:02:41,771 [Worker-35: Building] INFO  o.a.m.s.f.DefaultMavenResourcesFiltering - Copying 0 resource from src\main\resources to target\classes
2025-03-31 16:02:41,774 [Worker-35: Building] INFO  o.a.m.s.f.DefaultMavenResourcesFiltering - skip non existing resourceDirectory C:\Users\y_ravi\E-Portal Java\E-Portal\src\test\resources
2025-03-31 16:03:57,112 [Worker-35: Building] INFO  o.a.m.s.f.DefaultMavenResourcesFiltering - Copying 1 resource from src\main\resources to target\classes
2025-03-31 16:03:57,120 [Worker-35: Building] INFO  o.a.m.s.f.DefaultMavenResourcesFiltering - Copying 0 resource from src\main\resources to target\classes
2025-03-31 16:03:57,124 [Worker-35: Building] INFO  o.a.m.s.f.DefaultMavenResourcesFiltering - skip non existing resourceDirectory C:\Users\y_ravi\E-Portal Java\E-Portal\src\test\resources
2025-03-31 16:06:27,286 [Worker-44: Building] INFO  o.e.m.c.i.l.LifecycleMappingFactory - Using org.eclipse.m2e.jdt.JarLifecycleMapping lifecycle mapping for MavenProject: com.example:E-Portal:0.0.1-SNAPSHOT @ C:\Users\y_ravi\E-Portal Java\E-Portal\pom.xml.
2025-03-31 16:06:27,856 [Worker-44: Building] INFO  o.a.m.s.f.DefaultMavenResourcesFiltering - Copying 0 resource from src\main\resources to target\classes
2025-03-31 16:06:27,857 [Worker-44: Building] INFO  o.a.m.s.f.DefaultMavenResourcesFiltering - Copying 0 resource from src\main\resources to target\classes
2025-03-31 16:06:27,860 [Worker-44: Building] INFO  o.a.m.s.f.DefaultMavenResourcesFiltering - skip non existing resourceDirectory C:\Users\y_ravi\E-Portal Java\E-Portal\src\test\resources
2025-03-31 16:06:28,355 [Worker-44: Building] INFO  o.a.m.s.f.DefaultMavenResourcesFiltering - Copying 1 resource from src\main\resources to target\classes
2025-03-31 16:06:28,374 [Worker-44: Building] INFO  o.a.m.s.f.DefaultMavenResourcesFiltering - Copying 0 resource from src\main\resources to target\classes
2025-03-31 16:06:28,378 [Worker-44: Building] INFO  o.a.m.s.f.DefaultMavenResourcesFiltering - skip non existing resourceDirectory C:\Users\y_ravi\E-Portal Java\E-Portal\src\test\resources
2025-03-31 16:07:35,505 [Worker-42: Building] INFO  o.a.m.s.f.DefaultMavenResourcesFiltering - Copying 1 resource from src\main\resources to target\classes
2025-03-31 16:07:35,509 [Worker-42: Building] INFO  o.a.m.s.f.DefaultMavenResourcesFiltering - Copying 0 resource from src\main\resources to target\classes
2025-03-31 16:07:35,511 [Worker-42: Building] INFO  o.a.m.s.f.DefaultMavenResourcesFiltering - skip non existing resourceDirectory C:\Users\y_ravi\E-Portal Java\E-Portal\src\test\resources
2025-03-31 17:22:24,985 [Worker-56: Building] INFO  o.a.m.s.f.DefaultMavenResourcesFiltering - Copying 1 resource from src\main\resources to target\classes
2025-03-31 17:22:25,008 [Worker-56: Building] INFO  o.a.m.s.f.DefaultMavenResourcesFiltering - Copying 0 resource from src\main\resources to target\classes
2025-03-31 17:22:25,010 [Worker-56: Building] INFO  o.a.m.s.f.DefaultMavenResourcesFiltering - skip non existing resourceDirectory C:\Users\y_ravi\E-Portal Java\E-Portal\src\test\resources
2025-03-31 17:23:47,857 [Worker-48: Building] INFO  o.a.m.s.f.DefaultMavenResourcesFiltering - Copying 1 resource from src\main\resources to target\classes
2025-03-31 17:23:47,866 [Worker-48: Building] INFO  o.a.m.s.f.DefaultMavenResourcesFiltering - Copying 0 resource from src\main\resources to target\classes
2025-03-31 17:23:47,870 [Worker-48: Building] INFO  o.a.m.s.f.DefaultMavenResourcesFiltering - skip non existing resourceDirectory C:\Users\y_ravi\E-Portal Java\E-Portal\src\test\resources
2025-03-31 17:23:58,601 [Worker-48: Building] INFO  o.a.m.s.f.DefaultMavenResourcesFiltering - Copying 1 resource from src\main\resources to target\classes
2025-03-31 17:23:58,619 [Worker-48: Building] INFO  o.a.m.s.f.DefaultMavenResourcesFiltering - Copying 0 resource from src\main\resources to target\classes
2025-03-31 17:23:58,622 [Worker-48: Building] INFO  o.a.m.s.f.DefaultMavenResourcesFiltering - skip non existing resourceDirectory C:\Users\y_ravi\E-Portal Java\E-Portal\src\test\resources
2025-03-31 17:32:50,164 [Worker-66: Building] INFO  o.e.m.c.i.l.LifecycleMappingFactory - Using org.eclipse.m2e.jdt.JarLifecycleMapping lifecycle mapping for MavenProject: com.example:E-Portal:0.0.1-SNAPSHOT @ C:\Users\y_ravi\E-Portal Java\E-Portal\pom.xml.
2025-03-31 17:32:50,200 [Worker-66: Building] INFO  o.e.m.c.i.e.AbstractTransferListenerAdapter - Downloading https://repo.maven.apache.org/maven2/org/springframework/boot/spring-boot-starter-web/3.4.4/spring-boot-starter-web-3.4.4.pom
2025-03-31 17:32:50,210 [Worker-66: Building] INFO  o.e.m.c.i.e.AbstractTransferListenerAdapter - Downloaded https://repo.maven.apache.org/maven2/org/springframework/boot/spring-boot-starter-web/3.4.4/spring-boot-starter-web-3.4.4.pom
2025-03-31 17:32:50,308 [Worker-66: Building] INFO  o.e.m.c.i.e.AbstractTransferListenerAdapter - Downloading https://repo.maven.apache.org/maven2/org/springframework/boot/spring-boot-starter-json/3.4.4/spring-boot-starter-json-3.4.4.pom
2025-03-31 17:32:50,315 [Worker-66: Building] INFO  o.e.m.c.i.e.AbstractTransferListenerAdapter - Downloaded https://repo.maven.apache.org/maven2/org/springframework/boot/spring-boot-starter-json/3.4.4/spring-boot-starter-json-3.4.4.pom
2025-03-31 17:32:50,329 [Worker-66: Building] INFO  o.e.m.c.i.e.AbstractTransferListenerAdapter - Downloading https://repo.maven.apache.org/maven2/org/springframework/spring-web/6.2.5/spring-web-6.2.5.pom
2025-03-31 17:32:50,334 [Worker-66: Building] INFO  o.e.m.c.i.e.AbstractTransferListenerAdapter - Downloaded https://repo.maven.apache.org/maven2/org/springframework/spring-web/6.2.5/spring-web-6.2.5.pom
2025-03-31 17:32:50,375 [Worker-66: Building] INFO  o.e.m.c.i.e.AbstractTransferListenerAdapter - Downloading https://repo.maven.apache.org/maven2/com/fasterxml/jackson/core/jackson-databind/2.18.3/jackson-databind-2.18.3.pom
2025-03-31 17:32:50,385 [Worker-66: Building] INFO  o.e.m.c.i.e.AbstractTransferListenerAdapter - Downloaded https://repo.maven.apache.org/maven2/com/fasterxml/jackson/core/jackson-databind/2.18.3/jackson-databind-2.18.3.pom
2025-03-31 17:32:50,405 [Worker-66: Building] INFO  o.e.m.c.i.e.AbstractTransferListenerAdapter - Downloading https://repo.maven.apache.org/maven2/com/fasterxml/jackson/jackson-base/2.18.3/jackson-base-2.18.3.pom
2025-03-31 17:32:50,412 [Worker-66: Building] INFO  o.e.m.c.i.e.AbstractTransferListenerAdapter - Downloaded https://repo.maven.apache.org/maven2/com/fasterxml/jackson/jackson-base/2.18.3/jackson-base-2.18.3.pom
2025-03-31 17:32:50,432 [Worker-66: Building] INFO  o.e.m.c.i.e.AbstractTransferListenerAdapter - Downloading https://repo.maven.apache.org/maven2/com/fasterxml/jackson/core/jackson-annotations/2.18.3/jackson-annotations-2.18.3.pom
2025-03-31 17:32:50,438 [Worker-66: Building] INFO  o.e.m.c.i.e.AbstractTransferListenerAdapter - Downloaded https://repo.maven.apache.org/maven2/com/fasterxml/jackson/core/jackson-annotations/2.18.3/jackson-annotations-2.18.3.pom
2025-03-31 17:32:50,449 [Worker-66: Building] INFO  o.e.m.c.i.e.AbstractTransferListenerAdapter - Downloading https://repo.maven.apache.org/maven2/com/fasterxml/jackson/core/jackson-core/2.18.3/jackson-core-2.18.3.pom
2025-03-31 17:32:50,454 [Worker-66: Building] INFO  o.e.m.c.i.e.AbstractTransferListenerAdapter - Downloaded https://repo.maven.apache.org/maven2/com/fasterxml/jackson/core/jackson-core/2.18.3/jackson-core-2.18.3.pom
2025-03-31 17:32:50,465 [Worker-66: Building] INFO  o.e.m.c.i.e.AbstractTransferListenerAdapter - Downloading https://repo.maven.apache.org/maven2/com/fasterxml/jackson/datatype/jackson-datatype-jdk8/2.18.3/jackson-datatype-jdk8-2.18.3.pom
2025-03-31 17:32:50,468 [Worker-66: Building] INFO  o.e.m.c.i.e.AbstractTransferListenerAdapter - Downloaded https://repo.maven.apache.org/maven2/com/fasterxml/jackson/datatype/jackson-datatype-jdk8/2.18.3/jackson-datatype-jdk8-2.18.3.pom
2025-03-31 17:32:50,480 [Worker-66: Building] INFO  o.e.m.c.i.e.AbstractTransferListenerAdapter - Downloading https://repo.maven.apache.org/maven2/com/fasterxml/jackson/module/jackson-modules-java8/2.18.3/jackson-modules-java8-2.18.3.pom
2025-03-31 17:32:50,486 [Worker-66: Building] INFO  o.e.m.c.i.e.AbstractTransferListenerAdapter - Downloaded https://repo.maven.apache.org/maven2/com/fasterxml/jackson/module/jackson-modules-java8/2.18.3/jackson-modules-java8-2.18.3.pom
2025-03-31 17:32:50,497 [Worker-66: Building] INFO  o.e.m.c.i.e.AbstractTransferListenerAdapter - Downloading https://repo.maven.apache.org/maven2/com/fasterxml/jackson/datatype/jackson-datatype-jsr310/2.18.3/jackson-datatype-jsr310-2.18.3.pom
2025-03-31 17:32:50,502 [Worker-66: Building] INFO  o.e.m.c.i.e.AbstractTransferListenerAdapter - Downloaded https://repo.maven.apache.org/maven2/com/fasterxml/jackson/datatype/jackson-datatype-jsr310/2.18.3/jackson-datatype-jsr310-2.18.3.pom
2025-03-31 17:32:50,515 [Worker-66: Building] INFO  o.e.m.c.i.e.AbstractTransferListenerAdapter - Downloading https://repo.maven.apache.org/maven2/com/fasterxml/jackson/module/jackson-module-parameter-names/2.18.3/jackson-module-parameter-names-2.18.3.pom
2025-03-31 17:32:50,520 [Worker-66: Building] INFO  o.e.m.c.i.e.AbstractTransferListenerAdapter - Downloaded https://repo.maven.apache.org/maven2/com/fasterxml/jackson/module/jackson-module-parameter-names/2.18.3/jackson-module-parameter-names-2.18.3.pom
2025-03-31 17:32:50,532 [Worker-66: Building] INFO  o.e.m.c.i.e.AbstractTransferListenerAdapter - Downloading https://repo.maven.apache.org/maven2/org/springframework/boot/spring-boot-starter-tomcat/3.4.4/spring-boot-starter-tomcat-3.4.4.pom
2025-03-31 17:32:50,537 [Worker-66: Building] INFO  o.e.m.c.i.e.AbstractTransferListenerAdapter - Downloaded https://repo.maven.apache.org/maven2/org/springframework/boot/spring-boot-starter-tomcat/3.4.4/spring-boot-starter-tomcat-3.4.4.pom
2025-03-31 17:32:50,548 [Worker-66: Building] INFO  o.e.m.c.i.e.AbstractTransferListenerAdapter - Downloading https://repo.maven.apache.org/maven2/org/apache/tomcat/embed/tomcat-embed-core/10.1.39/tomcat-embed-core-10.1.39.pom
2025-03-31 17:32:50,552 [Worker-66: Building] INFO  o.e.m.c.i.e.AbstractTransferListenerAdapter - Downloaded https://repo.maven.apache.org/maven2/org/apache/tomcat/embed/tomcat-embed-core/10.1.39/tomcat-embed-core-10.1.39.pom
2025-03-31 17:32:50,564 [Worker-66: Building] INFO  o.e.m.c.i.e.AbstractTransferListenerAdapter - Downloading https://repo.maven.apache.org/maven2/org/apache/tomcat/embed/tomcat-embed-el/10.1.39/tomcat-embed-el-10.1.39.pom
2025-03-31 17:32:50,568 [Worker-66: Building] INFO  o.e.m.c.i.e.AbstractTransferListenerAdapter - Downloaded https://repo.maven.apache.org/maven2/org/apache/tomcat/embed/tomcat-embed-el/10.1.39/tomcat-embed-el-10.1.39.pom
2025-03-31 17:32:50,577 [Worker-66: Building] INFO  o.e.m.c.i.e.AbstractTransferListenerAdapter - Downloading https://repo.maven.apache.org/maven2/org/apache/tomcat/embed/tomcat-embed-websocket/10.1.39/tomcat-embed-websocket-10.1.39.pom
2025-03-31 17:32:50,584 [Worker-66: Building] INFO  o.e.m.c.i.e.AbstractTransferListenerAdapter - Downloaded https://repo.maven.apache.org/maven2/org/apache/tomcat/embed/tomcat-embed-websocket/10.1.39/tomcat-embed-websocket-10.1.39.pom
2025-03-31 17:32:50,597 [Worker-66: Building] INFO  o.e.m.c.i.e.AbstractTransferListenerAdapter - Downloading https://repo.maven.apache.org/maven2/org/springframework/spring-webmvc/6.2.5/spring-webmvc-6.2.5.pom
2025-03-31 17:32:50,603 [Worker-66: Building] INFO  o.e.m.c.i.e.AbstractTransferListenerAdapter - Downloaded https://repo.maven.apache.org/maven2/org/springframework/spring-webmvc/6.2.5/spring-webmvc-6.2.5.pom
2025-03-31 17:32:50,871 [Worker-66: Building] INFO  o.e.m.c.i.e.AbstractTransferListenerAdapter - Downloading https://repo.maven.apache.org/maven2/org/springframework/boot/spring-boot-starter-web/3.4.4/spring-boot-starter-web-3.4.4.jar
2025-03-31 17:32:50,888 [Worker-66: Building] INFO  o.e.m.c.i.e.AbstractTransferListenerAdapter - Downloaded https://repo.maven.apache.org/maven2/org/springframework/boot/spring-boot-starter-web/3.4.4/spring-boot-starter-web-3.4.4.jar
2025-03-31 17:32:50,897 [BasicRepositoryConnector-repo.maven.apache.org-2-2] INFO  o.e.m.c.i.e.AbstractTransferListenerAdapter - Downloading https://repo.maven.apache.org/maven2/com/fasterxml/jackson/core/jackson-annotations/2.18.3/jackson-annotations-2.18.3.jar
2025-03-31 17:32:50,911 [BasicRepositoryConnector-repo.maven.apache.org-2-0] INFO  o.e.m.c.i.e.AbstractTransferListenerAdapter - Downloading https://repo.maven.apache.org/maven2/org/springframework/boot/spring-boot-starter-json/3.4.4/spring-boot-starter-json-3.4.4.jar
2025-03-31 17:32:50,911 [BasicRepositoryConnector-repo.maven.apache.org-2-4] INFO  o.e.m.c.i.e.AbstractTransferListenerAdapter - Downloading https://repo.maven.apache.org/maven2/com/fasterxml/jackson/datatype/jackson-datatype-jdk8/2.18.3/jackson-datatype-jdk8-2.18.3.jar
2025-03-31 17:32:50,916 [BasicRepositoryConnector-repo.maven.apache.org-2-3] INFO  o.e.m.c.i.e.AbstractTransferListenerAdapter - Downloading https://repo.maven.apache.org/maven2/com/fasterxml/jackson/core/jackson-core/2.18.3/jackson-core-2.18.3.jar
2025-03-31 17:32:50,921 [BasicRepositoryConnector-repo.maven.apache.org-2-1] INFO  o.e.m.c.i.e.AbstractTransferListenerAdapter - Downloading https://repo.maven.apache.org/maven2/com/fasterxml/jackson/core/jackson-databind/2.18.3/jackson-databind-2.18.3.jar
2025-03-31 17:32:50,923 [BasicRepositoryConnector-repo.maven.apache.org-2-0] INFO  o.e.m.c.i.e.AbstractTransferListenerAdapter - Downloaded https://repo.maven.apache.org/maven2/org/springframework/boot/spring-boot-starter-json/3.4.4/spring-boot-starter-json-3.4.4.jar
2025-03-31 17:32:50,934 [BasicRepositoryConnector-repo.maven.apache.org-2-4] INFO  o.e.m.c.i.e.AbstractTransferListenerAdapter - Downloaded https://repo.maven.apache.org/maven2/com/fasterxml/jackson/datatype/jackson-datatype-jdk8/2.18.3/jackson-datatype-jdk8-2.18.3.jar
2025-03-31 17:32:50,943 [BasicRepositoryConnector-repo.maven.apache.org-2-0] INFO  o.e.m.c.i.e.AbstractTransferListenerAdapter - Downloading https://repo.maven.apache.org/maven2/com/fasterxml/jackson/datatype/jackson-datatype-jsr310/2.18.3/jackson-datatype-jsr310-2.18.3.jar
2025-03-31 17:32:50,945 [BasicRepositoryConnector-repo.maven.apache.org-2-4] INFO  o.e.m.c.i.e.AbstractTransferListenerAdapter - Downloading https://repo.maven.apache.org/maven2/com/fasterxml/jackson/module/jackson-module-parameter-names/2.18.3/jackson-module-parameter-names-2.18.3.jar
2025-03-31 17:32:50,950 [BasicRepositoryConnector-repo.maven.apache.org-2-2] INFO  o.e.m.c.i.e.AbstractTransferListenerAdapter - Downloaded https://repo.maven.apache.org/maven2/com/fasterxml/jackson/core/jackson-annotations/2.18.3/jackson-annotations-2.18.3.jar
2025-03-31 17:32:50,956 [BasicRepositoryConnector-repo.maven.apache.org-2-2] INFO  o.e.m.c.i.e.AbstractTransferListenerAdapter - Downloading https://repo.maven.apache.org/maven2/org/springframework/boot/spring-boot-starter-tomcat/3.4.4/spring-boot-starter-tomcat-3.4.4.jar
2025-03-31 17:32:50,958 [BasicRepositoryConnector-repo.maven.apache.org-2-4] INFO  o.e.m.c.i.e.AbstractTransferListenerAdapter - Downloaded https://repo.maven.apache.org/maven2/com/fasterxml/jackson/module/jackson-module-parameter-names/2.18.3/jackson-module-parameter-names-2.18.3.jar
2025-03-31 17:32:50,971 [BasicRepositoryConnector-repo.maven.apache.org-2-2] INFO  o.e.m.c.i.e.AbstractTransferListenerAdapter - Downloaded https://repo.maven.apache.org/maven2/org/springframework/boot/spring-boot-starter-tomcat/3.4.4/spring-boot-starter-tomcat-3.4.4.jar
2025-03-31 17:32:50,982 [BasicRepositoryConnector-repo.maven.apache.org-2-4] INFO  o.e.m.c.i.e.AbstractTransferListenerAdapter - Downloading https://repo.maven.apache.org/maven2/org/apache/tomcat/embed/tomcat-embed-core/10.1.39/tomcat-embed-core-10.1.39.jar
2025-03-31 17:32:50,991 [BasicRepositoryConnector-repo.maven.apache.org-2-2] INFO  o.e.m.c.i.e.AbstractTransferListenerAdapter - Downloading https://repo.maven.apache.org/maven2/org/apache/tomcat/embed/tomcat-embed-el/10.1.39/tomcat-embed-el-10.1.39.jar
2025-03-31 17:32:50,995 [BasicRepositoryConnector-repo.maven.apache.org-2-0] INFO  o.e.m.c.i.e.AbstractTransferListenerAdapter - Downloaded https://repo.maven.apache.org/maven2/com/fasterxml/jackson/datatype/jackson-datatype-jsr310/2.18.3/jackson-datatype-jsr310-2.18.3.jar
2025-03-31 17:32:51,007 [BasicRepositoryConnector-repo.maven.apache.org-2-0] INFO  o.e.m.c.i.e.AbstractTransferListenerAdapter - Downloading https://repo.maven.apache.org/maven2/org/apache/tomcat/embed/tomcat-embed-websocket/10.1.39/tomcat-embed-websocket-10.1.39.jar
2025-03-31 17:32:51,019 [BasicRepositoryConnector-repo.maven.apache.org-2-3] INFO  o.e.m.c.i.e.AbstractTransferListenerAdapter - Downloaded https://repo.maven.apache.org/maven2/com/fasterxml/jackson/core/jackson-core/2.18.3/jackson-core-2.18.3.jar
2025-03-31 17:32:51,030 [BasicRepositoryConnector-repo.maven.apache.org-2-3] INFO  o.e.m.c.i.e.AbstractTransferListenerAdapter - Downloading https://repo.maven.apache.org/maven2/org/springframework/spring-web/6.2.5/spring-web-6.2.5.jar
2025-03-31 17:32:51,075 [BasicRepositoryConnector-repo.maven.apache.org-2-2] INFO  o.e.m.c.i.e.AbstractTransferListenerAdapter - Downloaded https://repo.maven.apache.org/maven2/org/apache/tomcat/embed/tomcat-embed-el/10.1.39/tomcat-embed-el-10.1.39.jar
2025-03-31 17:32:51,096 [BasicRepositoryConnector-repo.maven.apache.org-2-2] INFO  o.e.m.c.i.e.AbstractTransferListenerAdapter - Downloading https://repo.maven.apache.org/maven2/org/springframework/spring-webmvc/6.2.5/spring-webmvc-6.2.5.jar
2025-03-31 17:32:51,110 [BasicRepositoryConnector-repo.maven.apache.org-2-0] INFO  o.e.m.c.i.e.AbstractTransferListenerAdapter - Downloaded https://repo.maven.apache.org/maven2/org/apache/tomcat/embed/tomcat-embed-websocket/10.1.39/tomcat-embed-websocket-10.1.39.jar
2025-03-31 17:32:51,147 [BasicRepositoryConnector-repo.maven.apache.org-2-1] INFO  o.e.m.c.i.e.AbstractTransferListenerAdapter - Downloaded https://repo.maven.apache.org/maven2/com/fasterxml/jackson/core/jackson-databind/2.18.3/jackson-databind-2.18.3.jar
2025-03-31 17:32:51,189 [BasicRepositoryConnector-repo.maven.apache.org-2-2] INFO  o.e.m.c.i.e.AbstractTransferListenerAdapter - Downloaded https://repo.maven.apache.org/maven2/org/springframework/spring-webmvc/6.2.5/spring-webmvc-6.2.5.jar
2025-03-31 17:32:51,228 [BasicRepositoryConnector-repo.maven.apache.org-2-3] INFO  o.e.m.c.i.e.AbstractTransferListenerAdapter - Downloaded https://repo.maven.apache.org/maven2/org/springframework/spring-web/6.2.5/spring-web-6.2.5.jar
2025-03-31 17:32:51,402 [BasicRepositoryConnector-repo.maven.apache.org-2-4] INFO  o.e.m.c.i.e.AbstractTransferListenerAdapter - Downloaded https://repo.maven.apache.org/maven2/org/apache/tomcat/embed/tomcat-embed-core/10.1.39/tomcat-embed-core-10.1.39.jar
2025-03-31 17:32:51,838 [Worker-66: Building] INFO  o.a.m.s.f.DefaultMavenResourcesFiltering - Copying 0 resource from src\main\resources to target\classes
2025-03-31 17:32:51,838 [Worker-66: Building] INFO  o.a.m.s.f.DefaultMavenResourcesFiltering - Copying 0 resource from src\main\resources to target\classes
2025-03-31 17:32:51,841 [Worker-66: Building] INFO  o.a.m.s.f.DefaultMavenResourcesFiltering - skip non existing resourceDirectory C:\Users\y_ravi\E-Portal Java\E-Portal\src\test\resources
2025-03-31 17:32:52,652 [Worker-69: Download sources and javadoc] INFO  o.e.m.c.i.e.AbstractTransferListenerAdapter - Downloading https://repo.maven.apache.org/maven2/org/springframework/boot/spring-boot-starter-web/3.4.4/spring-boot-starter-web-3.4.4-sources.jar
2025-03-31 17:32:52,668 [Worker-69: Download sources and javadoc] INFO  o.e.m.c.i.e.AbstractTransferListenerAdapter - Downloaded https://repo.maven.apache.org/maven2/org/springframework/boot/spring-boot-starter-web/3.4.4/spring-boot-starter-web-3.4.4-sources.jar
2025-03-31 17:32:52,674 [Worker-69: Download sources and javadoc] INFO  o.e.m.j.internal.DownloadSourcesJob - Downloaded sources for org.springframework.boot:spring-boot-starter-web:3.4.4
2025-03-31 17:32:52,700 [Worker-69: Download sources and javadoc] INFO  o.e.m.c.i.e.AbstractTransferListenerAdapter - Downloading https://repo.maven.apache.org/maven2/org/springframework/boot/spring-boot-starter-json/3.4.4/spring-boot-starter-json-3.4.4-sources.jar
2025-03-31 17:32:52,710 [Worker-69: Download sources and javadoc] INFO  o.e.m.c.i.e.AbstractTransferListenerAdapter - Downloaded https://repo.maven.apache.org/maven2/org/springframework/boot/spring-boot-starter-json/3.4.4/spring-boot-starter-json-3.4.4-sources.jar
2025-03-31 17:32:52,717 [Worker-69: Download sources and javadoc] INFO  o.e.m.j.internal.DownloadSourcesJob - Downloaded sources for org.springframework.boot:spring-boot-starter-json:3.4.4
2025-03-31 17:32:52,753 [Worker-69: Download sources and javadoc] INFO  o.e.m.c.i.e.AbstractTransferListenerAdapter - Downloading https://repo.maven.apache.org/maven2/com/fasterxml/jackson/core/jackson-databind/2.18.3/jackson-databind-2.18.3-sources.jar
2025-03-31 17:32:52,877 [Worker-69: Download sources and javadoc] INFO  o.e.m.c.i.e.AbstractTransferListenerAdapter - Downloaded https://repo.maven.apache.org/maven2/com/fasterxml/jackson/core/jackson-databind/2.18.3/jackson-databind-2.18.3-sources.jar
2025-03-31 17:32:52,883 [Worker-69: Download sources and javadoc] INFO  o.e.m.j.internal.DownloadSourcesJob - Downloaded sources for com.fasterxml.jackson.core:jackson-databind:2.18.3
2025-03-31 17:32:52,934 [Worker-69: Download sources and javadoc] INFO  o.e.m.c.i.e.AbstractTransferListenerAdapter - Downloading https://repo.maven.apache.org/maven2/com/fasterxml/jackson/core/jackson-annotations/2.18.3/jackson-annotations-2.18.3-sources.jar
2025-03-31 17:32:52,960 [Worker-69: Download sources and javadoc] INFO  o.e.m.c.i.e.AbstractTransferListenerAdapter - Downloaded https://repo.maven.apache.org/maven2/com/fasterxml/jackson/core/jackson-annotations/2.18.3/jackson-annotations-2.18.3-sources.jar
2025-03-31 17:32:52,967 [Worker-69: Download sources and javadoc] INFO  o.e.m.j.internal.DownloadSourcesJob - Downloaded sources for com.fasterxml.jackson.core:jackson-annotations:2.18.3
2025-03-31 17:32:52,991 [Worker-69: Download sources and javadoc] INFO  o.e.m.c.i.e.AbstractTransferListenerAdapter - Downloading https://repo.maven.apache.org/maven2/com/fasterxml/jackson/core/jackson-core/2.18.3/jackson-core-2.18.3-sources.jar
2025-03-31 17:32:53,207 [Worker-69: Download sources and javadoc] INFO  o.e.m.c.i.e.AbstractTransferListenerAdapter - Downloaded https://repo.maven.apache.org/maven2/com/fasterxml/jackson/core/jackson-core/2.18.3/jackson-core-2.18.3-sources.jar
2025-03-31 17:32:53,213 [Worker-69: Download sources and javadoc] INFO  o.e.m.j.internal.DownloadSourcesJob - Downloaded sources for com.fasterxml.jackson.core:jackson-core:2.18.3
2025-03-31 17:32:53,246 [Worker-68: Building] INFO  o.a.m.s.f.DefaultMavenResourcesFiltering - Copying 1 resource from src\main\resources to target\classes
2025-03-31 17:32:53,253 [Worker-69: Download sources and javadoc] INFO  o.e.m.c.i.e.AbstractTransferListenerAdapter - Downloading https://repo.maven.apache.org/maven2/com/fasterxml/jackson/datatype/jackson-datatype-jdk8/2.18.3/jackson-datatype-jdk8-2.18.3-sources.jar
2025-03-31 17:32:53,267 [Worker-68: Building] INFO  o.a.m.s.f.DefaultMavenResourcesFiltering - Copying 0 resource from src\main\resources to target\classes
2025-03-31 17:32:53,271 [Worker-68: Building] INFO  o.a.m.s.f.DefaultMavenResourcesFiltering - skip non existing resourceDirectory C:\Users\y_ravi\E-Portal Java\E-Portal\src\test\resources
2025-03-31 17:32:53,344 [Worker-69: Download sources and javadoc] INFO  o.e.m.c.i.e.AbstractTransferListenerAdapter - Downloaded https://repo.maven.apache.org/maven2/com/fasterxml/jackson/datatype/jackson-datatype-jdk8/2.18.3/jackson-datatype-jdk8-2.18.3-sources.jar
2025-03-31 17:32:53,352 [Worker-69: Download sources and javadoc] INFO  o.e.m.j.internal.DownloadSourcesJob - Downloaded sources for com.fasterxml.jackson.datatype:jackson-datatype-jdk8:2.18.3
2025-03-31 17:32:53,386 [Worker-69: Download sources and javadoc] INFO  o.e.m.c.i.e.AbstractTransferListenerAdapter - Downloading https://repo.maven.apache.org/maven2/com/fasterxml/jackson/datatype/jackson-datatype-jsr310/2.18.3/jackson-datatype-jsr310-2.18.3-sources.jar
2025-03-31 17:32:53,424 [Worker-69: Download sources and javadoc] INFO  o.e.m.c.i.e.AbstractTransferListenerAdapter - Downloaded https://repo.maven.apache.org/maven2/com/fasterxml/jackson/datatype/jackson-datatype-jsr310/2.18.3/jackson-datatype-jsr310-2.18.3-sources.jar
2025-03-31 17:32:53,435 [Worker-69: Download sources and javadoc] INFO  o.e.m.j.internal.DownloadSourcesJob - Downloaded sources for com.fasterxml.jackson.datatype:jackson-datatype-jsr310:2.18.3
2025-03-31 17:32:53,467 [Worker-69: Download sources and javadoc] INFO  o.e.m.c.i.e.AbstractTransferListenerAdapter - Downloading https://repo.maven.apache.org/maven2/com/fasterxml/jackson/module/jackson-module-parameter-names/2.18.3/jackson-module-parameter-names-2.18.3-sources.jar
2025-03-31 17:32:53,474 [Worker-69: Download sources and javadoc] INFO  o.e.m.c.i.e.AbstractTransferListenerAdapter - Downloaded https://repo.maven.apache.org/maven2/com/fasterxml/jackson/module/jackson-module-parameter-names/2.18.3/jackson-module-parameter-names-2.18.3-sources.jar
2025-03-31 17:32:53,481 [Worker-69: Download sources and javadoc] INFO  o.e.m.j.internal.DownloadSourcesJob - Downloaded sources for com.fasterxml.jackson.module:jackson-module-parameter-names:2.18.3
2025-03-31 17:32:53,506 [Worker-69: Download sources and javadoc] INFO  o.e.m.c.i.e.AbstractTransferListenerAdapter - Downloading https://repo.maven.apache.org/maven2/org/springframework/boot/spring-boot-starter-tomcat/3.4.4/spring-boot-starter-tomcat-3.4.4-sources.jar
2025-03-31 17:32:53,518 [Worker-69: Download sources and javadoc] INFO  o.e.m.c.i.e.AbstractTransferListenerAdapter - Downloaded https://repo.maven.apache.org/maven2/org/springframework/boot/spring-boot-starter-tomcat/3.4.4/spring-boot-starter-tomcat-3.4.4-sources.jar
2025-03-31 17:32:53,525 [Worker-69: Download sources and javadoc] INFO  o.e.m.j.internal.DownloadSourcesJob - Downloaded sources for org.springframework.boot:spring-boot-starter-tomcat:3.4.4
2025-03-31 17:32:53,556 [Worker-69: Download sources and javadoc] INFO  o.e.m.c.i.e.AbstractTransferListenerAdapter - Downloading https://repo.maven.apache.org/maven2/org/apache/tomcat/embed/tomcat-embed-core/10.1.39/tomcat-embed-core-10.1.39-sources.jar
2025-03-31 17:32:53,771 [Worker-69: Download sources and javadoc] INFO  o.e.m.c.i.e.AbstractTransferListenerAdapter - Downloaded https://repo.maven.apache.org/maven2/org/apache/tomcat/embed/tomcat-embed-core/10.1.39/tomcat-embed-core-10.1.39-sources.jar
2025-03-31 17:32:53,782 [Worker-69: Download sources and javadoc] INFO  o.e.m.j.internal.DownloadSourcesJob - Downloaded sources for org.apache.tomcat.embed:tomcat-embed-core:10.1.39
2025-03-31 17:32:53,808 [Worker-69: Download sources and javadoc] INFO  o.e.m.c.i.e.AbstractTransferListenerAdapter - Downloading https://repo.maven.apache.org/maven2/org/apache/tomcat/embed/tomcat-embed-el/10.1.39/tomcat-embed-el-10.1.39-sources.jar
2025-03-31 17:32:53,839 [Worker-69: Download sources and javadoc] INFO  o.e.m.c.i.e.AbstractTransferListenerAdapter - Downloaded https://repo.maven.apache.org/maven2/org/apache/tomcat/embed/tomcat-embed-el/10.1.39/tomcat-embed-el-10.1.39-sources.jar
2025-03-31 17:32:53,845 [Worker-69: Download sources and javadoc] INFO  o.e.m.j.internal.DownloadSourcesJob - Downloaded sources for org.apache.tomcat.embed:tomcat-embed-el:10.1.39
2025-03-31 17:32:53,881 [Worker-69: Download sources and javadoc] INFO  o.e.m.c.i.e.AbstractTransferListenerAdapter - Downloading https://repo.maven.apache.org/maven2/org/apache/tomcat/embed/tomcat-embed-websocket/10.1.39/tomcat-embed-websocket-10.1.39-sources.jar
2025-03-31 17:32:53,928 [Worker-69: Download sources and javadoc] INFO  o.e.m.c.i.e.AbstractTransferListenerAdapter - Downloaded https://repo.maven.apache.org/maven2/org/apache/tomcat/embed/tomcat-embed-websocket/10.1.39/tomcat-embed-websocket-10.1.39-sources.jar
2025-03-31 17:32:53,935 [Worker-69: Download sources and javadoc] INFO  o.e.m.j.internal.DownloadSourcesJob - Downloaded sources for org.apache.tomcat.embed:tomcat-embed-websocket:10.1.39
2025-03-31 17:32:53,959 [Worker-69: Download sources and javadoc] INFO  o.e.m.c.i.e.AbstractTransferListenerAdapter - Downloading https://repo.maven.apache.org/maven2/org/springframework/spring-web/6.2.5/spring-web-6.2.5-sources.jar
2025-03-31 17:32:54,046 [Worker-69: Download sources and javadoc] INFO  o.e.m.c.i.e.AbstractTransferListenerAdapter - Downloaded https://repo.maven.apache.org/maven2/org/springframework/spring-web/6.2.5/spring-web-6.2.5-sources.jar
2025-03-31 17:32:54,053 [Worker-69: Download sources and javadoc] INFO  o.e.m.j.internal.DownloadSourcesJob - Downloaded sources for org.springframework:spring-web:6.2.5
2025-03-31 17:32:54,073 [Worker-69: Download sources and javadoc] INFO  o.e.m.c.i.e.AbstractTransferListenerAdapter - Downloading https://repo.maven.apache.org/maven2/org/springframework/spring-webmvc/6.2.5/spring-webmvc-6.2.5-sources.jar
2025-03-31 17:32:54,160 [Worker-69: Download sources and javadoc] INFO  o.e.m.c.i.e.AbstractTransferListenerAdapter - Downloaded https://repo.maven.apache.org/maven2/org/springframework/spring-webmvc/6.2.5/spring-webmvc-6.2.5-sources.jar
2025-03-31 17:32:54,165 [Worker-69: Download sources and javadoc] INFO  o.e.m.j.internal.DownloadSourcesJob - Downloaded sources for org.springframework:spring-webmvc:6.2.5
2025-03-31 18:00:13,789 [Worker-70: Building] INFO  o.a.m.s.f.DefaultMavenResourcesFiltering - Copying 1 resource from src\main\resources to target\classes
2025-03-31 18:00:13,795 [Worker-70: Building] INFO  o.a.m.s.f.DefaultMavenResourcesFiltering - Copying 0 resource from src\main\resources to target\classes
2025-03-31 18:00:13,798 [Worker-70: Building] INFO  o.a.m.s.f.DefaultMavenResourcesFiltering - skip non existing resourceDirectory C:\Users\y_ravi\E-Portal Java\E-Portal\src\test\resources
2025-04-01 11:07:06,603 [Worker-1: Loading available Gradle versions] INFO  o.e.b.c.i.u.g.PublishedGradleVersions - Gradle version information cache is up-to-date. Trying to read.
2025-04-01 11:33:44,989 [Worker-4: Building] INFO  o.a.m.s.f.DefaultMavenResourcesFiltering - Copying 1 resource from src\main\resources to target\classes
2025-04-01 11:33:45,013 [Worker-4: Building] INFO  o.a.m.s.f.DefaultMavenResourcesFiltering - Copying 0 resource from src\main\resources to target\classes
2025-04-01 11:33:45,022 [Worker-4: Building] INFO  o.a.m.s.f.DefaultMavenResourcesFiltering - skip non existing resourceDirectory C:\Users\y_ravi\E-Portal Java\E-Portal\src\test\resources
2025-04-01 11:34:00,772 [Worker-4: Building] INFO  o.a.m.s.f.DefaultMavenResourcesFiltering - Copying 1 resource from src\main\resources to target\classes
2025-04-01 11:34:00,779 [Worker-4: Building] INFO  o.a.m.s.f.DefaultMavenResourcesFiltering - Copying 0 resource from src\main\resources to target\classes
2025-04-01 11:34:00,784 [Worker-4: Building] INFO  o.a.m.s.f.DefaultMavenResourcesFiltering - skip non existing resourceDirectory C:\Users\y_ravi\E-Portal Java\E-Portal\src\test\resources
2025-04-01 11:35:32,394 [Worker-0: Building] INFO  o.a.m.s.f.DefaultMavenResourcesFiltering - Copying 1 resource from src\main\resources to target\classes
2025-04-01 11:35:32,413 [Worker-0: Building] INFO  o.a.m.s.f.DefaultMavenResourcesFiltering - Copying 0 resource from src\main\resources to target\classes
2025-04-01 11:35:32,419 [Worker-0: Building] INFO  o.a.m.s.f.DefaultMavenResourcesFiltering - skip non existing resourceDirectory C:\Users\y_ravi\E-Portal Java\E-Portal\src\test\resources
2025-04-01 11:42:18,896 [Worker-24: Building] INFO  o.a.m.s.f.DefaultMavenResourcesFiltering - Copying 1 resource from src\main\resources to target\classes
2025-04-01 11:42:18,903 [Worker-24: Building] INFO  o.a.m.s.f.DefaultMavenResourcesFiltering - Copying 0 resource from src\main\resources to target\classes
2025-04-01 11:42:18,907 [Worker-24: Building] INFO  o.a.m.s.f.DefaultMavenResourcesFiltering - skip non existing resourceDirectory C:\Users\y_ravi\E-Portal Java\E-Portal\src\test\resources
2025-04-01 11:52:56,166 [Worker-17: Building] INFO  o.e.m.c.i.l.LifecycleMappingFactory - Using org.eclipse.m2e.jdt.JarLifecycleMapping lifecycle mapping for MavenProject: com.example:E-Portal:0.0.1-SNAPSHOT @ C:\Users\y_ravi\E-Portal Java\E-Portal\pom.xml.
2025-04-01 11:52:56,670 [Worker-17: Building] INFO  o.e.m.c.i.e.AbstractTransferListenerAdapter - Downloading https://repo.maven.apache.org/maven2/io/minio/minio/8.5.10/minio-8.5.10.pom
2025-04-01 11:52:56,689 [Worker-17: Building] INFO  o.e.m.c.i.e.AbstractTransferListenerAdapter - Downloaded https://repo.maven.apache.org/maven2/io/minio/minio/8.5.10/minio-8.5.10.pom
2025-04-01 11:52:56,708 [Worker-17: Building] INFO  o.e.m.c.i.e.AbstractTransferListenerAdapter - Downloading https://repo.maven.apache.org/maven2/com/carrotsearch/thirdparty/simple-xml-safe/2.7.1/simple-xml-safe-2.7.1.pom
2025-04-01 11:52:56,715 [Worker-17: Building] INFO  o.e.m.c.i.e.AbstractTransferListenerAdapter - Downloaded https://repo.maven.apache.org/maven2/com/carrotsearch/thirdparty/simple-xml-safe/2.7.1/simple-xml-safe-2.7.1.pom
2025-04-01 11:52:56,729 [Worker-17: Building] INFO  o.e.m.c.i.e.AbstractTransferListenerAdapter - Downloading https://repo.maven.apache.org/maven2/com/google/guava/guava/33.0.0-jre/guava-33.0.0-jre.pom
2025-04-01 11:52:56,740 [Worker-17: Building] INFO  o.e.m.c.i.e.AbstractTransferListenerAdapter - Downloaded https://repo.maven.apache.org/maven2/com/google/guava/guava/33.0.0-jre/guava-33.0.0-jre.pom
2025-04-01 11:52:56,755 [Worker-17: Building] INFO  o.e.m.c.i.e.AbstractTransferListenerAdapter - Downloading https://repo.maven.apache.org/maven2/com/google/guava/guava-parent/33.0.0-jre/guava-parent-33.0.0-jre.pom
2025-04-01 11:52:56,764 [Worker-17: Building] INFO  o.e.m.c.i.e.AbstractTransferListenerAdapter - Downloaded https://repo.maven.apache.org/maven2/com/google/guava/guava-parent/33.0.0-jre/guava-parent-33.0.0-jre.pom
2025-04-01 11:52:56,778 [Worker-17: Building] INFO  o.e.m.c.i.e.AbstractTransferListenerAdapter - Downloading https://repo.maven.apache.org/maven2/com/google/guava/failureaccess/1.0.2/failureaccess-1.0.2.pom
2025-04-01 11:52:56,785 [Worker-17: Building] INFO  o.e.m.c.i.e.AbstractTransferListenerAdapter - Downloaded https://repo.maven.apache.org/maven2/com/google/guava/failureaccess/1.0.2/failureaccess-1.0.2.pom
2025-04-01 11:52:56,819 [Worker-17: Building] INFO  o.e.m.c.i.e.AbstractTransferListenerAdapter - Downloading https://repo.maven.apache.org/maven2/org/checkerframework/checker-qual/3.41.0/checker-qual-3.41.0.pom
2025-04-01 11:52:56,824 [Worker-17: Building] INFO  o.e.m.c.i.e.AbstractTransferListenerAdapter - Downloaded https://repo.maven.apache.org/maven2/org/checkerframework/checker-qual/3.41.0/checker-qual-3.41.0.pom
2025-04-01 11:52:56,841 [Worker-17: Building] INFO  o.e.m.c.i.e.AbstractTransferListenerAdapter - Downloading https://repo.maven.apache.org/maven2/com/google/errorprone/error_prone_annotations/2.23.0/error_prone_annotations-2.23.0.pom
2025-04-01 11:52:56,847 [Worker-17: Building] INFO  o.e.m.c.i.e.AbstractTransferListenerAdapter - Downloaded https://repo.maven.apache.org/maven2/com/google/errorprone/error_prone_annotations/2.23.0/error_prone_annotations-2.23.0.pom
2025-04-01 11:52:56,864 [Worker-17: Building] INFO  o.e.m.c.i.e.AbstractTransferListenerAdapter - Downloading https://repo.maven.apache.org/maven2/com/google/errorprone/error_prone_parent/2.23.0/error_prone_parent-2.23.0.pom
2025-04-01 11:52:56,875 [Worker-17: Building] INFO  o.e.m.c.i.e.AbstractTransferListenerAdapter - Downloaded https://repo.maven.apache.org/maven2/com/google/errorprone/error_prone_parent/2.23.0/error_prone_parent-2.23.0.pom
2025-04-01 11:52:56,898 [Worker-17: Building] INFO  o.e.m.c.i.e.AbstractTransferListenerAdapter - Downloading https://repo.maven.apache.org/maven2/com/google/j2objc/j2objc-annotations/2.8/j2objc-annotations-2.8.pom
2025-04-01 11:52:56,905 [Worker-17: Building] INFO  o.e.m.c.i.e.AbstractTransferListenerAdapter - Downloaded https://repo.maven.apache.org/maven2/com/google/j2objc/j2objc-annotations/2.8/j2objc-annotations-2.8.pom
2025-04-01 11:52:56,923 [Worker-17: Building] INFO  o.e.m.c.i.e.AbstractTransferListenerAdapter - Downloading https://repo.maven.apache.org/maven2/com/squareup/okhttp3/okhttp/4.12.0/okhttp-4.12.0.pom
2025-04-01 11:52:56,929 [Worker-17: Building] INFO  o.e.m.c.i.e.AbstractTransferListenerAdapter - Downloaded https://repo.maven.apache.org/maven2/com/squareup/okhttp3/okhttp/4.12.0/okhttp-4.12.0.pom
2025-04-01 11:52:56,955 [Worker-17: Building] INFO  o.e.m.c.i.e.AbstractTransferListenerAdapter - Downloading https://repo.maven.apache.org/maven2/com/squareup/okio/okio/3.6.0/okio-3.6.0.pom
2025-04-01 11:52:56,962 [Worker-17: Building] INFO  o.e.m.c.i.e.AbstractTransferListenerAdapter - Downloaded https://repo.maven.apache.org/maven2/com/squareup/okio/okio/3.6.0/okio-3.6.0.pom
2025-04-01 11:52:56,973 [Worker-17: Building] INFO  o.e.m.c.i.e.AbstractTransferListenerAdapter - Downloading https://repo.maven.apache.org/maven2/com/squareup/okio/okio-jvm/3.6.0/okio-jvm-3.6.0.pom
2025-04-01 11:52:56,979 [Worker-17: Building] INFO  o.e.m.c.i.e.AbstractTransferListenerAdapter - Downloaded https://repo.maven.apache.org/maven2/com/squareup/okio/okio-jvm/3.6.0/okio-jvm-3.6.0.pom
2025-04-01 11:52:56,993 [Worker-17: Building] INFO  o.e.m.c.i.e.AbstractTransferListenerAdapter - Downloading https://repo.maven.apache.org/maven2/org/jetbrains/kotlin/kotlin-stdlib-jdk8/1.9.25/kotlin-stdlib-jdk8-1.9.25.pom
2025-04-01 11:52:57,000 [Worker-17: Building] INFO  o.e.m.c.i.e.AbstractTransferListenerAdapter - Downloaded https://repo.maven.apache.org/maven2/org/jetbrains/kotlin/kotlin-stdlib-jdk8/1.9.25/kotlin-stdlib-jdk8-1.9.25.pom
2025-04-01 11:52:57,010 [Worker-17: Building] INFO  o.e.m.c.i.e.AbstractTransferListenerAdapter - Downloading https://repo.maven.apache.org/maven2/org/jetbrains/kotlin/kotlin-stdlib/1.9.25/kotlin-stdlib-1.9.25.pom
2025-04-01 11:52:57,015 [Worker-17: Building] INFO  o.e.m.c.i.e.AbstractTransferListenerAdapter - Downloaded https://repo.maven.apache.org/maven2/org/jetbrains/kotlin/kotlin-stdlib/1.9.25/kotlin-stdlib-1.9.25.pom
2025-04-01 11:52:57,029 [Worker-17: Building] INFO  o.e.m.c.i.e.AbstractTransferListenerAdapter - Downloading https://repo.maven.apache.org/maven2/org/jetbrains/kotlin/kotlin-stdlib-jdk7/1.9.25/kotlin-stdlib-jdk7-1.9.25.pom
2025-04-01 11:52:57,035 [Worker-17: Building] INFO  o.e.m.c.i.e.AbstractTransferListenerAdapter - Downloaded https://repo.maven.apache.org/maven2/org/jetbrains/kotlin/kotlin-stdlib-jdk7/1.9.25/kotlin-stdlib-jdk7-1.9.25.pom
2025-04-01 11:52:57,047 [Worker-17: Building] INFO  o.e.m.c.i.e.AbstractTransferListenerAdapter - Downloading https://repo.maven.apache.org/maven2/org/jetbrains/kotlin/kotlin-stdlib-common/1.9.25/kotlin-stdlib-common-1.9.25.pom
2025-04-01 11:52:57,053 [Worker-17: Building] INFO  o.e.m.c.i.e.AbstractTransferListenerAdapter - Downloaded https://repo.maven.apache.org/maven2/org/jetbrains/kotlin/kotlin-stdlib-common/1.9.25/kotlin-stdlib-common-1.9.25.pom
2025-04-01 11:52:57,065 [Worker-17: Building] INFO  o.e.m.c.i.e.AbstractTransferListenerAdapter - Downloading https://repo.maven.apache.org/maven2/org/bouncycastle/bcprov-jdk18on/1.78/bcprov-jdk18on-1.78.pom
2025-04-01 11:52:57,070 [Worker-17: Building] INFO  o.e.m.c.i.e.AbstractTransferListenerAdapter - Downloaded https://repo.maven.apache.org/maven2/org/bouncycastle/bcprov-jdk18on/1.78/bcprov-jdk18on-1.78.pom
2025-04-01 11:52:57,095 [Worker-17: Building] INFO  o.e.m.c.i.e.AbstractTransferListenerAdapter - Downloading https://repo.maven.apache.org/maven2/org/apache/commons/commons-compress/1.26.0/commons-compress-1.26.0.pom
2025-04-01 11:52:57,102 [Worker-17: Building] INFO  o.e.m.c.i.e.AbstractTransferListenerAdapter - Downloaded https://repo.maven.apache.org/maven2/org/apache/commons/commons-compress/1.26.0/commons-compress-1.26.0.pom
2025-04-01 11:52:57,125 [Worker-17: Building] INFO  o.e.m.c.i.e.AbstractTransferListenerAdapter - Downloading https://repo.maven.apache.org/maven2/org/apache/commons/commons-lang3/3.17.0/commons-lang3-3.17.0.pom
2025-04-01 11:52:57,130 [Worker-17: Building] INFO  o.e.m.c.i.e.AbstractTransferListenerAdapter - Downloaded https://repo.maven.apache.org/maven2/org/apache/commons/commons-lang3/3.17.0/commons-lang3-3.17.0.pom
2025-04-01 11:52:57,156 [Worker-17: Building] INFO  o.e.m.c.i.e.AbstractTransferListenerAdapter - Downloading https://repo.maven.apache.org/maven2/org/apache/commons/commons-parent/73/commons-parent-73.pom
2025-04-01 11:52:57,189 [Worker-17: Building] INFO  o.e.m.c.i.e.AbstractTransferListenerAdapter - Downloaded https://repo.maven.apache.org/maven2/org/apache/commons/commons-parent/73/commons-parent-73.pom
2025-04-01 11:52:57,202 [Worker-17: Building] INFO  o.e.m.c.i.e.AbstractTransferListenerAdapter - Downloading https://repo.maven.apache.org/maven2/commons-codec/commons-codec/1.17.2/commons-codec-1.17.2.pom
2025-04-01 11:52:57,207 [Worker-17: Building] INFO  o.e.m.c.i.e.AbstractTransferListenerAdapter - Downloaded https://repo.maven.apache.org/maven2/commons-codec/commons-codec/1.17.2/commons-codec-1.17.2.pom
2025-04-01 11:52:57,217 [Worker-17: Building] INFO  o.e.m.c.i.e.AbstractTransferListenerAdapter - Downloading https://repo.maven.apache.org/maven2/org/apache/commons/commons-parent/78/commons-parent-78.pom
2025-04-01 11:52:57,224 [Worker-17: Building] INFO  o.e.m.c.i.e.AbstractTransferListenerAdapter - Downloaded https://repo.maven.apache.org/maven2/org/apache/commons/commons-parent/78/commons-parent-78.pom
2025-04-01 11:52:57,250 [Worker-17: Building] INFO  o.e.m.c.i.e.AbstractTransferListenerAdapter - Downloading https://repo.maven.apache.org/maven2/org/junit/junit-bom/5.11.2/junit-bom-5.11.2.pom
2025-04-01 11:52:57,255 [Worker-17: Building] INFO  o.e.m.c.i.e.AbstractTransferListenerAdapter - Downloaded https://repo.maven.apache.org/maven2/org/junit/junit-bom/5.11.2/junit-bom-5.11.2.pom
2025-04-01 11:52:57,269 [Worker-17: Building] INFO  o.e.m.c.i.e.AbstractTransferListenerAdapter - Downloading https://repo.maven.apache.org/maven2/org/xerial/snappy/snappy-java/1.1.10.5/snappy-java-1.1.10.5.pom
2025-04-01 11:52:57,274 [Worker-17: Building] INFO  o.e.m.c.i.e.AbstractTransferListenerAdapter - Downloaded https://repo.maven.apache.org/maven2/org/xerial/snappy/snappy-java/1.1.10.5/snappy-java-1.1.10.5.pom
2025-04-01 11:52:57,389 [Worker-17: Building] INFO  o.e.m.c.i.e.AbstractTransferListenerAdapter - Downloading https://repo.maven.apache.org/maven2/io/minio/minio/8.5.10/minio-8.5.10.jar
2025-04-01 11:52:57,436 [Worker-17: Building] INFO  o.e.m.c.i.e.AbstractTransferListenerAdapter - Downloaded https://repo.maven.apache.org/maven2/io/minio/minio/8.5.10/minio-8.5.10.jar
2025-04-01 11:52:57,445 [BasicRepositoryConnector-repo.maven.apache.org-0-3] INFO  o.e.m.c.i.e.AbstractTransferListenerAdapter - Downloading https://repo.maven.apache.org/maven2/org/checkerframework/checker-qual/3.41.0/checker-qual-3.41.0.jar
2025-04-01 11:52:57,468 [BasicRepositoryConnector-repo.maven.apache.org-0-3] INFO  o.e.m.c.i.e.AbstractTransferListenerAdapter - Downloaded https://repo.maven.apache.org/maven2/org/checkerframework/checker-qual/3.41.0/checker-qual-3.41.0.jar
2025-04-01 11:52:57,470 [BasicRepositoryConnector-repo.maven.apache.org-0-2] INFO  o.e.m.c.i.e.AbstractTransferListenerAdapter - Downloading https://repo.maven.apache.org/maven2/com/google/guava/failureaccess/1.0.2/failureaccess-1.0.2.jar
2025-04-01 11:52:57,470 [BasicRepositoryConnector-repo.maven.apache.org-0-4] INFO  o.e.m.c.i.e.AbstractTransferListenerAdapter - Downloading https://repo.maven.apache.org/maven2/com/google/errorprone/error_prone_annotations/2.23.0/error_prone_annotations-2.23.0.jar
2025-04-01 11:52:57,470 [BasicRepositoryConnector-repo.maven.apache.org-0-1] INFO  o.e.m.c.i.e.AbstractTransferListenerAdapter - Downloading https://repo.maven.apache.org/maven2/com/google/guava/guava/33.0.0-jre/guava-33.0.0-jre.jar
2025-04-01 11:52:57,471 [BasicRepositoryConnector-repo.maven.apache.org-0-0] INFO  o.e.m.c.i.e.AbstractTransferListenerAdapter - Downloading https://repo.maven.apache.org/maven2/com/carrotsearch/thirdparty/simple-xml-safe/2.7.1/simple-xml-safe-2.7.1.jar
2025-04-01 11:52:57,481 [BasicRepositoryConnector-repo.maven.apache.org-0-2] INFO  o.e.m.c.i.e.AbstractTransferListenerAdapter - Downloaded https://repo.maven.apache.org/maven2/com/google/guava/failureaccess/1.0.2/failureaccess-1.0.2.jar
2025-04-01 11:52:57,488 [BasicRepositoryConnector-repo.maven.apache.org-0-3] INFO  o.e.m.c.i.e.AbstractTransferListenerAdapter - Downloading https://repo.maven.apache.org/maven2/com/google/j2objc/j2objc-annotations/2.8/j2objc-annotations-2.8.jar
2025-04-01 11:52:57,490 [BasicRepositoryConnector-repo.maven.apache.org-0-4] INFO  o.e.m.c.i.e.AbstractTransferListenerAdapter - Downloaded https://repo.maven.apache.org/maven2/com/google/errorprone/error_prone_annotations/2.23.0/error_prone_annotations-2.23.0.jar
2025-04-01 11:52:57,499 [BasicRepositoryConnector-repo.maven.apache.org-0-2] INFO  o.e.m.c.i.e.AbstractTransferListenerAdapter - Downloading https://repo.maven.apache.org/maven2/com/squareup/okhttp3/okhttp/4.12.0/okhttp-4.12.0.jar
2025-04-01 11:52:57,500 [BasicRepositoryConnector-repo.maven.apache.org-0-4] INFO  o.e.m.c.i.e.AbstractTransferListenerAdapter - Downloading https://repo.maven.apache.org/maven2/com/squareup/okio/okio/3.6.0/okio-3.6.0.jar
2025-04-01 11:52:57,502 [BasicRepositoryConnector-repo.maven.apache.org-0-3] INFO  o.e.m.c.i.e.AbstractTransferListenerAdapter - Downloaded https://repo.maven.apache.org/maven2/com/google/j2objc/j2objc-annotations/2.8/j2objc-annotations-2.8.jar
2025-04-01 11:52:57,509 [BasicRepositoryConnector-repo.maven.apache.org-0-4] INFO  o.e.m.c.i.e.AbstractTransferListenerAdapter - Downloaded https://repo.maven.apache.org/maven2/com/squareup/okio/okio/3.6.0/okio-3.6.0.jar
2025-04-01 11:52:57,517 [BasicRepositoryConnector-repo.maven.apache.org-0-3] INFO  o.e.m.c.i.e.AbstractTransferListenerAdapter - Downloading https://repo.maven.apache.org/maven2/com/squareup/okio/okio-jvm/3.6.0/okio-jvm-3.6.0.jar
2025-04-01 11:52:57,518 [BasicRepositoryConnector-repo.maven.apache.org-0-4] INFO  o.e.m.c.i.e.AbstractTransferListenerAdapter - Downloading https://repo.maven.apache.org/maven2/org/jetbrains/kotlin/kotlin-stdlib-common/1.9.25/kotlin-stdlib-common-1.9.25.jar
2025-04-01 11:52:57,575 [BasicRepositoryConnector-repo.maven.apache.org-0-0] INFO  o.e.m.c.i.e.AbstractTransferListenerAdapter - Downloaded https://repo.maven.apache.org/maven2/com/carrotsearch/thirdparty/simple-xml-safe/2.7.1/simple-xml-safe-2.7.1.jar
2025-04-01 11:52:57,582 [BasicRepositoryConnector-repo.maven.apache.org-0-0] INFO  o.e.m.c.i.e.AbstractTransferListenerAdapter - Downloading https://repo.maven.apache.org/maven2/org/jetbrains/kotlin/kotlin-stdlib-jdk8/1.9.25/kotlin-stdlib-jdk8-1.9.25.jar
2025-04-01 11:52:57,597 [BasicRepositoryConnector-repo.maven.apache.org-0-0] INFO  o.e.m.c.i.e.AbstractTransferListenerAdapter - Downloaded https://repo.maven.apache.org/maven2/org/jetbrains/kotlin/kotlin-stdlib-jdk8/1.9.25/kotlin-stdlib-jdk8-1.9.25.jar
2025-04-01 11:52:57,600 [BasicRepositoryConnector-repo.maven.apache.org-0-3] INFO  o.e.m.c.i.e.AbstractTransferListenerAdapter - Downloaded https://repo.maven.apache.org/maven2/com/squareup/okio/okio-jvm/3.6.0/okio-jvm-3.6.0.jar
2025-04-01 11:52:57,604 [BasicRepositoryConnector-repo.maven.apache.org-0-4] INFO  o.e.m.c.i.e.AbstractTransferListenerAdapter - Downloaded https://repo.maven.apache.org/maven2/org/jetbrains/kotlin/kotlin-stdlib-common/1.9.25/kotlin-stdlib-common-1.9.25.jar
2025-04-01 11:52:57,613 [BasicRepositoryConnector-repo.maven.apache.org-0-0] INFO  o.e.m.c.i.e.AbstractTransferListenerAdapter - Downloading https://repo.maven.apache.org/maven2/org/jetbrains/kotlin/kotlin-stdlib/1.9.25/kotlin-stdlib-1.9.25.jar
2025-04-01 11:52:57,613 [BasicRepositoryConnector-repo.maven.apache.org-0-3] INFO  o.e.m.c.i.e.AbstractTransferListenerAdapter - Downloading https://repo.maven.apache.org/maven2/org/jetbrains/kotlin/kotlin-stdlib-jdk7/1.9.25/kotlin-stdlib-jdk7-1.9.25.jar
2025-04-01 11:52:57,622 [BasicRepositoryConnector-repo.maven.apache.org-0-4] INFO  o.e.m.c.i.e.AbstractTransferListenerAdapter - Downloading https://repo.maven.apache.org/maven2/org/bouncycastle/bcprov-jdk18on/1.78/bcprov-jdk18on-1.78.jar
2025-04-01 11:52:57,638 [BasicRepositoryConnector-repo.maven.apache.org-0-3] INFO  o.e.m.c.i.e.AbstractTransferListenerAdapter - Downloaded https://repo.maven.apache.org/maven2/org/jetbrains/kotlin/kotlin-stdlib-jdk7/1.9.25/kotlin-stdlib-jdk7-1.9.25.jar
2025-04-01 11:52:57,652 [BasicRepositoryConnector-repo.maven.apache.org-0-3] INFO  o.e.m.c.i.e.AbstractTransferListenerAdapter - Downloading https://repo.maven.apache.org/maven2/org/apache/commons/commons-compress/1.26.0/commons-compress-1.26.0.jar
2025-04-01 11:52:57,668 [BasicRepositoryConnector-repo.maven.apache.org-0-2] INFO  o.e.m.c.i.e.AbstractTransferListenerAdapter - Downloaded https://repo.maven.apache.org/maven2/com/squareup/okhttp3/okhttp/4.12.0/okhttp-4.12.0.jar
2025-04-01 11:52:57,689 [BasicRepositoryConnector-repo.maven.apache.org-0-2] INFO  o.e.m.c.i.e.AbstractTransferListenerAdapter - Downloading https://repo.maven.apache.org/maven2/org/apache/commons/commons-lang3/3.17.0/commons-lang3-3.17.0.jar
2025-04-01 11:52:57,723 [BasicRepositoryConnector-repo.maven.apache.org-0-0] INFO  o.e.m.c.i.e.AbstractTransferListenerAdapter - Downloaded https://repo.maven.apache.org/maven2/org/jetbrains/kotlin/kotlin-stdlib/1.9.25/kotlin-stdlib-1.9.25.jar
2025-04-01 11:52:57,732 [BasicRepositoryConnector-repo.maven.apache.org-0-0] INFO  o.e.m.c.i.e.AbstractTransferListenerAdapter - Downloading https://repo.maven.apache.org/maven2/commons-codec/commons-codec/1.17.2/commons-codec-1.17.2.jar
2025-04-01 11:52:57,763 [BasicRepositoryConnector-repo.maven.apache.org-0-0] INFO  o.e.m.c.i.e.AbstractTransferListenerAdapter - Downloaded https://repo.maven.apache.org/maven2/commons-codec/commons-codec/1.17.2/commons-codec-1.17.2.jar
2025-04-01 11:52:57,771 [BasicRepositoryConnector-repo.maven.apache.org-0-0] INFO  o.e.m.c.i.e.AbstractTransferListenerAdapter - Downloading https://repo.maven.apache.org/maven2/org/xerial/snappy/snappy-java/1.1.10.5/snappy-java-1.1.10.5.jar
2025-04-01 11:52:57,801 [BasicRepositoryConnector-repo.maven.apache.org-0-2] INFO  o.e.m.c.i.e.AbstractTransferListenerAdapter - Downloaded https://repo.maven.apache.org/maven2/org/apache/commons/commons-lang3/3.17.0/commons-lang3-3.17.0.jar
2025-04-01 11:52:57,817 [BasicRepositoryConnector-repo.maven.apache.org-0-3] INFO  o.e.m.c.i.e.AbstractTransferListenerAdapter - Downloaded https://repo.maven.apache.org/maven2/org/apache/commons/commons-compress/1.26.0/commons-compress-1.26.0.jar
2025-04-01 11:52:57,899 [BasicRepositoryConnector-repo.maven.apache.org-0-1] INFO  o.e.m.c.i.e.AbstractTransferListenerAdapter - Downloaded https://repo.maven.apache.org/maven2/com/google/guava/guava/33.0.0-jre/guava-33.0.0-jre.jar
2025-04-01 11:52:57,938 [BasicRepositoryConnector-repo.maven.apache.org-0-0] INFO  o.e.m.c.i.e.AbstractTransferListenerAdapter - Downloaded https://repo.maven.apache.org/maven2/org/xerial/snappy/snappy-java/1.1.10.5/snappy-java-1.1.10.5.jar
2025-04-01 11:52:58,171 [BasicRepositoryConnector-repo.maven.apache.org-0-4] INFO  o.e.m.c.i.e.AbstractTransferListenerAdapter - Downloaded https://repo.maven.apache.org/maven2/org/bouncycastle/bcprov-jdk18on/1.78/bcprov-jdk18on-1.78.jar
2025-04-01 11:52:58,877 [Worker-17: Building] INFO  o.a.m.s.f.DefaultMavenResourcesFiltering - Copying 0 resource from src\main\resources to target\classes
2025-04-01 11:52:58,877 [Worker-17: Building] INFO  o.a.m.s.f.DefaultMavenResourcesFiltering - Copying 0 resource from src\main\resources to target\classes
2025-04-01 11:52:58,881 [Worker-17: Building] INFO  o.a.m.s.f.DefaultMavenResourcesFiltering - skip non existing resourceDirectory C:\Users\y_ravi\E-Portal Java\E-Portal\src\test\resources
2025-04-01 11:52:59,705 [Worker-29: Download sources and javadoc] INFO  o.e.m.c.i.e.AbstractTransferListenerAdapter - Downloading https://repo.maven.apache.org/maven2/io/minio/minio/8.5.10/minio-8.5.10-sources.jar
2025-04-01 11:52:59,746 [Worker-29: Download sources and javadoc] INFO  o.e.m.c.i.e.AbstractTransferListenerAdapter - Downloaded https://repo.maven.apache.org/maven2/io/minio/minio/8.5.10/minio-8.5.10-sources.jar
2025-04-01 11:52:59,755 [Worker-29: Download sources and javadoc] INFO  o.e.m.j.internal.DownloadSourcesJob - Downloaded sources for io.minio:minio:8.5.10
2025-04-01 11:52:59,804 [Worker-29: Download sources and javadoc] INFO  o.e.m.c.i.e.AbstractTransferListenerAdapter - Downloading https://repo.maven.apache.org/maven2/com/carrotsearch/thirdparty/simple-xml-safe/2.7.1/simple-xml-safe-2.7.1-sources.jar
2025-04-01 11:52:59,941 [Worker-29: Download sources and javadoc] INFO  o.e.m.c.i.e.AbstractTransferListenerAdapter - Downloaded https://repo.maven.apache.org/maven2/com/carrotsearch/thirdparty/simple-xml-safe/2.7.1/simple-xml-safe-2.7.1-sources.jar
2025-04-01 11:52:59,958 [Worker-29: Download sources and javadoc] INFO  o.e.m.j.internal.DownloadSourcesJob - Downloaded sources for com.carrotsearch.thirdparty:simple-xml-safe:2.7.1
2025-04-01 11:53:00,010 [Worker-29: Download sources and javadoc] INFO  o.e.m.c.i.e.AbstractTransferListenerAdapter - Downloaded https://repo.maven.apache.org/maven2/com/google/guava/listenablefuture/9999.0-empty-to-avoid-conflict-with-guava/listenablefuture-9999.0-empty-to-avoid-conflict-with-guava-sources.jar
2025-04-01 11:53:00,015 [Worker-29: Download sources and javadoc] ERROR o.e.m.j.internal.DownloadSourcesJob - Could not download sources for com.google.guava:listenablefuture:9999.0-empty-to-avoid-conflict-with-guava
org.eclipse.core.runtime.CoreException: Could not resolve artifact com.google.guava:listenablefuture:jar:sources:9999.0-empty-to-avoid-conflict-with-guava
	at org.eclipse.m2e.core.internal.embedder.MavenImpl.lambda$7(MavenImpl.java:540)
	at org.eclipse.m2e.core.internal.embedder.MavenExecutionContext.executeBare(MavenExecutionContext.java:458)
	at org.eclipse.m2e.core.internal.embedder.MavenExecutionContext.execute(MavenExecutionContext.java:292)
	at org.eclipse.m2e.core.internal.embedder.MavenExecutionContext.execute(MavenExecutionContext.java:278)
	at org.eclipse.m2e.core.internal.embedder.MavenImpl.resolve(MavenImpl.java:509)
	at org.eclipse.m2e.core.internal.embedder.MavenImpl.resolve(MavenImpl.java:494)
	at org.eclipse.m2e.jdt.internal.DownloadSourcesJob.download(DownloadSourcesJob.java:308)
	at org.eclipse.m2e.jdt.internal.DownloadSourcesJob.downloadAttachments(DownloadSourcesJob.java:282)
	at org.eclipse.m2e.jdt.internal.DownloadSourcesJob.downloadMaven(DownloadSourcesJob.java:252)
	at org.eclipse.m2e.jdt.internal.DownloadSourcesJob.downloadFilesAndPopulateToUpdate(DownloadSourcesJob.java:220)
	at org.eclipse.m2e.jdt.internal.DownloadSourcesJob.lambda$0(DownloadSourcesJob.java:149)
	at org.eclipse.m2e.core.internal.embedder.MavenExecutionContext.executeBare(MavenExecutionContext.java:458)
	at org.eclipse.m2e.core.internal.embedder.MavenExecutionContext.execute(MavenExecutionContext.java:339)
	at org.eclipse.m2e.core.internal.embedder.MavenExecutionContext.execute(MavenExecutionContext.java:278)
	at org.eclipse.m2e.core.embedder.IMaven.execute(IMaven.java:300)
	at org.eclipse.m2e.jdt.internal.DownloadSourcesJob.run(DownloadSourcesJob.java:149)
	at org.eclipse.core.internal.jobs.Worker.run(Worker.java:63)
2025-04-01 11:53:00,086 [Worker-29: Download sources and javadoc] INFO  o.e.m.c.i.e.AbstractTransferListenerAdapter - Downloading https://repo.maven.apache.org/maven2/org/checkerframework/checker-qual/3.41.0/checker-qual-3.41.0-sources.jar
2025-04-01 11:53:00,164 [Worker-29: Download sources and javadoc] INFO  o.e.m.c.i.e.AbstractTransferListenerAdapter - Downloaded https://repo.maven.apache.org/maven2/org/checkerframework/checker-qual/3.41.0/checker-qual-3.41.0-sources.jar
2025-04-01 11:53:00,172 [Worker-29: Download sources and javadoc] INFO  o.e.m.j.internal.DownloadSourcesJob - Downloaded sources for org.checkerframework:checker-qual:3.41.0
2025-04-01 11:53:00,219 [Worker-29: Download sources and javadoc] INFO  o.e.m.c.i.e.AbstractTransferListenerAdapter - Downloading https://repo.maven.apache.org/maven2/com/google/errorprone/error_prone_annotations/2.23.0/error_prone_annotations-2.23.0-sources.jar
2025-04-01 11:53:00,466 [Worker-29: Download sources and javadoc] INFO  o.e.m.c.i.e.AbstractTransferListenerAdapter - Downloaded https://repo.maven.apache.org/maven2/com/google/errorprone/error_prone_annotations/2.23.0/error_prone_annotations-2.23.0-sources.jar
2025-04-01 11:53:00,487 [Worker-29: Download sources and javadoc] INFO  o.e.m.j.internal.DownloadSourcesJob - Downloaded sources for com.google.errorprone:error_prone_annotations:2.23.0
2025-04-01 11:53:00,538 [Worker-29: Download sources and javadoc] INFO  o.e.m.c.i.e.AbstractTransferListenerAdapter - Downloading https://repo.maven.apache.org/maven2/com/google/j2objc/j2objc-annotations/2.8/j2objc-annotations-2.8-sources.jar
2025-04-01 11:53:00,570 [Worker-29: Download sources and javadoc] INFO  o.e.m.c.i.e.AbstractTransferListenerAdapter - Downloaded https://repo.maven.apache.org/maven2/com/google/j2objc/j2objc-annotations/2.8/j2objc-annotations-2.8-sources.jar
2025-04-01 11:53:00,582 [Worker-29: Download sources and javadoc] INFO  o.e.m.j.internal.DownloadSourcesJob - Downloaded sources for com.google.j2objc:j2objc-annotations:2.8
2025-04-01 11:53:00,627 [Worker-29: Download sources and javadoc] INFO  o.e.m.c.i.e.AbstractTransferListenerAdapter - Downloading https://repo.maven.apache.org/maven2/com/squareup/okhttp3/okhttp/4.12.0/okhttp-4.12.0-sources.jar
2025-04-01 11:53:00,676 [Worker-27: Building] INFO  o.a.m.s.f.DefaultMavenResourcesFiltering - Copying 1 resource from src\main\resources to target\classes
2025-04-01 11:53:00,703 [Worker-27: Building] INFO  o.a.m.s.f.DefaultMavenResourcesFiltering - Copying 0 resource from src\main\resources to target\classes
2025-04-01 11:53:00,709 [Worker-27: Building] INFO  o.a.m.s.f.DefaultMavenResourcesFiltering - skip non existing resourceDirectory C:\Users\y_ravi\E-Portal Java\E-Portal\src\test\resources
2025-04-01 11:53:00,714 [Worker-29: Download sources and javadoc] INFO  o.e.m.c.i.e.AbstractTransferListenerAdapter - Downloaded https://repo.maven.apache.org/maven2/com/squareup/okhttp3/okhttp/4.12.0/okhttp-4.12.0-sources.jar
2025-04-01 11:53:00,727 [Worker-29: Download sources and javadoc] INFO  o.e.m.j.internal.DownloadSourcesJob - Downloaded sources for com.squareup.okhttp3:okhttp:4.12.0
2025-04-01 11:53:00,804 [Worker-29: Download sources and javadoc] INFO  o.e.m.c.i.e.AbstractTransferListenerAdapter - Downloading https://repo.maven.apache.org/maven2/com/squareup/okio/okio/3.6.0/okio-3.6.0-sources.jar
2025-04-01 11:53:00,885 [Worker-29: Download sources and javadoc] INFO  o.e.m.c.i.e.AbstractTransferListenerAdapter - Downloaded https://repo.maven.apache.org/maven2/com/squareup/okio/okio/3.6.0/okio-3.6.0-sources.jar
2025-04-01 11:53:00,895 [Worker-29: Download sources and javadoc] INFO  o.e.m.j.internal.DownloadSourcesJob - Downloaded sources for com.squareup.okio:okio:3.6.0
2025-04-01 11:53:00,931 [Worker-29: Download sources and javadoc] INFO  o.e.m.c.i.e.AbstractTransferListenerAdapter - Downloading https://repo.maven.apache.org/maven2/com/squareup/okio/okio-jvm/3.6.0/okio-jvm-3.6.0-sources.jar
2025-04-01 11:53:00,987 [Worker-29: Download sources and javadoc] INFO  o.e.m.c.i.e.AbstractTransferListenerAdapter - Downloaded https://repo.maven.apache.org/maven2/com/squareup/okio/okio-jvm/3.6.0/okio-jvm-3.6.0-sources.jar
2025-04-01 11:53:00,994 [Worker-29: Download sources and javadoc] INFO  o.e.m.j.internal.DownloadSourcesJob - Downloaded sources for com.squareup.okio:okio-jvm:3.6.0
2025-04-01 11:53:01,038 [Worker-29: Download sources and javadoc] INFO  o.e.m.c.i.e.AbstractTransferListenerAdapter - Downloading https://repo.maven.apache.org/maven2/org/jetbrains/kotlin/kotlin-stdlib-common/1.9.25/kotlin-stdlib-common-1.9.25-sources.jar
2025-04-01 11:53:01,106 [Worker-29: Download sources and javadoc] INFO  o.e.m.c.i.e.AbstractTransferListenerAdapter - Downloaded https://repo.maven.apache.org/maven2/org/jetbrains/kotlin/kotlin-stdlib-common/1.9.25/kotlin-stdlib-common-1.9.25-sources.jar
2025-04-01 11:53:01,114 [Worker-29: Download sources and javadoc] INFO  o.e.m.j.internal.DownloadSourcesJob - Downloaded sources for org.jetbrains.kotlin:kotlin-stdlib-common:1.9.25
2025-04-01 11:53:01,146 [Worker-29: Download sources and javadoc] INFO  o.e.m.c.i.e.AbstractTransferListenerAdapter - Downloading https://repo.maven.apache.org/maven2/org/jetbrains/kotlin/kotlin-stdlib-jdk8/1.9.25/kotlin-stdlib-jdk8-1.9.25-sources.jar
2025-04-01 11:53:01,154 [Worker-29: Download sources and javadoc] INFO  o.e.m.c.i.e.AbstractTransferListenerAdapter - Downloaded https://repo.maven.apache.org/maven2/org/jetbrains/kotlin/kotlin-stdlib-jdk8/1.9.25/kotlin-stdlib-jdk8-1.9.25-sources.jar
2025-04-01 11:53:01,163 [Worker-29: Download sources and javadoc] INFO  o.e.m.j.internal.DownloadSourcesJob - Downloaded sources for org.jetbrains.kotlin:kotlin-stdlib-jdk8:1.9.25
2025-04-01 11:53:01,195 [Worker-29: Download sources and javadoc] INFO  o.e.m.c.i.e.AbstractTransferListenerAdapter - Downloading https://repo.maven.apache.org/maven2/org/jetbrains/kotlin/kotlin-stdlib/1.9.25/kotlin-stdlib-1.9.25-sources.jar
2025-04-01 11:53:01,278 [Worker-29: Download sources and javadoc] INFO  o.e.m.c.i.e.AbstractTransferListenerAdapter - Downloaded https://repo.maven.apache.org/maven2/org/jetbrains/kotlin/kotlin-stdlib/1.9.25/kotlin-stdlib-1.9.25-sources.jar
2025-04-01 11:53:01,286 [Worker-29: Download sources and javadoc] INFO  o.e.m.j.internal.DownloadSourcesJob - Downloaded sources for org.jetbrains.kotlin:kotlin-stdlib:1.9.25
2025-04-01 11:53:01,321 [Worker-29: Download sources and javadoc] INFO  o.e.m.c.i.e.AbstractTransferListenerAdapter - Downloading https://repo.maven.apache.org/maven2/org/jetbrains/kotlin/kotlin-stdlib-jdk7/1.9.25/kotlin-stdlib-jdk7-1.9.25-sources.jar
2025-04-01 11:53:01,330 [Worker-29: Download sources and javadoc] INFO  o.e.m.c.i.e.AbstractTransferListenerAdapter - Downloaded https://repo.maven.apache.org/maven2/org/jetbrains/kotlin/kotlin-stdlib-jdk7/1.9.25/kotlin-stdlib-jdk7-1.9.25-sources.jar
2025-04-01 11:53:01,339 [Worker-29: Download sources and javadoc] INFO  o.e.m.j.internal.DownloadSourcesJob - Downloaded sources for org.jetbrains.kotlin:kotlin-stdlib-jdk7:1.9.25
2025-04-01 11:53:01,587 [Worker-29: Download sources and javadoc] INFO  o.e.m.c.i.e.AbstractTransferListenerAdapter - Downloading https://repo.maven.apache.org/maven2/org/bouncycastle/bcprov-jdk18on/1.78/bcprov-jdk18on-1.78-sources.jar
2025-04-01 11:53:02,478 [Worker-29: Download sources and javadoc] INFO  o.e.m.c.i.e.AbstractTransferListenerAdapter - Downloaded https://repo.maven.apache.org/maven2/org/bouncycastle/bcprov-jdk18on/1.78/bcprov-jdk18on-1.78-sources.jar
2025-04-01 11:53:02,526 [Worker-29: Download sources and javadoc] INFO  o.e.m.j.internal.DownloadSourcesJob - Downloaded sources for org.bouncycastle:bcprov-jdk18on:1.78
2025-04-01 11:53:02,591 [Worker-29: Download sources and javadoc] INFO  o.e.m.c.i.e.AbstractTransferListenerAdapter - Downloading https://repo.maven.apache.org/maven2/org/apache/commons/commons-compress/1.26.0/commons-compress-1.26.0-sources.jar
2025-04-01 11:53:02,848 [Worker-29: Download sources and javadoc] INFO  o.e.m.c.i.e.AbstractTransferListenerAdapter - Downloaded https://repo.maven.apache.org/maven2/org/apache/commons/commons-compress/1.26.0/commons-compress-1.26.0-sources.jar
2025-04-01 11:53:02,858 [Worker-29: Download sources and javadoc] INFO  o.e.m.j.internal.DownloadSourcesJob - Downloaded sources for org.apache.commons:commons-compress:1.26.0
2025-04-01 11:53:02,900 [Worker-29: Download sources and javadoc] INFO  o.e.m.c.i.e.AbstractTransferListenerAdapter - Downloading https://repo.maven.apache.org/maven2/commons-io/commons-io/2.15.1/commons-io-2.15.1-sources.jar
2025-04-01 11:53:02,967 [Worker-29: Download sources and javadoc] INFO  o.e.m.c.i.e.AbstractTransferListenerAdapter - Downloaded https://repo.maven.apache.org/maven2/commons-io/commons-io/2.15.1/commons-io-2.15.1-sources.jar
2025-04-01 11:53:02,976 [Worker-29: Download sources and javadoc] INFO  o.e.m.j.internal.DownloadSourcesJob - Downloaded sources for commons-io:commons-io:2.15.1
2025-04-01 11:53:03,017 [Worker-29: Download sources and javadoc] INFO  o.e.m.c.i.e.AbstractTransferListenerAdapter - Downloading https://repo.maven.apache.org/maven2/org/apache/commons/commons-lang3/3.17.0/commons-lang3-3.17.0-sources.jar
2025-04-01 11:53:03,077 [Worker-29: Download sources and javadoc] INFO  o.e.m.c.i.e.AbstractTransferListenerAdapter - Downloaded https://repo.maven.apache.org/maven2/org/apache/commons/commons-lang3/3.17.0/commons-lang3-3.17.0-sources.jar
2025-04-01 11:53:03,082 [Worker-29: Download sources and javadoc] INFO  o.e.m.j.internal.DownloadSourcesJob - Downloaded sources for org.apache.commons:commons-lang3:3.17.0
2025-04-01 11:53:03,105 [Worker-29: Download sources and javadoc] INFO  o.e.m.c.i.e.AbstractTransferListenerAdapter - Downloading https://repo.maven.apache.org/maven2/commons-codec/commons-codec/1.17.2/commons-codec-1.17.2-sources.jar
2025-04-01 11:53:03,201 [Worker-29: Download sources and javadoc] INFO  o.e.m.c.i.e.AbstractTransferListenerAdapter - Downloaded https://repo.maven.apache.org/maven2/commons-codec/commons-codec/1.17.2/commons-codec-1.17.2-sources.jar
2025-04-01 11:53:03,206 [Worker-29: Download sources and javadoc] INFO  o.e.m.j.internal.DownloadSourcesJob - Downloaded sources for commons-codec:commons-codec:1.17.2
2025-04-01 11:53:03,284 [Worker-29: Download sources and javadoc] INFO  o.e.m.c.i.e.AbstractTransferListenerAdapter - Downloading https://repo.maven.apache.org/maven2/org/xerial/snappy/snappy-java/1.1.10.5/snappy-java-1.1.10.5-sources.jar
2025-04-01 11:53:03,410 [Worker-29: Download sources and javadoc] INFO  o.e.m.c.i.e.AbstractTransferListenerAdapter - Downloaded https://repo.maven.apache.org/maven2/org/xerial/snappy/snappy-java/1.1.10.5/snappy-java-1.1.10.5-sources.jar
2025-04-01 11:53:03,416 [Worker-29: Download sources and javadoc] INFO  o.e.m.j.internal.DownloadSourcesJob - Downloaded sources for org.xerial.snappy:snappy-java:1.1.10.5
2025-04-01 11:58:46,302 [Worker-27: Building] INFO  o.a.m.s.f.DefaultMavenResourcesFiltering - Copying 1 resource from src\main\resources to target\classes
2025-04-01 11:58:46,309 [Worker-27: Building] INFO  o.a.m.s.f.DefaultMavenResourcesFiltering - Copying 0 resource from src\main\resources to target\classes
2025-04-01 11:58:46,314 [Worker-27: Building] INFO  o.a.m.s.f.DefaultMavenResourcesFiltering - skip non existing resourceDirectory C:\Users\y_ravi\E-Portal Java\E-Portal\src\test\resources
2025-04-01 12:03:22,349 [Worker-17: Building] INFO  o.a.m.s.f.DefaultMavenResourcesFiltering - Copying 1 resource from src\main\resources to target\classes
2025-04-01 12:03:22,355 [Worker-17: Building] INFO  o.a.m.s.f.DefaultMavenResourcesFiltering - Copying 0 resource from src\main\resources to target\classes
2025-04-01 12:03:22,361 [Worker-17: Building] INFO  o.a.m.s.f.DefaultMavenResourcesFiltering - skip non existing resourceDirectory C:\Users\y_ravi\E-Portal Java\E-Portal\src\test\resources
2025-04-01 12:05:28,301 [Worker-17: Building] INFO  o.a.m.s.f.DefaultMavenResourcesFiltering - Copying 0 resource from src\main\resources to target\classes
2025-04-01 12:05:28,304 [Worker-17: Building] INFO  o.a.m.s.f.DefaultMavenResourcesFiltering - Copying 1 resource from src\main\resources to target\classes
2025-04-01 12:05:28,312 [Worker-17: Building] INFO  o.a.m.s.f.DefaultMavenResourcesFiltering - skip non existing resourceDirectory C:\Users\y_ravi\E-Portal Java\E-Portal\src\test\resources
2025-04-01 12:05:40,942 [Worker-31: Building] INFO  o.a.m.s.f.DefaultMavenResourcesFiltering - Copying 0 resource from src\main\resources to target\classes
2025-04-01 12:05:40,942 [Worker-31: Building] INFO  o.a.m.s.f.DefaultMavenResourcesFiltering - Copying 0 resource from src\main\resources to target\classes
2025-04-01 12:05:40,946 [Worker-31: Building] INFO  o.a.m.s.f.DefaultMavenResourcesFiltering - skip non existing resourceDirectory C:\Users\y_ravi\E-Portal Java\E-Portal\src\test\resources
2025-04-01 12:15:57,228 [Worker-33: Building] INFO  o.a.m.s.f.DefaultMavenResourcesFiltering - Copying 1 resource from src\main\resources to target\classes
2025-04-01 12:15:57,240 [Worker-33: Building] INFO  o.a.m.s.f.DefaultMavenResourcesFiltering - Copying 0 resource from src\main\resources to target\classes
2025-04-01 12:15:57,243 [Worker-33: Building] INFO  o.a.m.s.f.DefaultMavenResourcesFiltering - skip non existing resourceDirectory C:\Users\y_ravi\E-Portal Java\E-Portal\src\test\resources
2025-04-01 12:16:13,478 [Worker-33: Building] INFO  o.a.m.s.f.DefaultMavenResourcesFiltering - Copying 1 resource from src\main\resources to target\classes
2025-04-01 12:16:13,503 [Worker-33: Building] INFO  o.a.m.s.f.DefaultMavenResourcesFiltering - Copying 0 resource from src\main\resources to target\classes
2025-04-01 12:16:13,506 [Worker-33: Building] INFO  o.a.m.s.f.DefaultMavenResourcesFiltering - skip non existing resourceDirectory C:\Users\y_ravi\E-Portal Java\E-Portal\src\test\resources
2025-04-01 12:24:36,616 [Worker-37: Building] INFO  o.a.m.s.f.DefaultMavenResourcesFiltering - Copying 1 resource from src\main\resources to target\classes
2025-04-01 12:24:36,622 [Worker-37: Building] INFO  o.a.m.s.f.DefaultMavenResourcesFiltering - Copying 0 resource from src\main\resources to target\classes
2025-04-01 12:24:36,627 [Worker-37: Building] INFO  o.a.m.s.f.DefaultMavenResourcesFiltering - skip non existing resourceDirectory C:\Users\y_ravi\E-Portal Java\E-Portal\src\test\resources
2025-04-01 13:30:52,278 [Worker-51: Building] INFO  o.a.m.s.f.DefaultMavenResourcesFiltering - Copying 1 resource from src\main\resources to target\classes
2025-04-01 13:30:52,286 [Worker-51: Building] INFO  o.a.m.s.f.DefaultMavenResourcesFiltering - Copying 0 resource from src\main\resources to target\classes
2025-04-01 13:30:52,290 [Worker-51: Building] INFO  o.a.m.s.f.DefaultMavenResourcesFiltering - skip non existing resourceDirectory C:\Users\y_ravi\E-Portal Java\E-Portal\src\test\resources
2025-04-01 13:33:46,816 [Worker-54: Launching E-Portal - EPortalApplication] INFO  o.a.m.s.f.DefaultMavenResourcesFiltering - Copying 1 resource from src\main\resources to target\classes
2025-04-01 13:33:46,822 [Worker-54: Launching E-Portal - EPortalApplication] INFO  o.a.m.s.f.DefaultMavenResourcesFiltering - Copying 0 resource from src\main\resources to target\classes
2025-04-01 13:33:46,825 [Worker-54: Launching E-Portal - EPortalApplication] INFO  o.a.m.s.f.DefaultMavenResourcesFiltering - skip non existing resourceDirectory C:\Users\y_ravi\E-Portal Java\E-Portal\src\test\resources
2025-04-01 13:33:48,194 [Worker-54: Download sources and javadoc] INFO  o.e.m.c.i.e.AbstractTransferListenerAdapter - Downloaded https://repo.maven.apache.org/maven2/com/google/guava/listenablefuture/9999.0-empty-to-avoid-conflict-with-guava/listenablefuture-9999.0-empty-to-avoid-conflict-with-guava-javadoc.jar
2025-04-01 13:33:48,197 [Worker-54: Download sources and javadoc] ERROR o.e.m.j.internal.DownloadSourcesJob - Could not download javadoc for com.google.guava:listenablefuture:9999.0-empty-to-avoid-conflict-with-guava
org.eclipse.core.runtime.CoreException: Could not resolve artifact com.google.guava:listenablefuture:jar:javadoc:9999.0-empty-to-avoid-conflict-with-guava
	at org.eclipse.m2e.core.internal.embedder.MavenImpl.lambda$7(MavenImpl.java:540)
	at org.eclipse.m2e.core.internal.embedder.MavenExecutionContext.executeBare(MavenExecutionContext.java:458)
	at org.eclipse.m2e.core.internal.embedder.MavenExecutionContext.execute(MavenExecutionContext.java:292)
	at org.eclipse.m2e.core.internal.embedder.MavenExecutionContext.execute(MavenExecutionContext.java:278)
	at org.eclipse.m2e.core.internal.embedder.MavenImpl.resolve(MavenImpl.java:509)
	at org.eclipse.m2e.core.internal.embedder.MavenImpl.resolve(MavenImpl.java:494)
	at org.eclipse.m2e.jdt.internal.DownloadSourcesJob.download(DownloadSourcesJob.java:308)
	at org.eclipse.m2e.jdt.internal.DownloadSourcesJob.downloadAttachments(DownloadSourcesJob.java:294)
	at org.eclipse.m2e.jdt.internal.DownloadSourcesJob.downloadMaven(DownloadSourcesJob.java:252)
	at org.eclipse.m2e.jdt.internal.DownloadSourcesJob.downloadFilesAndPopulateToUpdate(DownloadSourcesJob.java:220)
	at org.eclipse.m2e.jdt.internal.DownloadSourcesJob.lambda$0(DownloadSourcesJob.java:149)
	at org.eclipse.m2e.core.internal.embedder.MavenExecutionContext.executeBare(MavenExecutionContext.java:458)
	at org.eclipse.m2e.core.internal.embedder.MavenExecutionContext.execute(MavenExecutionContext.java:339)
	at org.eclipse.m2e.core.internal.embedder.MavenExecutionContext.execute(MavenExecutionContext.java:278)
	at org.eclipse.m2e.core.embedder.IMaven.execute(IMaven.java:300)
	at org.eclipse.m2e.jdt.internal.DownloadSourcesJob.run(DownloadSourcesJob.java:149)
	at org.eclipse.core.internal.jobs.Worker.run(Worker.java:63)
2025-04-01 13:39:35,351 [Worker-57: Building] INFO  o.a.m.s.f.DefaultMavenResourcesFiltering - Copying 1 resource from src\main\resources to target\classes
2025-04-01 13:39:35,356 [Worker-57: Building] INFO  o.a.m.s.f.DefaultMavenResourcesFiltering - Copying 0 resource from src\main\resources to target\classes
2025-04-01 13:39:35,358 [Worker-57: Building] INFO  o.a.m.s.f.DefaultMavenResourcesFiltering - skip non existing resourceDirectory C:\Users\y_ravi\E-Portal Java\E-Portal\src\test\resources
2025-04-01 13:40:09,298 [Worker-61: Building] INFO  o.a.m.s.f.DefaultMavenResourcesFiltering - Copying 1 resource from src\main\resources to target\classes
2025-04-01 13:40:09,304 [Worker-61: Building] INFO  o.a.m.s.f.DefaultMavenResourcesFiltering - Copying 0 resource from src\main\resources to target\classes
2025-04-01 13:40:09,308 [Worker-61: Building] INFO  o.a.m.s.f.DefaultMavenResourcesFiltering - skip non existing resourceDirectory C:\Users\y_ravi\E-Portal Java\E-Portal\src\test\resources
2025-04-01 13:40:12,774 [Worker-63: Building] INFO  o.a.m.s.f.DefaultMavenResourcesFiltering - Copying 1 resource from src\main\resources to target\classes
2025-04-01 13:40:12,779 [Worker-63: Building] INFO  o.a.m.s.f.DefaultMavenResourcesFiltering - Copying 0 resource from src\main\resources to target\classes
2025-04-01 13:40:12,782 [Worker-63: Building] INFO  o.a.m.s.f.DefaultMavenResourcesFiltering - skip non existing resourceDirectory C:\Users\y_ravi\E-Portal Java\E-Portal\src\test\resources
2025-04-01 13:47:57,264 [Worker-64: Building] INFO  o.a.m.s.f.DefaultMavenResourcesFiltering - Copying 1 resource from src\main\resources to target\classes
2025-04-01 13:47:57,267 [Worker-64: Building] INFO  o.a.m.s.f.DefaultMavenResourcesFiltering - Copying 0 resource from src\main\resources to target\classes
2025-04-01 13:47:57,269 [Worker-64: Building] INFO  o.a.m.s.f.DefaultMavenResourcesFiltering - skip non existing resourceDirectory C:\Users\y_ravi\E-Portal Java\E-Portal\src\test\resources
2025-04-01 13:49:36,765 [Worker-58: Building] INFO  o.a.m.s.f.DefaultMavenResourcesFiltering - Copying 1 resource from src\main\resources to target\classes
2025-04-01 13:49:36,771 [Worker-58: Building] INFO  o.a.m.s.f.DefaultMavenResourcesFiltering - Copying 0 resource from src\main\resources to target\classes
2025-04-01 13:49:36,775 [Worker-58: Building] INFO  o.a.m.s.f.DefaultMavenResourcesFiltering - skip non existing resourceDirectory C:\Users\y_ravi\E-Portal Java\E-Portal\src\test\resources
2025-04-01 13:52:11,738 [Worker-71: Building] INFO  o.a.m.s.f.DefaultMavenResourcesFiltering - Copying 1 resource from src\main\resources to target\classes
2025-04-01 13:52:11,743 [Worker-71: Building] INFO  o.a.m.s.f.DefaultMavenResourcesFiltering - Copying 0 resource from src\main\resources to target\classes
2025-04-01 13:52:11,746 [Worker-71: Building] INFO  o.a.m.s.f.DefaultMavenResourcesFiltering - skip non existing resourceDirectory C:\Users\y_ravi\E-Portal Java\E-Portal\src\test\resources
2025-04-01 13:55:15,146 [Worker-75: Launching E-Portal - EPortalApplication] INFO  o.a.m.s.f.DefaultMavenResourcesFiltering - Copying 1 resource from src\main\resources to target\classes
2025-04-01 13:55:15,152 [Worker-75: Launching E-Portal - EPortalApplication] INFO  o.a.m.s.f.DefaultMavenResourcesFiltering - Copying 0 resource from src\main\resources to target\classes
2025-04-01 13:55:15,156 [Worker-75: Launching E-Portal - EPortalApplication] INFO  o.a.m.s.f.DefaultMavenResourcesFiltering - skip non existing resourceDirectory C:\Users\y_ravi\E-Portal Java\E-Portal\src\test\resources
2025-04-01 13:57:07,658 [Worker-76: Building] INFO  o.a.m.s.f.DefaultMavenResourcesFiltering - Copying 1 resource from src\main\resources to target\classes
2025-04-01 13:57:07,662 [Worker-76: Building] INFO  o.a.m.s.f.DefaultMavenResourcesFiltering - Copying 0 resource from src\main\resources to target\classes
2025-04-01 13:57:07,664 [Worker-76: Building] INFO  o.a.m.s.f.DefaultMavenResourcesFiltering - skip non existing resourceDirectory C:\Users\y_ravi\E-Portal Java\E-Portal\src\test\resources
2025-04-01 13:57:15,843 [Worker-76: Building] INFO  o.a.m.s.f.DefaultMavenResourcesFiltering - Copying 1 resource from src\main\resources to target\classes
2025-04-01 13:57:15,848 [Worker-76: Building] INFO  o.a.m.s.f.DefaultMavenResourcesFiltering - Copying 0 resource from src\main\resources to target\classes
2025-04-01 13:57:15,850 [Worker-76: Building] INFO  o.a.m.s.f.DefaultMavenResourcesFiltering - skip non existing resourceDirectory C:\Users\y_ravi\E-Portal Java\E-Portal\src\test\resources
2025-04-01 13:58:30,411 [Worker-83: Building] INFO  o.a.m.s.f.DefaultMavenResourcesFiltering - Copying 1 resource from src\main\resources to target\classes
2025-04-01 13:58:30,417 [Worker-83: Building] INFO  o.a.m.s.f.DefaultMavenResourcesFiltering - Copying 0 resource from src\main\resources to target\classes
2025-04-01 13:58:30,421 [Worker-83: Building] INFO  o.a.m.s.f.DefaultMavenResourcesFiltering - skip non existing resourceDirectory C:\Users\y_ravi\E-Portal Java\E-Portal\src\test\resources
2025-04-01 13:58:55,064 [Worker-82: Building] INFO  o.a.m.s.f.DefaultMavenResourcesFiltering - Copying 1 resource from src\main\resources to target\classes
2025-04-01 13:58:55,069 [Worker-82: Building] INFO  o.a.m.s.f.DefaultMavenResourcesFiltering - Copying 0 resource from src\main\resources to target\classes
2025-04-01 13:58:55,070 [Worker-82: Building] INFO  o.a.m.s.f.DefaultMavenResourcesFiltering - skip non existing resourceDirectory C:\Users\y_ravi\E-Portal Java\E-Portal\src\test\resources
2025-04-01 14:18:52,144 [Worker-87: Building] INFO  o.a.m.s.f.DefaultMavenResourcesFiltering - Copying 1 resource from src\main\resources to target\classes
2025-04-01 14:18:52,148 [Worker-87: Building] INFO  o.a.m.s.f.DefaultMavenResourcesFiltering - Copying 0 resource from src\main\resources to target\classes
2025-04-01 14:18:52,150 [Worker-87: Building] INFO  o.a.m.s.f.DefaultMavenResourcesFiltering - skip non existing resourceDirectory C:\Users\y_ravi\E-Portal Java\E-Portal\src\test\resources
2025-04-01 14:24:25,636 [Worker-90: Building] INFO  o.a.m.s.f.DefaultMavenResourcesFiltering - Copying 1 resource from src\main\resources to target\classes
2025-04-01 14:24:25,640 [Worker-90: Building] INFO  o.a.m.s.f.DefaultMavenResourcesFiltering - Copying 0 resource from src\main\resources to target\classes
2025-04-01 14:24:25,643 [Worker-90: Building] INFO  o.a.m.s.f.DefaultMavenResourcesFiltering - skip non existing resourceDirectory C:\Users\y_ravi\E-Portal Java\E-Portal\src\test\resources
2025-04-01 14:25:55,296 [Worker-96: Building] INFO  o.a.m.s.f.DefaultMavenResourcesFiltering - Copying 1 resource from src\main\resources to target\classes
2025-04-01 14:25:55,301 [Worker-96: Building] INFO  o.a.m.s.f.DefaultMavenResourcesFiltering - Copying 0 resource from src\main\resources to target\classes
2025-04-01 14:25:55,304 [Worker-96: Building] INFO  o.a.m.s.f.DefaultMavenResourcesFiltering - skip non existing resourceDirectory C:\Users\y_ravi\E-Portal Java\E-Portal\src\test\resources
2025-04-01 14:26:55,272 [Worker-94: Building] INFO  o.a.m.s.f.DefaultMavenResourcesFiltering - Copying 1 resource from src\main\resources to target\classes
2025-04-01 14:26:55,276 [Worker-94: Building] INFO  o.a.m.s.f.DefaultMavenResourcesFiltering - Copying 0 resource from src\main\resources to target\classes
2025-04-01 14:26:55,279 [Worker-94: Building] INFO  o.a.m.s.f.DefaultMavenResourcesFiltering - skip non existing resourceDirectory C:\Users\y_ravi\E-Portal Java\E-Portal\src\test\resources
2025-04-01 16:50:21,675 [Worker-116: Building] INFO  o.a.m.s.f.DefaultMavenResourcesFiltering - Copying 1 resource from src\main\resources to target\classes
2025-04-01 16:50:21,683 [Worker-116: Building] INFO  o.a.m.s.f.DefaultMavenResourcesFiltering - Copying 0 resource from src\main\resources to target\classes
2025-04-01 16:50:21,685 [Worker-116: Building] INFO  o.a.m.s.f.DefaultMavenResourcesFiltering - skip non existing resourceDirectory C:\Users\y_ravi\E-Portal Java\E-Portal\src\test\resources
2025-04-01 16:50:33,937 [Worker-115: Building] INFO  o.a.m.s.f.DefaultMavenResourcesFiltering - Copying 1 resource from src\main\resources to target\classes
2025-04-01 16:50:33,941 [Worker-115: Building] INFO  o.a.m.s.f.DefaultMavenResourcesFiltering - Copying 0 resource from src\main\resources to target\classes
2025-04-01 16:50:33,945 [Worker-115: Building] INFO  o.a.m.s.f.DefaultMavenResourcesFiltering - skip non existing resourceDirectory C:\Users\y_ravi\E-Portal Java\E-Portal\src\test\resources
2025-04-01 17:13:54,190 [Worker-122: Building] INFO  o.a.m.s.f.DefaultMavenResourcesFiltering - Copying 1 resource from src\main\resources to target\classes
2025-04-01 17:13:54,199 [Worker-122: Building] INFO  o.a.m.s.f.DefaultMavenResourcesFiltering - Copying 0 resource from src\main\resources to target\classes
2025-04-01 17:13:54,201 [Worker-122: Building] INFO  o.a.m.s.f.DefaultMavenResourcesFiltering - skip non existing resourceDirectory C:\Users\y_ravi\E-Portal Java\E-Portal\src\test\resources
2025-04-01 17:23:32,408 [Worker-124: Building] INFO  o.a.m.s.f.DefaultMavenResourcesFiltering - Copying 1 resource from src\main\resources to target\classes
2025-04-01 17:23:32,414 [Worker-124: Building] INFO  o.a.m.s.f.DefaultMavenResourcesFiltering - Copying 0 resource from src\main\resources to target\classes
2025-04-01 17:23:32,418 [Worker-124: Building] INFO  o.a.m.s.f.DefaultMavenResourcesFiltering - skip non existing resourceDirectory C:\Users\y_ravi\E-Portal Java\E-Portal\src\test\resources
2025-04-01 17:29:09,876 [Worker-124: Building] INFO  o.a.m.s.f.DefaultMavenResourcesFiltering - Copying 1 resource from src\main\resources to target\classes
2025-04-01 17:29:09,881 [Worker-124: Building] INFO  o.a.m.s.f.DefaultMavenResourcesFiltering - Copying 0 resource from src\main\resources to target\classes
2025-04-01 17:29:09,883 [Worker-124: Building] INFO  o.a.m.s.f.DefaultMavenResourcesFiltering - skip non existing resourceDirectory C:\Users\y_ravi\E-Portal Java\E-Portal\src\test\resources
2025-04-01 17:31:35,963 [Worker-125: Building] INFO  o.a.m.s.f.DefaultMavenResourcesFiltering - Copying 1 resource from src\main\resources to target\classes
2025-04-01 17:31:35,968 [Worker-125: Building] INFO  o.a.m.s.f.DefaultMavenResourcesFiltering - Copying 0 resource from src\main\resources to target\classes
2025-04-01 17:31:35,972 [Worker-125: Building] INFO  o.a.m.s.f.DefaultMavenResourcesFiltering - skip non existing resourceDirectory C:\Users\y_ravi\E-Portal Java\E-Portal\src\test\resources
2025-04-01 17:37:21,396 [Worker-127: Building] INFO  o.a.m.s.f.DefaultMavenResourcesFiltering - Copying 1 resource from src\main\resources to target\classes
2025-04-01 17:37:21,402 [Worker-127: Building] INFO  o.a.m.s.f.DefaultMavenResourcesFiltering - Copying 0 resource from src\main\resources to target\classes
2025-04-01 17:37:21,405 [Worker-127: Building] INFO  o.a.m.s.f.DefaultMavenResourcesFiltering - skip non existing resourceDirectory C:\Users\y_ravi\E-Portal Java\E-Portal\src\test\resources
2025-04-01 17:37:25,063 [Worker-120: Building] INFO  o.a.m.s.f.DefaultMavenResourcesFiltering - Copying 1 resource from src\main\resources to target\classes
2025-04-01 17:37:25,070 [Worker-120: Building] INFO  o.a.m.s.f.DefaultMavenResourcesFiltering - Copying 0 resource from src\main\resources to target\classes
2025-04-01 17:37:25,075 [Worker-120: Building] INFO  o.a.m.s.f.DefaultMavenResourcesFiltering - skip non existing resourceDirectory C:\Users\y_ravi\E-Portal Java\E-Portal\src\test\resources
2025-04-01 17:40:03,820 [Worker-131: Building] INFO  o.a.m.s.f.DefaultMavenResourcesFiltering - Copying 1 resource from src\main\resources to target\classes
2025-04-01 17:40:03,833 [Worker-131: Building] INFO  o.a.m.s.f.DefaultMavenResourcesFiltering - Copying 0 resource from src\main\resources to target\classes
2025-04-01 17:40:03,849 [Worker-131: Building] INFO  o.a.m.s.f.DefaultMavenResourcesFiltering - skip non existing resourceDirectory C:\Users\y_ravi\E-Portal Java\E-Portal\src\test\resources
2025-04-01 17:41:35,051 [Worker-130: Updating Maven Project] INFO  o.e.m.c.i.p.ProjectConfigurationManager - Update started
2025-04-01 17:41:35,468 [Worker-130: Updating Maven Project] INFO  o.e.m.c.i.l.LifecycleMappingFactory - Using org.eclipse.m2e.jdt.JarLifecycleMapping lifecycle mapping for MavenProject: com.example:E-Portal:0.0.1-SNAPSHOT @ C:\Users\y_ravi\E-Portal Java\E-Portal\pom.xml.
2025-04-01 17:41:36,413 [Worker-130: Updating Maven Project] INFO  o.e.m.j.i.AbstractJavaProjectConfigurator - Adding source folder /E-Portal/src/main/java
2025-04-01 17:41:36,414 [Worker-130: Updating Maven Project] INFO  o.e.m.j.i.AbstractJavaProjectConfigurator - Adding resource folder /E-Portal/src/main/resources
2025-04-01 17:41:36,415 [Worker-130: Updating Maven Project] INFO  o.e.m.j.i.AbstractJavaProjectConfigurator - Adding resource folder /E-Portal/src/main/resources
2025-04-01 17:41:36,415 [Worker-130: Updating Maven Project] INFO  o.e.m.j.i.AbstractJavaProjectConfigurator - Adding source folder /E-Portal/src/test/java
2025-04-01 17:41:36,416 [Worker-130: Updating Maven Project] INFO  o.e.m.j.i.AbstractJavaProjectConfigurator - Adding resource folder /E-Portal/src/test/resources
2025-04-01 17:41:36,996 [Worker-130: Updating Maven Project] INFO  o.e.m.c.i.p.ProjectConfigurationManager - Update completed for 1 poms: local refresh takes 0.00 sec, refresh facades takes 1.00 sec, update config takes 0.00 sec 
2025-04-01 17:41:37,755 [Worker-134: Building] INFO  o.a.m.s.f.DefaultMavenResourcesFiltering - Copying 1 resource from src\main\resources to target\classes
2025-04-01 17:41:37,773 [Worker-134: Building] INFO  o.a.m.s.f.DefaultMavenResourcesFiltering - Copying 0 resource from src\main\resources to target\classes
2025-04-01 17:41:37,778 [Worker-134: Building] INFO  o.a.m.s.f.DefaultMavenResourcesFiltering - skip non existing resourceDirectory C:\Users\y_ravi\E-Portal Java\E-Portal\src\test\resources
2025-04-01 17:41:49,872 [Worker-140: Updating Maven Project] INFO  o.e.m.c.i.p.ProjectConfigurationManager - Update started
2025-04-01 17:41:50,138 [Worker-140: Updating Maven Project] INFO  o.e.m.c.i.l.LifecycleMappingFactory - Using org.eclipse.m2e.jdt.JarLifecycleMapping lifecycle mapping for MavenProject: com.example:E-Portal:0.0.1-SNAPSHOT @ C:\Users\y_ravi\E-Portal Java\E-Portal\pom.xml.
2025-04-01 17:41:50,673 [Worker-140: Updating Maven Project] INFO  o.e.m.j.i.AbstractJavaProjectConfigurator - Adding source folder /E-Portal/src/main/java
2025-04-01 17:41:50,673 [Worker-140: Updating Maven Project] INFO  o.e.m.j.i.AbstractJavaProjectConfigurator - Adding resource folder /E-Portal/src/main/resources
2025-04-01 17:41:50,674 [Worker-140: Updating Maven Project] INFO  o.e.m.j.i.AbstractJavaProjectConfigurator - Adding resource folder /E-Portal/src/main/resources
2025-04-01 17:41:50,674 [Worker-140: Updating Maven Project] INFO  o.e.m.j.i.AbstractJavaProjectConfigurator - Adding source folder /E-Portal/src/test/java
2025-04-01 17:41:50,675 [Worker-140: Updating Maven Project] INFO  o.e.m.j.i.AbstractJavaProjectConfigurator - Adding resource folder /E-Portal/src/test/resources
2025-04-01 17:41:51,179 [Worker-140: Updating Maven Project] INFO  o.e.m.c.i.p.ProjectConfigurationManager - Update completed for 1 poms: local refresh takes 0.00 sec, refresh facades takes 0.00 sec, update config takes 0.00 sec 
2025-04-01 17:41:51,696 [Worker-137: Building] INFO  o.a.m.s.f.DefaultMavenResourcesFiltering - Copying 1 resource from src\main\resources to target\classes
2025-04-01 17:41:51,719 [Worker-137: Building] INFO  o.a.m.s.f.DefaultMavenResourcesFiltering - Copying 0 resource from src\main\resources to target\classes
2025-04-01 17:41:51,725 [Worker-137: Building] INFO  o.a.m.s.f.DefaultMavenResourcesFiltering - skip non existing resourceDirectory C:\Users\y_ravi\E-Portal Java\E-Portal\src\test\resources
2025-04-01 17:45:34,270 [Worker-141: Building] INFO  o.a.m.s.f.DefaultMavenResourcesFiltering - Copying 1 resource from src\main\resources to target\classes
2025-04-01 17:45:34,274 [Worker-141: Building] INFO  o.a.m.s.f.DefaultMavenResourcesFiltering - Copying 0 resource from src\main\resources to target\classes
2025-04-01 17:45:34,276 [Worker-141: Building] INFO  o.a.m.s.f.DefaultMavenResourcesFiltering - skip non existing resourceDirectory C:\Users\y_ravi\E-Portal Java\E-Portal\src\test\resources
2025-04-01 17:45:48,193 [Worker-146: Building] INFO  o.a.m.s.f.DefaultMavenResourcesFiltering - Copying 1 resource from src\main\resources to target\classes
2025-04-01 17:45:48,200 [Worker-146: Building] INFO  o.a.m.s.f.DefaultMavenResourcesFiltering - Copying 0 resource from src\main\resources to target\classes
2025-04-01 17:45:48,203 [Worker-146: Building] INFO  o.a.m.s.f.DefaultMavenResourcesFiltering - skip non existing resourceDirectory C:\Users\y_ravi\E-Portal Java\E-Portal\src\test\resources
2025-04-01 17:46:53,702 [Worker-148: Building] INFO  o.a.m.s.f.DefaultMavenResourcesFiltering - Copying 1 resource from src\main\resources to target\classes
2025-04-01 17:46:53,707 [Worker-148: Building] INFO  o.a.m.s.f.DefaultMavenResourcesFiltering - Copying 0 resource from src\main\resources to target\classes
2025-04-01 17:46:53,709 [Worker-148: Building] INFO  o.a.m.s.f.DefaultMavenResourcesFiltering - skip non existing resourceDirectory C:\Users\y_ravi\E-Portal Java\E-Portal\src\test\resources
2025-04-01 17:47:25,134 [Worker-145: Building] INFO  o.a.m.s.f.DefaultMavenResourcesFiltering - Copying 1 resource from src\main\resources to target\classes
2025-04-01 17:47:25,138 [Worker-145: Building] INFO  o.a.m.s.f.DefaultMavenResourcesFiltering - Copying 0 resource from src\main\resources to target\classes
2025-04-01 17:47:25,141 [Worker-145: Building] INFO  o.a.m.s.f.DefaultMavenResourcesFiltering - skip non existing resourceDirectory C:\Users\y_ravi\E-Portal Java\E-Portal\src\test\resources
2025-04-01 17:50:51,017 [Worker-150: Building] INFO  o.a.m.s.f.DefaultMavenResourcesFiltering - Copying 1 resource from src\main\resources to target\classes
2025-04-01 17:50:51,023 [Worker-150: Building] INFO  o.a.m.s.f.DefaultMavenResourcesFiltering - Copying 0 resource from src\main\resources to target\classes
2025-04-01 17:50:51,027 [Worker-150: Building] INFO  o.a.m.s.f.DefaultMavenResourcesFiltering - skip non existing resourceDirectory C:\Users\y_ravi\E-Portal Java\E-Portal\src\test\resources
2025-04-01 17:54:29,502 [Worker-149: Building] INFO  o.a.m.s.f.DefaultMavenResourcesFiltering - Copying 1 resource from src\main\resources to target\classes
2025-04-01 17:54:29,507 [Worker-149: Building] INFO  o.a.m.s.f.DefaultMavenResourcesFiltering - Copying 0 resource from src\main\resources to target\classes
2025-04-01 17:54:29,510 [Worker-149: Building] INFO  o.a.m.s.f.DefaultMavenResourcesFiltering - skip non existing resourceDirectory C:\Users\y_ravi\E-Portal Java\E-Portal\src\test\resources
2025-04-01 17:54:36,188 [Worker-148: Building] INFO  o.a.m.s.f.DefaultMavenResourcesFiltering - Copying 1 resource from src\main\resources to target\classes
2025-04-01 17:54:36,193 [Worker-148: Building] INFO  o.a.m.s.f.DefaultMavenResourcesFiltering - Copying 0 resource from src\main\resources to target\classes
2025-04-01 17:54:36,197 [Worker-148: Building] INFO  o.a.m.s.f.DefaultMavenResourcesFiltering - skip non existing resourceDirectory C:\Users\y_ravi\E-Portal Java\E-Portal\src\test\resources
2025-04-01 17:54:41,149 [Worker-150: Building] INFO  o.a.m.s.f.DefaultMavenResourcesFiltering - Copying 1 resource from src\main\resources to target\classes
2025-04-01 17:54:41,154 [Worker-150: Building] INFO  o.a.m.s.f.DefaultMavenResourcesFiltering - Copying 0 resource from src\main\resources to target\classes
2025-04-01 17:54:41,157 [Worker-150: Building] INFO  o.a.m.s.f.DefaultMavenResourcesFiltering - skip non existing resourceDirectory C:\Users\y_ravi\E-Portal Java\E-Portal\src\test\resources
2025-04-01 17:54:52,629 [Worker-152: Building] INFO  o.a.m.s.f.DefaultMavenResourcesFiltering - Copying 1 resource from src\main\resources to target\classes
2025-04-01 17:54:52,633 [Worker-152: Building] INFO  o.a.m.s.f.DefaultMavenResourcesFiltering - Copying 0 resource from src\main\resources to target\classes
2025-04-01 17:54:52,635 [Worker-152: Building] INFO  o.a.m.s.f.DefaultMavenResourcesFiltering - skip non existing resourceDirectory C:\Users\y_ravi\E-Portal Java\E-Portal\src\test\resources
2025-04-01 17:54:59,643 [Worker-153: Launching Executing clean in C__Users_y_ravi_E-Portal Java_E-Portal] INFO  o.eclipse.m2e.core.internal.Bundles - getClasspathEntries(Bundle=org.eclipse.m2e.maven.runtime_3.9.600.20231203-1234 [354])
2025-04-01 17:54:59,645 [Worker-153: Launching Executing clean in C__Users_y_ravi_E-Portal Java_E-Portal] INFO  o.eclipse.m2e.core.internal.Bundles - 	Entry: C:\Users\y_ravi\Downloads\sts-4.22.1.RELEASE\plugins\org.eclipse.m2e.maven.runtime_3.9.600.20231203-1234
2025-04-01 17:54:59,646 [Worker-153: Launching Executing clean in C__Users_y_ravi_E-Portal Java_E-Portal] INFO  o.eclipse.m2e.core.internal.Bundles - 	Entry: C:\Users\y_ravi\Downloads\sts-4.22.1.RELEASE\plugins\org.eclipse.m2e.maven.runtime_3.9.600.20231203-1234\jars\aopalliance-1.0.jar
2025-04-01 17:54:59,646 [Worker-153: Launching Executing clean in C__Users_y_ravi_E-Portal Java_E-Portal] INFO  o.eclipse.m2e.core.internal.Bundles - 	Entry: C:\Users\y_ravi\Downloads\sts-4.22.1.RELEASE\plugins\org.eclipse.m2e.maven.runtime_3.9.600.20231203-1234\jars\guice-5.1.0.jar
2025-04-01 17:54:59,646 [Worker-153: Launching Executing clean in C__Users_y_ravi_E-Portal Java_E-Portal] INFO  o.eclipse.m2e.core.internal.Bundles - 	Entry: C:\Users\y_ravi\Downloads\sts-4.22.1.RELEASE\plugins\org.eclipse.m2e.maven.runtime_3.9.600.20231203-1234\jars\httpclient-4.5.14.jar
2025-04-01 17:54:59,646 [Worker-153: Launching Executing clean in C__Users_y_ravi_E-Portal Java_E-Portal] INFO  o.eclipse.m2e.core.internal.Bundles - 	Entry: C:\Users\y_ravi\Downloads\sts-4.22.1.RELEASE\plugins\org.eclipse.m2e.maven.runtime_3.9.600.20231203-1234\jars\httpcore-4.4.16.jar
2025-04-01 17:54:59,646 [Worker-153: Launching Executing clean in C__Users_y_ravi_E-Portal Java_E-Portal] INFO  o.eclipse.m2e.core.internal.Bundles - 	Entry: C:\Users\y_ravi\Downloads\sts-4.22.1.RELEASE\plugins\org.eclipse.m2e.maven.runtime_3.9.600.20231203-1234\jars\jansi-2.4.0.jar
2025-04-01 17:54:59,646 [Worker-153: Launching Executing clean in C__Users_y_ravi_E-Portal Java_E-Portal] INFO  o.eclipse.m2e.core.internal.Bundles - 	Entry: C:\Users\y_ravi\Downloads\sts-4.22.1.RELEASE\plugins\org.eclipse.m2e.maven.runtime_3.9.600.20231203-1234\jars\jcl-over-slf4j-1.7.36.jar
2025-04-01 17:54:59,646 [Worker-153: Launching Executing clean in C__Users_y_ravi_E-Portal Java_E-Portal] INFO  o.eclipse.m2e.core.internal.Bundles - 	Entry: C:\Users\y_ravi\Downloads\sts-4.22.1.RELEASE\plugins\org.eclipse.m2e.maven.runtime_3.9.600.20231203-1234\jars\maven-artifact-3.9.6.jar
2025-04-01 17:54:59,647 [Worker-153: Launching Executing clean in C__Users_y_ravi_E-Portal Java_E-Portal] INFO  o.eclipse.m2e.core.internal.Bundles - 	Entry: C:\Users\y_ravi\Downloads\sts-4.22.1.RELEASE\plugins\org.eclipse.m2e.maven.runtime_3.9.600.20231203-1234\jars\maven-builder-support-3.9.6.jar
2025-04-01 17:54:59,647 [Worker-153: Launching Executing clean in C__Users_y_ravi_E-Portal Java_E-Portal] INFO  o.eclipse.m2e.core.internal.Bundles - 	Entry: C:\Users\y_ravi\Downloads\sts-4.22.1.RELEASE\plugins\org.eclipse.m2e.maven.runtime_3.9.600.20231203-1234\jars\maven-compat-3.9.6.jar
2025-04-01 17:54:59,647 [Worker-153: Launching Executing clean in C__Users_y_ravi_E-Portal Java_E-Portal] INFO  o.eclipse.m2e.core.internal.Bundles - 	Entry: C:\Users\y_ravi\Downloads\sts-4.22.1.RELEASE\plugins\org.eclipse.m2e.maven.runtime_3.9.600.20231203-1234\jars\maven-core-3.9.6.jar
2025-04-01 17:54:59,647 [Worker-153: Launching Executing clean in C__Users_y_ravi_E-Portal Java_E-Portal] INFO  o.eclipse.m2e.core.internal.Bundles - 	Entry: C:\Users\y_ravi\Downloads\sts-4.22.1.RELEASE\plugins\org.eclipse.m2e.maven.runtime_3.9.600.20231203-1234\jars\maven-embedder-3.9.6.jar
2025-04-01 17:54:59,647 [Worker-153: Launching Executing clean in C__Users_y_ravi_E-Portal Java_E-Portal] INFO  o.eclipse.m2e.core.internal.Bundles - 	Entry: C:\Users\y_ravi\Downloads\sts-4.22.1.RELEASE\plugins\org.eclipse.m2e.maven.runtime_3.9.600.20231203-1234\jars\maven-model-3.9.6.jar
2025-04-01 17:54:59,647 [Worker-153: Launching Executing clean in C__Users_y_ravi_E-Portal Java_E-Portal] INFO  o.eclipse.m2e.core.internal.Bundles - 	Entry: C:\Users\y_ravi\Downloads\sts-4.22.1.RELEASE\plugins\org.eclipse.m2e.maven.runtime_3.9.600.20231203-1234\jars\maven-model-builder-3.9.6.jar
2025-04-01 17:54:59,647 [Worker-153: Launching Executing clean in C__Users_y_ravi_E-Portal Java_E-Portal] INFO  o.eclipse.m2e.core.internal.Bundles - 	Entry: C:\Users\y_ravi\Downloads\sts-4.22.1.RELEASE\plugins\org.eclipse.m2e.maven.runtime_3.9.600.20231203-1234\jars\maven-plugin-api-3.9.6.jar
2025-04-01 17:54:59,647 [Worker-153: Launching Executing clean in C__Users_y_ravi_E-Portal Java_E-Portal] INFO  o.eclipse.m2e.core.internal.Bundles - 	Entry: C:\Users\y_ravi\Downloads\sts-4.22.1.RELEASE\plugins\org.eclipse.m2e.maven.runtime_3.9.600.20231203-1234\jars\maven-repository-metadata-3.9.6.jar
2025-04-01 17:54:59,648 [Worker-153: Launching Executing clean in C__Users_y_ravi_E-Portal Java_E-Portal] INFO  o.eclipse.m2e.core.internal.Bundles - 	Entry: C:\Users\y_ravi\Downloads\sts-4.22.1.RELEASE\plugins\org.eclipse.m2e.maven.runtime_3.9.600.20231203-1234\jars\maven-resolver-api-1.9.18.jar
2025-04-01 17:54:59,648 [Worker-153: Launching Executing clean in C__Users_y_ravi_E-Portal Java_E-Portal] INFO  o.eclipse.m2e.core.internal.Bundles - 	Entry: C:\Users\y_ravi\Downloads\sts-4.22.1.RELEASE\plugins\org.eclipse.m2e.maven.runtime_3.9.600.20231203-1234\jars\maven-resolver-connector-basic-1.9.18.jar
2025-04-01 17:54:59,648 [Worker-153: Launching Executing clean in C__Users_y_ravi_E-Portal Java_E-Portal] INFO  o.eclipse.m2e.core.internal.Bundles - 	Entry: C:\Users\y_ravi\Downloads\sts-4.22.1.RELEASE\plugins\org.eclipse.m2e.maven.runtime_3.9.600.20231203-1234\jars\maven-resolver-impl-1.9.18.jar
2025-04-01 17:54:59,648 [Worker-153: Launching Executing clean in C__Users_y_ravi_E-Portal Java_E-Portal] INFO  o.eclipse.m2e.core.internal.Bundles - 	Entry: C:\Users\y_ravi\Downloads\sts-4.22.1.RELEASE\plugins\org.eclipse.m2e.maven.runtime_3.9.600.20231203-1234\jars\maven-resolver-named-locks-1.9.18.jar
2025-04-01 17:54:59,648 [Worker-153: Launching Executing clean in C__Users_y_ravi_E-Portal Java_E-Portal] INFO  o.eclipse.m2e.core.internal.Bundles - 	Entry: C:\Users\y_ravi\Downloads\sts-4.22.1.RELEASE\plugins\org.eclipse.m2e.maven.runtime_3.9.600.20231203-1234\jars\maven-resolver-provider-3.9.6.jar
2025-04-01 17:54:59,648 [Worker-153: Launching Executing clean in C__Users_y_ravi_E-Portal Java_E-Portal] INFO  o.eclipse.m2e.core.internal.Bundles - 	Entry: C:\Users\y_ravi\Downloads\sts-4.22.1.RELEASE\plugins\org.eclipse.m2e.maven.runtime_3.9.600.20231203-1234\jars\maven-resolver-spi-1.9.18.jar
2025-04-01 17:54:59,648 [Worker-153: Launching Executing clean in C__Users_y_ravi_E-Portal Java_E-Portal] INFO  o.eclipse.m2e.core.internal.Bundles - 	Entry: C:\Users\y_ravi\Downloads\sts-4.22.1.RELEASE\plugins\org.eclipse.m2e.maven.runtime_3.9.600.20231203-1234\jars\maven-resolver-transport-file-1.9.18.jar
2025-04-01 17:54:59,648 [Worker-153: Launching Executing clean in C__Users_y_ravi_E-Portal Java_E-Portal] INFO  o.eclipse.m2e.core.internal.Bundles - 	Entry: C:\Users\y_ravi\Downloads\sts-4.22.1.RELEASE\plugins\org.eclipse.m2e.maven.runtime_3.9.600.20231203-1234\jars\maven-resolver-transport-http-1.9.18.jar
2025-04-01 17:54:59,648 [Worker-153: Launching Executing clean in C__Users_y_ravi_E-Portal Java_E-Portal] INFO  o.eclipse.m2e.core.internal.Bundles - 	Entry: C:\Users\y_ravi\Downloads\sts-4.22.1.RELEASE\plugins\org.eclipse.m2e.maven.runtime_3.9.600.20231203-1234\jars\maven-resolver-transport-wagon-1.9.18.jar
2025-04-01 17:54:59,649 [Worker-153: Launching Executing clean in C__Users_y_ravi_E-Portal Java_E-Portal] INFO  o.eclipse.m2e.core.internal.Bundles - 	Entry: C:\Users\y_ravi\Downloads\sts-4.22.1.RELEASE\plugins\org.eclipse.m2e.maven.runtime_3.9.600.20231203-1234\jars\maven-resolver-util-1.9.18.jar
2025-04-01 17:54:59,649 [Worker-153: Launching Executing clean in C__Users_y_ravi_E-Portal Java_E-Portal] INFO  o.eclipse.m2e.core.internal.Bundles - 	Entry: C:\Users\y_ravi\Downloads\sts-4.22.1.RELEASE\plugins\org.eclipse.m2e.maven.runtime_3.9.600.20231203-1234\jars\maven-settings-3.9.6.jar
2025-04-01 17:54:59,649 [Worker-153: Launching Executing clean in C__Users_y_ravi_E-Portal Java_E-Portal] INFO  o.eclipse.m2e.core.internal.Bundles - 	Entry: C:\Users\y_ravi\Downloads\sts-4.22.1.RELEASE\plugins\org.eclipse.m2e.maven.runtime_3.9.600.20231203-1234\jars\maven-settings-builder-3.9.6.jar
2025-04-01 17:54:59,649 [Worker-153: Launching Executing clean in C__Users_y_ravi_E-Portal Java_E-Portal] INFO  o.eclipse.m2e.core.internal.Bundles - 	Entry: C:\Users\y_ravi\Downloads\sts-4.22.1.RELEASE\plugins\org.eclipse.m2e.maven.runtime_3.9.600.20231203-1234\jars\maven-shared-utils-3.3.4.jar
2025-04-01 17:54:59,649 [Worker-153: Launching Executing clean in C__Users_y_ravi_E-Portal Java_E-Portal] INFO  o.eclipse.m2e.core.internal.Bundles - 	Entry: C:\Users\y_ravi\Downloads\sts-4.22.1.RELEASE\plugins\org.eclipse.m2e.maven.runtime_3.9.600.20231203-1234\jars\org.eclipse.sisu.inject-0.9.0.M2.jar
2025-04-01 17:54:59,649 [Worker-153: Launching Executing clean in C__Users_y_ravi_E-Portal Java_E-Portal] INFO  o.eclipse.m2e.core.internal.Bundles - 	Entry: C:\Users\y_ravi\Downloads\sts-4.22.1.RELEASE\plugins\org.eclipse.m2e.maven.runtime_3.9.600.20231203-1234\jars\org.eclipse.sisu.plexus-0.9.0.M2.jar
2025-04-01 17:54:59,649 [Worker-153: Launching Executing clean in C__Users_y_ravi_E-Portal Java_E-Portal] INFO  o.eclipse.m2e.core.internal.Bundles - 	Entry: C:\Users\y_ravi\Downloads\sts-4.22.1.RELEASE\plugins\org.eclipse.m2e.maven.runtime_3.9.600.20231203-1234\jars\plexus-build-api-0.0.7.jar
2025-04-01 17:54:59,649 [Worker-153: Launching Executing clean in C__Users_y_ravi_E-Portal Java_E-Portal] INFO  o.eclipse.m2e.core.internal.Bundles - 	Entry: C:\Users\y_ravi\Downloads\sts-4.22.1.RELEASE\plugins\org.eclipse.m2e.maven.runtime_3.9.600.20231203-1234\jars\plexus-cipher-2.0.jar
2025-04-01 17:54:59,649 [Worker-153: Launching Executing clean in C__Users_y_ravi_E-Portal Java_E-Portal] INFO  o.eclipse.m2e.core.internal.Bundles - 	Entry: C:\Users\y_ravi\Downloads\sts-4.22.1.RELEASE\plugins\org.eclipse.m2e.maven.runtime_3.9.600.20231203-1234\jars\plexus-classworlds-2.7.0.jar
2025-04-01 17:54:59,650 [Worker-153: Launching Executing clean in C__Users_y_ravi_E-Portal Java_E-Portal] INFO  o.eclipse.m2e.core.internal.Bundles - 	Entry: C:\Users\y_ravi\Downloads\sts-4.22.1.RELEASE\plugins\org.eclipse.m2e.maven.runtime_3.9.600.20231203-1234\jars\plexus-component-annotations-2.1.0.jar
2025-04-01 17:54:59,650 [Worker-153: Launching Executing clean in C__Users_y_ravi_E-Portal Java_E-Portal] INFO  o.eclipse.m2e.core.internal.Bundles - 	Entry: C:\Users\y_ravi\Downloads\sts-4.22.1.RELEASE\plugins\org.eclipse.m2e.maven.runtime_3.9.600.20231203-1234\jars\plexus-interpolation-1.26.jar
2025-04-01 17:54:59,650 [Worker-153: Launching Executing clean in C__Users_y_ravi_E-Portal Java_E-Portal] INFO  o.eclipse.m2e.core.internal.Bundles - 	Entry: C:\Users\y_ravi\Downloads\sts-4.22.1.RELEASE\plugins\org.eclipse.m2e.maven.runtime_3.9.600.20231203-1234\jars\plexus-sec-dispatcher-2.0.jar
2025-04-01 17:54:59,650 [Worker-153: Launching Executing clean in C__Users_y_ravi_E-Portal Java_E-Portal] INFO  o.eclipse.m2e.core.internal.Bundles - 	Entry: C:\Users\y_ravi\Downloads\sts-4.22.1.RELEASE\plugins\org.eclipse.m2e.maven.runtime_3.9.600.20231203-1234\jars\plexus-utils-3.5.1.jar
2025-04-01 17:54:59,650 [Worker-153: Launching Executing clean in C__Users_y_ravi_E-Portal Java_E-Portal] INFO  o.eclipse.m2e.core.internal.Bundles - 	Entry: C:\Users\y_ravi\Downloads\sts-4.22.1.RELEASE\plugins\org.eclipse.m2e.maven.runtime_3.9.600.20231203-1234\jars\wagon-file-3.5.3.jar
2025-04-01 17:54:59,650 [Worker-153: Launching Executing clean in C__Users_y_ravi_E-Portal Java_E-Portal] INFO  o.eclipse.m2e.core.internal.Bundles - 	Entry: C:\Users\y_ravi\Downloads\sts-4.22.1.RELEASE\plugins\org.eclipse.m2e.maven.runtime_3.9.600.20231203-1234\jars\wagon-http-3.5.3.jar
2025-04-01 17:54:59,650 [Worker-153: Launching Executing clean in C__Users_y_ravi_E-Portal Java_E-Portal] INFO  o.eclipse.m2e.core.internal.Bundles - 	Entry: C:\Users\y_ravi\Downloads\sts-4.22.1.RELEASE\plugins\org.eclipse.m2e.maven.runtime_3.9.600.20231203-1234\jars\wagon-http-shared-3.5.3.jar
2025-04-01 17:54:59,650 [Worker-153: Launching Executing clean in C__Users_y_ravi_E-Portal Java_E-Portal] INFO  o.eclipse.m2e.core.internal.Bundles - 	Entry: C:\Users\y_ravi\Downloads\sts-4.22.1.RELEASE\plugins\org.eclipse.m2e.maven.runtime_3.9.600.20231203-1234\jars\wagon-provider-api-3.5.3.jar
2025-04-01 17:54:59,651 [Worker-153: Launching Executing clean in C__Users_y_ravi_E-Portal Java_E-Portal] INFO  o.eclipse.m2e.core.internal.Bundles - getClasspathEntries(Bundle=com.google.guava_33.0.0.jre [27])
2025-04-01 17:54:59,651 [Worker-153: Launching Executing clean in C__Users_y_ravi_E-Portal Java_E-Portal] INFO  o.eclipse.m2e.core.internal.Bundles - 	Entry: C:\Users\y_ravi\Downloads\sts-4.22.1.RELEASE\plugins\com.google.guava_33.0.0.jre.jar
2025-04-01 17:54:59,651 [Worker-153: Launching Executing clean in C__Users_y_ravi_E-Portal Java_E-Portal] INFO  o.eclipse.m2e.core.internal.Bundles - getClasspathEntries(Bundle=slf4j.api_2.0.12 [584])
2025-04-01 17:54:59,651 [Worker-153: Launching Executing clean in C__Users_y_ravi_E-Portal Java_E-Portal] INFO  o.eclipse.m2e.core.internal.Bundles - 	Entry: C:\Users\y_ravi\Downloads\sts-4.22.1.RELEASE\plugins\slf4j.api_2.0.12.jar
2025-04-01 17:54:59,651 [Worker-153: Launching Executing clean in C__Users_y_ravi_E-Portal Java_E-Portal] INFO  o.eclipse.m2e.core.internal.Bundles - getClasspathEntries(Bundle=jakarta.inject.jakarta.inject-api_1.0.5 [44])
2025-04-01 17:54:59,652 [Worker-153: Launching Executing clean in C__Users_y_ravi_E-Portal Java_E-Portal] INFO  o.eclipse.m2e.core.internal.Bundles - 	Entry: C:\Users\y_ravi\Downloads\sts-4.22.1.RELEASE\plugins\jakarta.inject.jakarta.inject-api_1.0.5.jar
2025-04-01 17:54:59,652 [Worker-153: Launching Executing clean in C__Users_y_ravi_E-Portal Java_E-Portal] INFO  o.eclipse.m2e.core.internal.Bundles - getClasspathEntries(Bundle=jakarta.annotation-api_1.3.5 [40])
2025-04-01 17:54:59,652 [Worker-153: Launching Executing clean in C__Users_y_ravi_E-Portal Java_E-Portal] INFO  o.eclipse.m2e.core.internal.Bundles - 	Entry: C:\Users\y_ravi\Downloads\sts-4.22.1.RELEASE\plugins\jakarta.annotation-api_1.3.5.jar
2025-04-01 17:54:59,652 [Worker-153: Launching Executing clean in C__Users_y_ravi_E-Portal Java_E-Portal] INFO  o.eclipse.m2e.core.internal.Bundles - getClasspathEntries(Bundle=org.apache.commons.cli_1.6.0 [75])
2025-04-01 17:54:59,652 [Worker-153: Launching Executing clean in C__Users_y_ravi_E-Portal Java_E-Portal] INFO  o.eclipse.m2e.core.internal.Bundles - 	Entry: C:\Users\y_ravi\Downloads\sts-4.22.1.RELEASE\plugins\org.apache.commons.cli_1.6.0.jar
2025-04-01 17:54:59,652 [Worker-153: Launching Executing clean in C__Users_y_ravi_E-Portal Java_E-Portal] INFO  o.eclipse.m2e.core.internal.Bundles - getClasspathEntries(Bundle=org.apache.commons.commons-codec_1.16.0 [77])
2025-04-01 17:54:59,653 [Worker-153: Launching Executing clean in C__Users_y_ravi_E-Portal Java_E-Portal] INFO  o.eclipse.m2e.core.internal.Bundles - 	Entry: C:\Users\y_ravi\Downloads\sts-4.22.1.RELEASE\plugins\org.apache.commons.commons-codec_1.16.0.jar
2025-04-01 17:54:59,653 [Worker-153: Launching Executing clean in C__Users_y_ravi_E-Portal Java_E-Portal] INFO  o.eclipse.m2e.core.internal.Bundles - getClasspathEntries(Bundle=org.apache.commons.lang3_3.14.0 [81])
2025-04-01 17:54:59,654 [Worker-153: Launching Executing clean in C__Users_y_ravi_E-Portal Java_E-Portal] INFO  o.eclipse.m2e.core.internal.Bundles - 	Entry: C:\Users\y_ravi\Downloads\sts-4.22.1.RELEASE\plugins\org.apache.commons.lang3_3.14.0.jar
2025-04-01 17:54:59,654 [Worker-153: Launching Executing clean in C__Users_y_ravi_E-Portal Java_E-Portal] INFO  o.eclipse.m2e.core.internal.Bundles - getClasspathEntries(Bundle=com.google.guava.failureaccess_1.0.2 [29])
2025-04-01 17:54:59,654 [Worker-153: Launching Executing clean in C__Users_y_ravi_E-Portal Java_E-Portal] INFO  o.eclipse.m2e.core.internal.Bundles - 	Entry: C:\Users\y_ravi\Downloads\sts-4.22.1.RELEASE\plugins\com.google.guava.failureaccess_1.0.2.jar
2025-04-01 17:54:59,657 [Worker-153: Launching Executing clean in C__Users_y_ravi_E-Portal Java_E-Portal] INFO  o.e.m.i.launch.MavenLaunchDelegate - Run build in "C:\Users\y_ravi\E-Portal Java\E-Portal":
2025-04-01 17:54:59,658 [Worker-153: Launching Executing clean in C__Users_y_ravi_E-Portal Java_E-Portal] INFO  o.e.m.i.launch.MavenLaunchDelegate -  mvn  -Ppom.xml -B -Dstyle.color=always clean
2025-04-01 17:55:02,598 [Worker-152: Building] INFO  o.a.m.s.f.DefaultMavenResourcesFiltering - Copying 1 resource from src\main\resources to target\classes
2025-04-01 17:55:02,600 [Worker-152: Building] INFO  o.a.m.s.f.DefaultMavenResourcesFiltering - Copying 0 resource from src\main\resources to target\classes
2025-04-01 17:55:02,604 [Worker-152: Building] INFO  o.a.m.s.f.DefaultMavenResourcesFiltering - skip non existing resourceDirectory C:\Users\y_ravi\E-Portal Java\E-Portal\src\test\resources
2025-04-01 17:55:08,500 [Worker-149: Launching Executing install in C__Users_y_ravi_E-Portal Java_E-Portal] INFO  o.eclipse.m2e.core.internal.Bundles - getClasspathEntries(Bundle=org.eclipse.m2e.maven.runtime_3.9.600.20231203-1234 [354])
2025-04-01 17:55:08,501 [Worker-149: Launching Executing install in C__Users_y_ravi_E-Portal Java_E-Portal] INFO  o.eclipse.m2e.core.internal.Bundles - 	Entry: C:\Users\y_ravi\Downloads\sts-4.22.1.RELEASE\plugins\org.eclipse.m2e.maven.runtime_3.9.600.20231203-1234
2025-04-01 17:55:08,501 [Worker-149: Launching Executing install in C__Users_y_ravi_E-Portal Java_E-Portal] INFO  o.eclipse.m2e.core.internal.Bundles - 	Entry: C:\Users\y_ravi\Downloads\sts-4.22.1.RELEASE\plugins\org.eclipse.m2e.maven.runtime_3.9.600.20231203-1234\jars\aopalliance-1.0.jar
2025-04-01 17:55:08,502 [Worker-149: Launching Executing install in C__Users_y_ravi_E-Portal Java_E-Portal] INFO  o.eclipse.m2e.core.internal.Bundles - 	Entry: C:\Users\y_ravi\Downloads\sts-4.22.1.RELEASE\plugins\org.eclipse.m2e.maven.runtime_3.9.600.20231203-1234\jars\guice-5.1.0.jar
2025-04-01 17:55:08,502 [Worker-149: Launching Executing install in C__Users_y_ravi_E-Portal Java_E-Portal] INFO  o.eclipse.m2e.core.internal.Bundles - 	Entry: C:\Users\y_ravi\Downloads\sts-4.22.1.RELEASE\plugins\org.eclipse.m2e.maven.runtime_3.9.600.20231203-1234\jars\httpclient-4.5.14.jar
2025-04-01 17:55:08,502 [Worker-149: Launching Executing install in C__Users_y_ravi_E-Portal Java_E-Portal] INFO  o.eclipse.m2e.core.internal.Bundles - 	Entry: C:\Users\y_ravi\Downloads\sts-4.22.1.RELEASE\plugins\org.eclipse.m2e.maven.runtime_3.9.600.20231203-1234\jars\httpcore-4.4.16.jar
2025-04-01 17:55:08,502 [Worker-149: Launching Executing install in C__Users_y_ravi_E-Portal Java_E-Portal] INFO  o.eclipse.m2e.core.internal.Bundles - 	Entry: C:\Users\y_ravi\Downloads\sts-4.22.1.RELEASE\plugins\org.eclipse.m2e.maven.runtime_3.9.600.20231203-1234\jars\jansi-2.4.0.jar
2025-04-01 17:55:08,502 [Worker-149: Launching Executing install in C__Users_y_ravi_E-Portal Java_E-Portal] INFO  o.eclipse.m2e.core.internal.Bundles - 	Entry: C:\Users\y_ravi\Downloads\sts-4.22.1.RELEASE\plugins\org.eclipse.m2e.maven.runtime_3.9.600.20231203-1234\jars\jcl-over-slf4j-1.7.36.jar
2025-04-01 17:55:08,502 [Worker-149: Launching Executing install in C__Users_y_ravi_E-Portal Java_E-Portal] INFO  o.eclipse.m2e.core.internal.Bundles - 	Entry: C:\Users\y_ravi\Downloads\sts-4.22.1.RELEASE\plugins\org.eclipse.m2e.maven.runtime_3.9.600.20231203-1234\jars\maven-artifact-3.9.6.jar
2025-04-01 17:55:08,502 [Worker-149: Launching Executing install in C__Users_y_ravi_E-Portal Java_E-Portal] INFO  o.eclipse.m2e.core.internal.Bundles - 	Entry: C:\Users\y_ravi\Downloads\sts-4.22.1.RELEASE\plugins\org.eclipse.m2e.maven.runtime_3.9.600.20231203-1234\jars\maven-builder-support-3.9.6.jar
2025-04-01 17:55:08,503 [Worker-149: Launching Executing install in C__Users_y_ravi_E-Portal Java_E-Portal] INFO  o.eclipse.m2e.core.internal.Bundles - 	Entry: C:\Users\y_ravi\Downloads\sts-4.22.1.RELEASE\plugins\org.eclipse.m2e.maven.runtime_3.9.600.20231203-1234\jars\maven-compat-3.9.6.jar
2025-04-01 17:55:08,503 [Worker-149: Launching Executing install in C__Users_y_ravi_E-Portal Java_E-Portal] INFO  o.eclipse.m2e.core.internal.Bundles - 	Entry: C:\Users\y_ravi\Downloads\sts-4.22.1.RELEASE\plugins\org.eclipse.m2e.maven.runtime_3.9.600.20231203-1234\jars\maven-core-3.9.6.jar
2025-04-01 17:55:08,503 [Worker-149: Launching Executing install in C__Users_y_ravi_E-Portal Java_E-Portal] INFO  o.eclipse.m2e.core.internal.Bundles - 	Entry: C:\Users\y_ravi\Downloads\sts-4.22.1.RELEASE\plugins\org.eclipse.m2e.maven.runtime_3.9.600.20231203-1234\jars\maven-embedder-3.9.6.jar
2025-04-01 17:55:08,503 [Worker-149: Launching Executing install in C__Users_y_ravi_E-Portal Java_E-Portal] INFO  o.eclipse.m2e.core.internal.Bundles - 	Entry: C:\Users\y_ravi\Downloads\sts-4.22.1.RELEASE\plugins\org.eclipse.m2e.maven.runtime_3.9.600.20231203-1234\jars\maven-model-3.9.6.jar
2025-04-01 17:55:08,503 [Worker-149: Launching Executing install in C__Users_y_ravi_E-Portal Java_E-Portal] INFO  o.eclipse.m2e.core.internal.Bundles - 	Entry: C:\Users\y_ravi\Downloads\sts-4.22.1.RELEASE\plugins\org.eclipse.m2e.maven.runtime_3.9.600.20231203-1234\jars\maven-model-builder-3.9.6.jar
2025-04-01 17:55:08,503 [Worker-149: Launching Executing install in C__Users_y_ravi_E-Portal Java_E-Portal] INFO  o.eclipse.m2e.core.internal.Bundles - 	Entry: C:\Users\y_ravi\Downloads\sts-4.22.1.RELEASE\plugins\org.eclipse.m2e.maven.runtime_3.9.600.20231203-1234\jars\maven-plugin-api-3.9.6.jar
2025-04-01 17:55:08,503 [Worker-149: Launching Executing install in C__Users_y_ravi_E-Portal Java_E-Portal] INFO  o.eclipse.m2e.core.internal.Bundles - 	Entry: C:\Users\y_ravi\Downloads\sts-4.22.1.RELEASE\plugins\org.eclipse.m2e.maven.runtime_3.9.600.20231203-1234\jars\maven-repository-metadata-3.9.6.jar
2025-04-01 17:55:08,503 [Worker-149: Launching Executing install in C__Users_y_ravi_E-Portal Java_E-Portal] INFO  o.eclipse.m2e.core.internal.Bundles - 	Entry: C:\Users\y_ravi\Downloads\sts-4.22.1.RELEASE\plugins\org.eclipse.m2e.maven.runtime_3.9.600.20231203-1234\jars\maven-resolver-api-1.9.18.jar
2025-04-01 17:55:08,504 [Worker-149: Launching Executing install in C__Users_y_ravi_E-Portal Java_E-Portal] INFO  o.eclipse.m2e.core.internal.Bundles - 	Entry: C:\Users\y_ravi\Downloads\sts-4.22.1.RELEASE\plugins\org.eclipse.m2e.maven.runtime_3.9.600.20231203-1234\jars\maven-resolver-connector-basic-1.9.18.jar
2025-04-01 17:55:08,504 [Worker-149: Launching Executing install in C__Users_y_ravi_E-Portal Java_E-Portal] INFO  o.eclipse.m2e.core.internal.Bundles - 	Entry: C:\Users\y_ravi\Downloads\sts-4.22.1.RELEASE\plugins\org.eclipse.m2e.maven.runtime_3.9.600.20231203-1234\jars\maven-resolver-impl-1.9.18.jar
2025-04-01 17:55:08,504 [Worker-149: Launching Executing install in C__Users_y_ravi_E-Portal Java_E-Portal] INFO  o.eclipse.m2e.core.internal.Bundles - 	Entry: C:\Users\y_ravi\Downloads\sts-4.22.1.RELEASE\plugins\org.eclipse.m2e.maven.runtime_3.9.600.20231203-1234\jars\maven-resolver-named-locks-1.9.18.jar
2025-04-01 17:55:08,504 [Worker-149: Launching Executing install in C__Users_y_ravi_E-Portal Java_E-Portal] INFO  o.eclipse.m2e.core.internal.Bundles - 	Entry: C:\Users\y_ravi\Downloads\sts-4.22.1.RELEASE\plugins\org.eclipse.m2e.maven.runtime_3.9.600.20231203-1234\jars\maven-resolver-provider-3.9.6.jar
2025-04-01 17:55:08,504 [Worker-149: Launching Executing install in C__Users_y_ravi_E-Portal Java_E-Portal] INFO  o.eclipse.m2e.core.internal.Bundles - 	Entry: C:\Users\y_ravi\Downloads\sts-4.22.1.RELEASE\plugins\org.eclipse.m2e.maven.runtime_3.9.600.20231203-1234\jars\maven-resolver-spi-1.9.18.jar
2025-04-01 17:55:08,504 [Worker-149: Launching Executing install in C__Users_y_ravi_E-Portal Java_E-Portal] INFO  o.eclipse.m2e.core.internal.Bundles - 	Entry: C:\Users\y_ravi\Downloads\sts-4.22.1.RELEASE\plugins\org.eclipse.m2e.maven.runtime_3.9.600.20231203-1234\jars\maven-resolver-transport-file-1.9.18.jar
2025-04-01 17:55:08,504 [Worker-149: Launching Executing install in C__Users_y_ravi_E-Portal Java_E-Portal] INFO  o.eclipse.m2e.core.internal.Bundles - 	Entry: C:\Users\y_ravi\Downloads\sts-4.22.1.RELEASE\plugins\org.eclipse.m2e.maven.runtime_3.9.600.20231203-1234\jars\maven-resolver-transport-http-1.9.18.jar
2025-04-01 17:55:08,504 [Worker-149: Launching Executing install in C__Users_y_ravi_E-Portal Java_E-Portal] INFO  o.eclipse.m2e.core.internal.Bundles - 	Entry: C:\Users\y_ravi\Downloads\sts-4.22.1.RELEASE\plugins\org.eclipse.m2e.maven.runtime_3.9.600.20231203-1234\jars\maven-resolver-transport-wagon-1.9.18.jar
2025-04-01 17:55:08,505 [Worker-149: Launching Executing install in C__Users_y_ravi_E-Portal Java_E-Portal] INFO  o.eclipse.m2e.core.internal.Bundles - 	Entry: C:\Users\y_ravi\Downloads\sts-4.22.1.RELEASE\plugins\org.eclipse.m2e.maven.runtime_3.9.600.20231203-1234\jars\maven-resolver-util-1.9.18.jar
2025-04-01 17:55:08,505 [Worker-149: Launching Executing install in C__Users_y_ravi_E-Portal Java_E-Portal] INFO  o.eclipse.m2e.core.internal.Bundles - 	Entry: C:\Users\y_ravi\Downloads\sts-4.22.1.RELEASE\plugins\org.eclipse.m2e.maven.runtime_3.9.600.20231203-1234\jars\maven-settings-3.9.6.jar
2025-04-01 17:55:08,505 [Worker-149: Launching Executing install in C__Users_y_ravi_E-Portal Java_E-Portal] INFO  o.eclipse.m2e.core.internal.Bundles - 	Entry: C:\Users\y_ravi\Downloads\sts-4.22.1.RELEASE\plugins\org.eclipse.m2e.maven.runtime_3.9.600.20231203-1234\jars\maven-settings-builder-3.9.6.jar
2025-04-01 17:55:08,505 [Worker-149: Launching Executing install in C__Users_y_ravi_E-Portal Java_E-Portal] INFO  o.eclipse.m2e.core.internal.Bundles - 	Entry: C:\Users\y_ravi\Downloads\sts-4.22.1.RELEASE\plugins\org.eclipse.m2e.maven.runtime_3.9.600.20231203-1234\jars\maven-shared-utils-3.3.4.jar
2025-04-01 17:55:08,505 [Worker-149: Launching Executing install in C__Users_y_ravi_E-Portal Java_E-Portal] INFO  o.eclipse.m2e.core.internal.Bundles - 	Entry: C:\Users\y_ravi\Downloads\sts-4.22.1.RELEASE\plugins\org.eclipse.m2e.maven.runtime_3.9.600.20231203-1234\jars\org.eclipse.sisu.inject-0.9.0.M2.jar
2025-04-01 17:55:08,505 [Worker-149: Launching Executing install in C__Users_y_ravi_E-Portal Java_E-Portal] INFO  o.eclipse.m2e.core.internal.Bundles - 	Entry: C:\Users\y_ravi\Downloads\sts-4.22.1.RELEASE\plugins\org.eclipse.m2e.maven.runtime_3.9.600.20231203-1234\jars\org.eclipse.sisu.plexus-0.9.0.M2.jar
2025-04-01 17:55:08,505 [Worker-149: Launching Executing install in C__Users_y_ravi_E-Portal Java_E-Portal] INFO  o.eclipse.m2e.core.internal.Bundles - 	Entry: C:\Users\y_ravi\Downloads\sts-4.22.1.RELEASE\plugins\org.eclipse.m2e.maven.runtime_3.9.600.20231203-1234\jars\plexus-build-api-0.0.7.jar
2025-04-01 17:55:08,505 [Worker-149: Launching Executing install in C__Users_y_ravi_E-Portal Java_E-Portal] INFO  o.eclipse.m2e.core.internal.Bundles - 	Entry: C:\Users\y_ravi\Downloads\sts-4.22.1.RELEASE\plugins\org.eclipse.m2e.maven.runtime_3.9.600.20231203-1234\jars\plexus-cipher-2.0.jar
2025-04-01 17:55:08,506 [Worker-149: Launching Executing install in C__Users_y_ravi_E-Portal Java_E-Portal] INFO  o.eclipse.m2e.core.internal.Bundles - 	Entry: C:\Users\y_ravi\Downloads\sts-4.22.1.RELEASE\plugins\org.eclipse.m2e.maven.runtime_3.9.600.20231203-1234\jars\plexus-classworlds-2.7.0.jar
2025-04-01 17:55:08,506 [Worker-149: Launching Executing install in C__Users_y_ravi_E-Portal Java_E-Portal] INFO  o.eclipse.m2e.core.internal.Bundles - 	Entry: C:\Users\y_ravi\Downloads\sts-4.22.1.RELEASE\plugins\org.eclipse.m2e.maven.runtime_3.9.600.20231203-1234\jars\plexus-component-annotations-2.1.0.jar
2025-04-01 17:55:08,506 [Worker-149: Launching Executing install in C__Users_y_ravi_E-Portal Java_E-Portal] INFO  o.eclipse.m2e.core.internal.Bundles - 	Entry: C:\Users\y_ravi\Downloads\sts-4.22.1.RELEASE\plugins\org.eclipse.m2e.maven.runtime_3.9.600.20231203-1234\jars\plexus-interpolation-1.26.jar
2025-04-01 17:55:08,506 [Worker-149: Launching Executing install in C__Users_y_ravi_E-Portal Java_E-Portal] INFO  o.eclipse.m2e.core.internal.Bundles - 	Entry: C:\Users\y_ravi\Downloads\sts-4.22.1.RELEASE\plugins\org.eclipse.m2e.maven.runtime_3.9.600.20231203-1234\jars\plexus-sec-dispatcher-2.0.jar
2025-04-01 17:55:08,506 [Worker-149: Launching Executing install in C__Users_y_ravi_E-Portal Java_E-Portal] INFO  o.eclipse.m2e.core.internal.Bundles - 	Entry: C:\Users\y_ravi\Downloads\sts-4.22.1.RELEASE\plugins\org.eclipse.m2e.maven.runtime_3.9.600.20231203-1234\jars\plexus-utils-3.5.1.jar
2025-04-01 17:55:08,506 [Worker-149: Launching Executing install in C__Users_y_ravi_E-Portal Java_E-Portal] INFO  o.eclipse.m2e.core.internal.Bundles - 	Entry: C:\Users\y_ravi\Downloads\sts-4.22.1.RELEASE\plugins\org.eclipse.m2e.maven.runtime_3.9.600.20231203-1234\jars\wagon-file-3.5.3.jar
2025-04-01 17:55:08,506 [Worker-149: Launching Executing install in C__Users_y_ravi_E-Portal Java_E-Portal] INFO  o.eclipse.m2e.core.internal.Bundles - 	Entry: C:\Users\y_ravi\Downloads\sts-4.22.1.RELEASE\plugins\org.eclipse.m2e.maven.runtime_3.9.600.20231203-1234\jars\wagon-http-3.5.3.jar
2025-04-01 17:55:08,507 [Worker-149: Launching Executing install in C__Users_y_ravi_E-Portal Java_E-Portal] INFO  o.eclipse.m2e.core.internal.Bundles - 	Entry: C:\Users\y_ravi\Downloads\sts-4.22.1.RELEASE\plugins\org.eclipse.m2e.maven.runtime_3.9.600.20231203-1234\jars\wagon-http-shared-3.5.3.jar
2025-04-01 17:55:08,507 [Worker-149: Launching Executing install in C__Users_y_ravi_E-Portal Java_E-Portal] INFO  o.eclipse.m2e.core.internal.Bundles - 	Entry: C:\Users\y_ravi\Downloads\sts-4.22.1.RELEASE\plugins\org.eclipse.m2e.maven.runtime_3.9.600.20231203-1234\jars\wagon-provider-api-3.5.3.jar
2025-04-01 17:55:08,507 [Worker-149: Launching Executing install in C__Users_y_ravi_E-Portal Java_E-Portal] INFO  o.eclipse.m2e.core.internal.Bundles - getClasspathEntries(Bundle=com.google.guava_33.0.0.jre [27])
2025-04-01 17:55:08,507 [Worker-149: Launching Executing install in C__Users_y_ravi_E-Portal Java_E-Portal] INFO  o.eclipse.m2e.core.internal.Bundles - 	Entry: C:\Users\y_ravi\Downloads\sts-4.22.1.RELEASE\plugins\com.google.guava_33.0.0.jre.jar
2025-04-01 17:55:08,507 [Worker-149: Launching Executing install in C__Users_y_ravi_E-Portal Java_E-Portal] INFO  o.eclipse.m2e.core.internal.Bundles - getClasspathEntries(Bundle=slf4j.api_2.0.12 [584])
2025-04-01 17:55:08,508 [Worker-149: Launching Executing install in C__Users_y_ravi_E-Portal Java_E-Portal] INFO  o.eclipse.m2e.core.internal.Bundles - 	Entry: C:\Users\y_ravi\Downloads\sts-4.22.1.RELEASE\plugins\slf4j.api_2.0.12.jar
2025-04-01 17:55:08,508 [Worker-149: Launching Executing install in C__Users_y_ravi_E-Portal Java_E-Portal] INFO  o.eclipse.m2e.core.internal.Bundles - getClasspathEntries(Bundle=jakarta.inject.jakarta.inject-api_1.0.5 [44])
2025-04-01 17:55:08,508 [Worker-149: Launching Executing install in C__Users_y_ravi_E-Portal Java_E-Portal] INFO  o.eclipse.m2e.core.internal.Bundles - 	Entry: C:\Users\y_ravi\Downloads\sts-4.22.1.RELEASE\plugins\jakarta.inject.jakarta.inject-api_1.0.5.jar
2025-04-01 17:55:08,508 [Worker-149: Launching Executing install in C__Users_y_ravi_E-Portal Java_E-Portal] INFO  o.eclipse.m2e.core.internal.Bundles - getClasspathEntries(Bundle=jakarta.annotation-api_1.3.5 [40])
2025-04-01 17:55:08,508 [Worker-149: Launching Executing install in C__Users_y_ravi_E-Portal Java_E-Portal] INFO  o.eclipse.m2e.core.internal.Bundles - 	Entry: C:\Users\y_ravi\Downloads\sts-4.22.1.RELEASE\plugins\jakarta.annotation-api_1.3.5.jar
2025-04-01 17:55:08,508 [Worker-149: Launching Executing install in C__Users_y_ravi_E-Portal Java_E-Portal] INFO  o.eclipse.m2e.core.internal.Bundles - getClasspathEntries(Bundle=org.apache.commons.cli_1.6.0 [75])
2025-04-01 17:55:08,509 [Worker-149: Launching Executing install in C__Users_y_ravi_E-Portal Java_E-Portal] INFO  o.eclipse.m2e.core.internal.Bundles - 	Entry: C:\Users\y_ravi\Downloads\sts-4.22.1.RELEASE\plugins\org.apache.commons.cli_1.6.0.jar
2025-04-01 17:55:08,509 [Worker-149: Launching Executing install in C__Users_y_ravi_E-Portal Java_E-Portal] INFO  o.eclipse.m2e.core.internal.Bundles - getClasspathEntries(Bundle=org.apache.commons.commons-codec_1.16.0 [77])
2025-04-01 17:55:08,509 [Worker-149: Launching Executing install in C__Users_y_ravi_E-Portal Java_E-Portal] INFO  o.eclipse.m2e.core.internal.Bundles - 	Entry: C:\Users\y_ravi\Downloads\sts-4.22.1.RELEASE\plugins\org.apache.commons.commons-codec_1.16.0.jar
2025-04-01 17:55:08,509 [Worker-149: Launching Executing install in C__Users_y_ravi_E-Portal Java_E-Portal] INFO  o.eclipse.m2e.core.internal.Bundles - getClasspathEntries(Bundle=org.apache.commons.lang3_3.14.0 [81])
2025-04-01 17:55:08,509 [Worker-149: Launching Executing install in C__Users_y_ravi_E-Portal Java_E-Portal] INFO  o.eclipse.m2e.core.internal.Bundles - 	Entry: C:\Users\y_ravi\Downloads\sts-4.22.1.RELEASE\plugins\org.apache.commons.lang3_3.14.0.jar
2025-04-01 17:55:08,509 [Worker-149: Launching Executing install in C__Users_y_ravi_E-Portal Java_E-Portal] INFO  o.eclipse.m2e.core.internal.Bundles - getClasspathEntries(Bundle=com.google.guava.failureaccess_1.0.2 [29])
2025-04-01 17:55:08,509 [Worker-149: Launching Executing install in C__Users_y_ravi_E-Portal Java_E-Portal] INFO  o.eclipse.m2e.core.internal.Bundles - 	Entry: C:\Users\y_ravi\Downloads\sts-4.22.1.RELEASE\plugins\com.google.guava.failureaccess_1.0.2.jar
2025-04-01 17:55:08,510 [Worker-149: Launching Executing install in C__Users_y_ravi_E-Portal Java_E-Portal] INFO  o.e.m.i.launch.MavenLaunchDelegate - Run build in "C:\Users\y_ravi\E-Portal Java\E-Portal":
2025-04-01 17:55:08,511 [Worker-149: Launching Executing install in C__Users_y_ravi_E-Portal Java_E-Portal] INFO  o.e.m.i.launch.MavenLaunchDelegate -  mvn  -Ppom.xml -B -Dstyle.color=always install
2025-04-01 17:57:40,428 [Worker-151: Building] INFO  o.a.m.s.f.DefaultMavenResourcesFiltering - Copying 1 resource from src\main\resources to target\classes
2025-04-01 17:57:40,432 [Worker-151: Building] INFO  o.a.m.s.f.DefaultMavenResourcesFiltering - Copying 0 resource from src\main\resources to target\classes
2025-04-01 17:57:40,434 [Worker-151: Building] INFO  o.a.m.s.f.DefaultMavenResourcesFiltering - skip non existing resourceDirectory C:\Users\y_ravi\E-Portal Java\E-Portal\src\test\resources
2025-04-01 17:57:46,118 [Worker-152: Building] INFO  o.a.m.s.f.DefaultMavenResourcesFiltering - Copying 1 resource from src\main\resources to target\classes
2025-04-01 17:57:46,124 [Worker-152: Building] INFO  o.a.m.s.f.DefaultMavenResourcesFiltering - Copying 0 resource from src\main\resources to target\classes
2025-04-01 17:57:46,125 [Worker-152: Building] INFO  o.a.m.s.f.DefaultMavenResourcesFiltering - skip non existing resourceDirectory C:\Users\y_ravi\E-Portal Java\E-Portal\src\test\resources
2025-04-01 18:00:20,987 [Worker-152: Building] INFO  o.a.m.s.f.DefaultMavenResourcesFiltering - Copying 1 resource from src\main\resources to target\classes
2025-04-01 18:00:20,991 [Worker-152: Building] INFO  o.a.m.s.f.DefaultMavenResourcesFiltering - Copying 0 resource from src\main\resources to target\classes
2025-04-01 18:00:20,994 [Worker-152: Building] INFO  o.a.m.s.f.DefaultMavenResourcesFiltering - skip non existing resourceDirectory C:\Users\y_ravi\E-Portal Java\E-Portal\src\test\resources
2025-04-01 18:05:23,464 [Worker-158: Building] INFO  o.a.m.s.f.DefaultMavenResourcesFiltering - Copying 1 resource from src\main\resources to target\classes
2025-04-01 18:05:23,471 [Worker-158: Building] INFO  o.a.m.s.f.DefaultMavenResourcesFiltering - Copying 0 resource from src\main\resources to target\classes
2025-04-01 18:05:23,474 [Worker-158: Building] INFO  o.a.m.s.f.DefaultMavenResourcesFiltering - skip non existing resourceDirectory C:\Users\y_ravi\E-Portal Java\E-Portal\src\test\resources
2025-04-01 18:06:01,552 [Worker-159: Building] INFO  o.a.m.s.f.DefaultMavenResourcesFiltering - Copying 1 resource from src\main\resources to target\classes
2025-04-01 18:06:01,556 [Worker-159: Building] INFO  o.a.m.s.f.DefaultMavenResourcesFiltering - Copying 0 resource from src\main\resources to target\classes
2025-04-01 18:06:01,559 [Worker-159: Building] INFO  o.a.m.s.f.DefaultMavenResourcesFiltering - skip non existing resourceDirectory C:\Users\y_ravi\E-Portal Java\E-Portal\src\test\resources
2025-04-01 18:06:22,522 [Worker-155: Building] INFO  o.a.m.s.f.DefaultMavenResourcesFiltering - Copying 1 resource from src\main\resources to target\classes
2025-04-01 18:06:22,527 [Worker-155: Building] INFO  o.a.m.s.f.DefaultMavenResourcesFiltering - Copying 0 resource from src\main\resources to target\classes
2025-04-01 18:06:22,530 [Worker-155: Building] INFO  o.a.m.s.f.DefaultMavenResourcesFiltering - skip non existing resourceDirectory C:\Users\y_ravi\E-Portal Java\E-Portal\src\test\resources
2025-04-01 18:06:27,068 [Worker-155: Building] INFO  o.a.m.s.f.DefaultMavenResourcesFiltering - Copying 1 resource from src\main\resources to target\classes
2025-04-01 18:06:27,072 [Worker-155: Building] INFO  o.a.m.s.f.DefaultMavenResourcesFiltering - Copying 0 resource from src\main\resources to target\classes
2025-04-01 18:06:27,075 [Worker-155: Building] INFO  o.a.m.s.f.DefaultMavenResourcesFiltering - skip non existing resourceDirectory C:\Users\y_ravi\E-Portal Java\E-Portal\src\test\resources
2025-04-01 18:07:21,616 [Worker-155: Building] INFO  o.a.m.s.f.DefaultMavenResourcesFiltering - Copying 1 resource from src\main\resources to target\classes
2025-04-01 18:07:21,620 [Worker-155: Building] INFO  o.a.m.s.f.DefaultMavenResourcesFiltering - Copying 0 resource from src\main\resources to target\classes
2025-04-01 18:07:21,624 [Worker-155: Building] INFO  o.a.m.s.f.DefaultMavenResourcesFiltering - skip non existing resourceDirectory C:\Users\y_ravi\E-Portal Java\E-Portal\src\test\resources
2025-04-01 18:07:52,092 [Worker-159: Building] INFO  o.a.m.s.f.DefaultMavenResourcesFiltering - Copying 1 resource from src\main\resources to target\classes
2025-04-01 18:07:52,099 [Worker-159: Building] INFO  o.a.m.s.f.DefaultMavenResourcesFiltering - Copying 0 resource from src\main\resources to target\classes
2025-04-01 18:07:52,103 [Worker-159: Building] INFO  o.a.m.s.f.DefaultMavenResourcesFiltering - skip non existing resourceDirectory C:\Users\y_ravi\E-Portal Java\E-Portal\src\test\resources
2025-04-01 18:09:15,485 [Worker-159: Building] INFO  o.a.m.s.f.DefaultMavenResourcesFiltering - Copying 1 resource from src\main\resources to target\classes
2025-04-01 18:09:15,489 [Worker-159: Building] INFO  o.a.m.s.f.DefaultMavenResourcesFiltering - Copying 0 resource from src\main\resources to target\classes
2025-04-01 18:09:15,491 [Worker-159: Building] INFO  o.a.m.s.f.DefaultMavenResourcesFiltering - skip non existing resourceDirectory C:\Users\y_ravi\E-Portal Java\E-Portal\src\test\resources
2025-04-01 18:23:02,177 [Worker-162: Building] INFO  o.a.m.s.f.DefaultMavenResourcesFiltering - Copying 1 resource from src\main\resources to target\classes
2025-04-01 18:23:02,183 [Worker-162: Building] INFO  o.a.m.s.f.DefaultMavenResourcesFiltering - Copying 0 resource from src\main\resources to target\classes
2025-04-01 18:23:02,187 [Worker-162: Building] INFO  o.a.m.s.f.DefaultMavenResourcesFiltering - skip non existing resourceDirectory C:\Users\y_ravi\E-Portal Java\E-Portal\src\test\resources
2025-04-01 21:12:13,970 [Worker-168: Building] INFO  o.a.m.s.f.DefaultMavenResourcesFiltering - Copying 1 resource from src\main\resources to target\classes
2025-04-01 21:12:13,983 [Worker-168: Building] INFO  o.a.m.s.f.DefaultMavenResourcesFiltering - Copying 0 resource from src\main\resources to target\classes
2025-04-01 21:12:13,987 [Worker-168: Building] INFO  o.a.m.s.f.DefaultMavenResourcesFiltering - skip non existing resourceDirectory C:\Users\y_ravi\E-Portal Java\E-Portal\src\test\resources
2025-04-01 21:27:46,159 [Worker-174: Launching Executing install in C__Users_y_ravi_E-Portal Java_E-Portal] INFO  o.eclipse.m2e.core.internal.Bundles - getClasspathEntries(Bundle=org.eclipse.m2e.maven.runtime_3.9.600.20231203-1234 [354])
2025-04-01 21:27:46,160 [Worker-174: Launching Executing install in C__Users_y_ravi_E-Portal Java_E-Portal] INFO  o.eclipse.m2e.core.internal.Bundles - 	Entry: C:\Users\y_ravi\Downloads\sts-4.22.1.RELEASE\plugins\org.eclipse.m2e.maven.runtime_3.9.600.20231203-1234
2025-04-01 21:27:46,161 [Worker-174: Launching Executing install in C__Users_y_ravi_E-Portal Java_E-Portal] INFO  o.eclipse.m2e.core.internal.Bundles - 	Entry: C:\Users\y_ravi\Downloads\sts-4.22.1.RELEASE\plugins\org.eclipse.m2e.maven.runtime_3.9.600.20231203-1234\jars\aopalliance-1.0.jar
2025-04-01 21:27:46,161 [Worker-174: Launching Executing install in C__Users_y_ravi_E-Portal Java_E-Portal] INFO  o.eclipse.m2e.core.internal.Bundles - 	Entry: C:\Users\y_ravi\Downloads\sts-4.22.1.RELEASE\plugins\org.eclipse.m2e.maven.runtime_3.9.600.20231203-1234\jars\guice-5.1.0.jar
2025-04-01 21:27:46,161 [Worker-174: Launching Executing install in C__Users_y_ravi_E-Portal Java_E-Portal] INFO  o.eclipse.m2e.core.internal.Bundles - 	Entry: C:\Users\y_ravi\Downloads\sts-4.22.1.RELEASE\plugins\org.eclipse.m2e.maven.runtime_3.9.600.20231203-1234\jars\httpclient-4.5.14.jar
2025-04-01 21:27:46,162 [Worker-174: Launching Executing install in C__Users_y_ravi_E-Portal Java_E-Portal] INFO  o.eclipse.m2e.core.internal.Bundles - 	Entry: C:\Users\y_ravi\Downloads\sts-4.22.1.RELEASE\plugins\org.eclipse.m2e.maven.runtime_3.9.600.20231203-1234\jars\httpcore-4.4.16.jar
2025-04-01 21:27:46,162 [Worker-174: Launching Executing install in C__Users_y_ravi_E-Portal Java_E-Portal] INFO  o.eclipse.m2e.core.internal.Bundles - 	Entry: C:\Users\y_ravi\Downloads\sts-4.22.1.RELEASE\plugins\org.eclipse.m2e.maven.runtime_3.9.600.20231203-1234\jars\jansi-2.4.0.jar
2025-04-01 21:27:46,162 [Worker-174: Launching Executing install in C__Users_y_ravi_E-Portal Java_E-Portal] INFO  o.eclipse.m2e.core.internal.Bundles - 	Entry: C:\Users\y_ravi\Downloads\sts-4.22.1.RELEASE\plugins\org.eclipse.m2e.maven.runtime_3.9.600.20231203-1234\jars\jcl-over-slf4j-1.7.36.jar
2025-04-01 21:27:46,162 [Worker-174: Launching Executing install in C__Users_y_ravi_E-Portal Java_E-Portal] INFO  o.eclipse.m2e.core.internal.Bundles - 	Entry: C:\Users\y_ravi\Downloads\sts-4.22.1.RELEASE\plugins\org.eclipse.m2e.maven.runtime_3.9.600.20231203-1234\jars\maven-artifact-3.9.6.jar
2025-04-01 21:27:46,162 [Worker-174: Launching Executing install in C__Users_y_ravi_E-Portal Java_E-Portal] INFO  o.eclipse.m2e.core.internal.Bundles - 	Entry: C:\Users\y_ravi\Downloads\sts-4.22.1.RELEASE\plugins\org.eclipse.m2e.maven.runtime_3.9.600.20231203-1234\jars\maven-builder-support-3.9.6.jar
2025-04-01 21:27:46,163 [Worker-174: Launching Executing install in C__Users_y_ravi_E-Portal Java_E-Portal] INFO  o.eclipse.m2e.core.internal.Bundles - 	Entry: C:\Users\y_ravi\Downloads\sts-4.22.1.RELEASE\plugins\org.eclipse.m2e.maven.runtime_3.9.600.20231203-1234\jars\maven-compat-3.9.6.jar
2025-04-01 21:27:46,163 [Worker-174: Launching Executing install in C__Users_y_ravi_E-Portal Java_E-Portal] INFO  o.eclipse.m2e.core.internal.Bundles - 	Entry: C:\Users\y_ravi\Downloads\sts-4.22.1.RELEASE\plugins\org.eclipse.m2e.maven.runtime_3.9.600.20231203-1234\jars\maven-core-3.9.6.jar
2025-04-01 21:27:46,163 [Worker-174: Launching Executing install in C__Users_y_ravi_E-Portal Java_E-Portal] INFO  o.eclipse.m2e.core.internal.Bundles - 	Entry: C:\Users\y_ravi\Downloads\sts-4.22.1.RELEASE\plugins\org.eclipse.m2e.maven.runtime_3.9.600.20231203-1234\jars\maven-embedder-3.9.6.jar
2025-04-01 21:27:46,163 [Worker-174: Launching Executing install in C__Users_y_ravi_E-Portal Java_E-Portal] INFO  o.eclipse.m2e.core.internal.Bundles - 	Entry: C:\Users\y_ravi\Downloads\sts-4.22.1.RELEASE\plugins\org.eclipse.m2e.maven.runtime_3.9.600.20231203-1234\jars\maven-model-3.9.6.jar
2025-04-01 21:27:46,163 [Worker-174: Launching Executing install in C__Users_y_ravi_E-Portal Java_E-Portal] INFO  o.eclipse.m2e.core.internal.Bundles - 	Entry: C:\Users\y_ravi\Downloads\sts-4.22.1.RELEASE\plugins\org.eclipse.m2e.maven.runtime_3.9.600.20231203-1234\jars\maven-model-builder-3.9.6.jar
2025-04-01 21:27:46,164 [Worker-174: Launching Executing install in C__Users_y_ravi_E-Portal Java_E-Portal] INFO  o.eclipse.m2e.core.internal.Bundles - 	Entry: C:\Users\y_ravi\Downloads\sts-4.22.1.RELEASE\plugins\org.eclipse.m2e.maven.runtime_3.9.600.20231203-1234\jars\maven-plugin-api-3.9.6.jar
2025-04-01 21:27:46,164 [Worker-174: Launching Executing install in C__Users_y_ravi_E-Portal Java_E-Portal] INFO  o.eclipse.m2e.core.internal.Bundles - 	Entry: C:\Users\y_ravi\Downloads\sts-4.22.1.RELEASE\plugins\org.eclipse.m2e.maven.runtime_3.9.600.20231203-1234\jars\maven-repository-metadata-3.9.6.jar
2025-04-01 21:27:46,164 [Worker-174: Launching Executing install in C__Users_y_ravi_E-Portal Java_E-Portal] INFO  o.eclipse.m2e.core.internal.Bundles - 	Entry: C:\Users\y_ravi\Downloads\sts-4.22.1.RELEASE\plugins\org.eclipse.m2e.maven.runtime_3.9.600.20231203-1234\jars\maven-resolver-api-1.9.18.jar
2025-04-01 21:27:46,165 [Worker-174: Launching Executing install in C__Users_y_ravi_E-Portal Java_E-Portal] INFO  o.eclipse.m2e.core.internal.Bundles - 	Entry: C:\Users\y_ravi\Downloads\sts-4.22.1.RELEASE\plugins\org.eclipse.m2e.maven.runtime_3.9.600.20231203-1234\jars\maven-resolver-connector-basic-1.9.18.jar
2025-04-01 21:27:46,165 [Worker-174: Launching Executing install in C__Users_y_ravi_E-Portal Java_E-Portal] INFO  o.eclipse.m2e.core.internal.Bundles - 	Entry: C:\Users\y_ravi\Downloads\sts-4.22.1.RELEASE\plugins\org.eclipse.m2e.maven.runtime_3.9.600.20231203-1234\jars\maven-resolver-impl-1.9.18.jar
2025-04-01 21:27:46,165 [Worker-174: Launching Executing install in C__Users_y_ravi_E-Portal Java_E-Portal] INFO  o.eclipse.m2e.core.internal.Bundles - 	Entry: C:\Users\y_ravi\Downloads\sts-4.22.1.RELEASE\plugins\org.eclipse.m2e.maven.runtime_3.9.600.20231203-1234\jars\maven-resolver-named-locks-1.9.18.jar
2025-04-01 21:27:46,165 [Worker-174: Launching Executing install in C__Users_y_ravi_E-Portal Java_E-Portal] INFO  o.eclipse.m2e.core.internal.Bundles - 	Entry: C:\Users\y_ravi\Downloads\sts-4.22.1.RELEASE\plugins\org.eclipse.m2e.maven.runtime_3.9.600.20231203-1234\jars\maven-resolver-provider-3.9.6.jar
2025-04-01 21:27:46,167 [Worker-174: Launching Executing install in C__Users_y_ravi_E-Portal Java_E-Portal] INFO  o.eclipse.m2e.core.internal.Bundles - 	Entry: C:\Users\y_ravi\Downloads\sts-4.22.1.RELEASE\plugins\org.eclipse.m2e.maven.runtime_3.9.600.20231203-1234\jars\maven-resolver-spi-1.9.18.jar
2025-04-01 21:27:46,167 [Worker-174: Launching Executing install in C__Users_y_ravi_E-Portal Java_E-Portal] INFO  o.eclipse.m2e.core.internal.Bundles - 	Entry: C:\Users\y_ravi\Downloads\sts-4.22.1.RELEASE\plugins\org.eclipse.m2e.maven.runtime_3.9.600.20231203-1234\jars\maven-resolver-transport-file-1.9.18.jar
2025-04-01 21:27:46,167 [Worker-174: Launching Executing install in C__Users_y_ravi_E-Portal Java_E-Portal] INFO  o.eclipse.m2e.core.internal.Bundles - 	Entry: C:\Users\y_ravi\Downloads\sts-4.22.1.RELEASE\plugins\org.eclipse.m2e.maven.runtime_3.9.600.20231203-1234\jars\maven-resolver-transport-http-1.9.18.jar
2025-04-01 21:27:46,167 [Worker-174: Launching Executing install in C__Users_y_ravi_E-Portal Java_E-Portal] INFO  o.eclipse.m2e.core.internal.Bundles - 	Entry: C:\Users\y_ravi\Downloads\sts-4.22.1.RELEASE\plugins\org.eclipse.m2e.maven.runtime_3.9.600.20231203-1234\jars\maven-resolver-transport-wagon-1.9.18.jar
2025-04-01 21:27:46,167 [Worker-174: Launching Executing install in C__Users_y_ravi_E-Portal Java_E-Portal] INFO  o.eclipse.m2e.core.internal.Bundles - 	Entry: C:\Users\y_ravi\Downloads\sts-4.22.1.RELEASE\plugins\org.eclipse.m2e.maven.runtime_3.9.600.20231203-1234\jars\maven-resolver-util-1.9.18.jar
2025-04-01 21:27:46,167 [Worker-174: Launching Executing install in C__Users_y_ravi_E-Portal Java_E-Portal] INFO  o.eclipse.m2e.core.internal.Bundles - 	Entry: C:\Users\y_ravi\Downloads\sts-4.22.1.RELEASE\plugins\org.eclipse.m2e.maven.runtime_3.9.600.20231203-1234\jars\maven-settings-3.9.6.jar
2025-04-01 21:27:46,167 [Worker-174: Launching Executing install in C__Users_y_ravi_E-Portal Java_E-Portal] INFO  o.eclipse.m2e.core.internal.Bundles - 	Entry: C:\Users\y_ravi\Downloads\sts-4.22.1.RELEASE\plugins\org.eclipse.m2e.maven.runtime_3.9.600.20231203-1234\jars\maven-settings-builder-3.9.6.jar
2025-04-01 21:27:46,167 [Worker-174: Launching Executing install in C__Users_y_ravi_E-Portal Java_E-Portal] INFO  o.eclipse.m2e.core.internal.Bundles - 	Entry: C:\Users\y_ravi\Downloads\sts-4.22.1.RELEASE\plugins\org.eclipse.m2e.maven.runtime_3.9.600.20231203-1234\jars\maven-shared-utils-3.3.4.jar
2025-04-01 21:27:46,167 [Worker-174: Launching Executing install in C__Users_y_ravi_E-Portal Java_E-Portal] INFO  o.eclipse.m2e.core.internal.Bundles - 	Entry: C:\Users\y_ravi\Downloads\sts-4.22.1.RELEASE\plugins\org.eclipse.m2e.maven.runtime_3.9.600.20231203-1234\jars\org.eclipse.sisu.inject-0.9.0.M2.jar
2025-04-01 21:27:46,167 [Worker-174: Launching Executing install in C__Users_y_ravi_E-Portal Java_E-Portal] INFO  o.eclipse.m2e.core.internal.Bundles - 	Entry: C:\Users\y_ravi\Downloads\sts-4.22.1.RELEASE\plugins\org.eclipse.m2e.maven.runtime_3.9.600.20231203-1234\jars\org.eclipse.sisu.plexus-0.9.0.M2.jar
2025-04-01 21:27:46,167 [Worker-174: Launching Executing install in C__Users_y_ravi_E-Portal Java_E-Portal] INFO  o.eclipse.m2e.core.internal.Bundles - 	Entry: C:\Users\y_ravi\Downloads\sts-4.22.1.RELEASE\plugins\org.eclipse.m2e.maven.runtime_3.9.600.20231203-1234\jars\plexus-build-api-0.0.7.jar
2025-04-01 21:27:46,167 [Worker-174: Launching Executing install in C__Users_y_ravi_E-Portal Java_E-Portal] INFO  o.eclipse.m2e.core.internal.Bundles - 	Entry: C:\Users\y_ravi\Downloads\sts-4.22.1.RELEASE\plugins\org.eclipse.m2e.maven.runtime_3.9.600.20231203-1234\jars\plexus-cipher-2.0.jar
2025-04-01 21:27:46,167 [Worker-174: Launching Executing install in C__Users_y_ravi_E-Portal Java_E-Portal] INFO  o.eclipse.m2e.core.internal.Bundles - 	Entry: C:\Users\y_ravi\Downloads\sts-4.22.1.RELEASE\plugins\org.eclipse.m2e.maven.runtime_3.9.600.20231203-1234\jars\plexus-classworlds-2.7.0.jar
2025-04-01 21:27:46,167 [Worker-174: Launching Executing install in C__Users_y_ravi_E-Portal Java_E-Portal] INFO  o.eclipse.m2e.core.internal.Bundles - 	Entry: C:\Users\y_ravi\Downloads\sts-4.22.1.RELEASE\plugins\org.eclipse.m2e.maven.runtime_3.9.600.20231203-1234\jars\plexus-component-annotations-2.1.0.jar
2025-04-01 21:27:46,168 [Worker-174: Launching Executing install in C__Users_y_ravi_E-Portal Java_E-Portal] INFO  o.eclipse.m2e.core.internal.Bundles - 	Entry: C:\Users\y_ravi\Downloads\sts-4.22.1.RELEASE\plugins\org.eclipse.m2e.maven.runtime_3.9.600.20231203-1234\jars\plexus-interpolation-1.26.jar
2025-04-01 21:27:46,168 [Worker-174: Launching Executing install in C__Users_y_ravi_E-Portal Java_E-Portal] INFO  o.eclipse.m2e.core.internal.Bundles - 	Entry: C:\Users\y_ravi\Downloads\sts-4.22.1.RELEASE\plugins\org.eclipse.m2e.maven.runtime_3.9.600.20231203-1234\jars\plexus-sec-dispatcher-2.0.jar
2025-04-01 21:27:46,168 [Worker-174: Launching Executing install in C__Users_y_ravi_E-Portal Java_E-Portal] INFO  o.eclipse.m2e.core.internal.Bundles - 	Entry: C:\Users\y_ravi\Downloads\sts-4.22.1.RELEASE\plugins\org.eclipse.m2e.maven.runtime_3.9.600.20231203-1234\jars\plexus-utils-3.5.1.jar
2025-04-01 21:27:46,168 [Worker-174: Launching Executing install in C__Users_y_ravi_E-Portal Java_E-Portal] INFO  o.eclipse.m2e.core.internal.Bundles - 	Entry: C:\Users\y_ravi\Downloads\sts-4.22.1.RELEASE\plugins\org.eclipse.m2e.maven.runtime_3.9.600.20231203-1234\jars\wagon-file-3.5.3.jar
2025-04-01 21:27:46,168 [Worker-174: Launching Executing install in C__Users_y_ravi_E-Portal Java_E-Portal] INFO  o.eclipse.m2e.core.internal.Bundles - 	Entry: C:\Users\y_ravi\Downloads\sts-4.22.1.RELEASE\plugins\org.eclipse.m2e.maven.runtime_3.9.600.20231203-1234\jars\wagon-http-3.5.3.jar
2025-04-01 21:27:46,168 [Worker-174: Launching Executing install in C__Users_y_ravi_E-Portal Java_E-Portal] INFO  o.eclipse.m2e.core.internal.Bundles - 	Entry: C:\Users\y_ravi\Downloads\sts-4.22.1.RELEASE\plugins\org.eclipse.m2e.maven.runtime_3.9.600.20231203-1234\jars\wagon-http-shared-3.5.3.jar
2025-04-01 21:27:46,169 [Worker-174: Launching Executing install in C__Users_y_ravi_E-Portal Java_E-Portal] INFO  o.eclipse.m2e.core.internal.Bundles - 	Entry: C:\Users\y_ravi\Downloads\sts-4.22.1.RELEASE\plugins\org.eclipse.m2e.maven.runtime_3.9.600.20231203-1234\jars\wagon-provider-api-3.5.3.jar
2025-04-01 21:27:46,169 [Worker-174: Launching Executing install in C__Users_y_ravi_E-Portal Java_E-Portal] INFO  o.eclipse.m2e.core.internal.Bundles - getClasspathEntries(Bundle=com.google.guava_33.0.0.jre [27])
2025-04-01 21:27:46,169 [Worker-174: Launching Executing install in C__Users_y_ravi_E-Portal Java_E-Portal] INFO  o.eclipse.m2e.core.internal.Bundles - 	Entry: C:\Users\y_ravi\Downloads\sts-4.22.1.RELEASE\plugins\com.google.guava_33.0.0.jre.jar
2025-04-01 21:27:46,169 [Worker-174: Launching Executing install in C__Users_y_ravi_E-Portal Java_E-Portal] INFO  o.eclipse.m2e.core.internal.Bundles - getClasspathEntries(Bundle=slf4j.api_2.0.12 [584])
2025-04-01 21:27:46,169 [Worker-174: Launching Executing install in C__Users_y_ravi_E-Portal Java_E-Portal] INFO  o.eclipse.m2e.core.internal.Bundles - 	Entry: C:\Users\y_ravi\Downloads\sts-4.22.1.RELEASE\plugins\slf4j.api_2.0.12.jar
2025-04-01 21:27:46,169 [Worker-174: Launching Executing install in C__Users_y_ravi_E-Portal Java_E-Portal] INFO  o.eclipse.m2e.core.internal.Bundles - getClasspathEntries(Bundle=jakarta.inject.jakarta.inject-api_1.0.5 [44])
2025-04-01 21:27:46,169 [Worker-174: Launching Executing install in C__Users_y_ravi_E-Portal Java_E-Portal] INFO  o.eclipse.m2e.core.internal.Bundles - 	Entry: C:\Users\y_ravi\Downloads\sts-4.22.1.RELEASE\plugins\jakarta.inject.jakarta.inject-api_1.0.5.jar
2025-04-01 21:27:46,169 [Worker-174: Launching Executing install in C__Users_y_ravi_E-Portal Java_E-Portal] INFO  o.eclipse.m2e.core.internal.Bundles - getClasspathEntries(Bundle=jakarta.annotation-api_1.3.5 [40])
2025-04-01 21:27:46,170 [Worker-174: Launching Executing install in C__Users_y_ravi_E-Portal Java_E-Portal] INFO  o.eclipse.m2e.core.internal.Bundles - 	Entry: C:\Users\y_ravi\Downloads\sts-4.22.1.RELEASE\plugins\jakarta.annotation-api_1.3.5.jar
2025-04-01 21:27:46,170 [Worker-174: Launching Executing install in C__Users_y_ravi_E-Portal Java_E-Portal] INFO  o.eclipse.m2e.core.internal.Bundles - getClasspathEntries(Bundle=org.apache.commons.cli_1.6.0 [75])
2025-04-01 21:27:46,170 [Worker-174: Launching Executing install in C__Users_y_ravi_E-Portal Java_E-Portal] INFO  o.eclipse.m2e.core.internal.Bundles - 	Entry: C:\Users\y_ravi\Downloads\sts-4.22.1.RELEASE\plugins\org.apache.commons.cli_1.6.0.jar
2025-04-01 21:27:46,170 [Worker-174: Launching Executing install in C__Users_y_ravi_E-Portal Java_E-Portal] INFO  o.eclipse.m2e.core.internal.Bundles - getClasspathEntries(Bundle=org.apache.commons.commons-codec_1.16.0 [77])
2025-04-01 21:27:46,170 [Worker-174: Launching Executing install in C__Users_y_ravi_E-Portal Java_E-Portal] INFO  o.eclipse.m2e.core.internal.Bundles - 	Entry: C:\Users\y_ravi\Downloads\sts-4.22.1.RELEASE\plugins\org.apache.commons.commons-codec_1.16.0.jar
2025-04-01 21:27:46,170 [Worker-174: Launching Executing install in C__Users_y_ravi_E-Portal Java_E-Portal] INFO  o.eclipse.m2e.core.internal.Bundles - getClasspathEntries(Bundle=org.apache.commons.lang3_3.14.0 [81])
2025-04-01 21:27:46,170 [Worker-174: Launching Executing install in C__Users_y_ravi_E-Portal Java_E-Portal] INFO  o.eclipse.m2e.core.internal.Bundles - 	Entry: C:\Users\y_ravi\Downloads\sts-4.22.1.RELEASE\plugins\org.apache.commons.lang3_3.14.0.jar
2025-04-01 21:27:46,170 [Worker-174: Launching Executing install in C__Users_y_ravi_E-Portal Java_E-Portal] INFO  o.eclipse.m2e.core.internal.Bundles - getClasspathEntries(Bundle=com.google.guava.failureaccess_1.0.2 [29])
2025-04-01 21:27:46,170 [Worker-174: Launching Executing install in C__Users_y_ravi_E-Portal Java_E-Portal] INFO  o.eclipse.m2e.core.internal.Bundles - 	Entry: C:\Users\y_ravi\Downloads\sts-4.22.1.RELEASE\plugins\com.google.guava.failureaccess_1.0.2.jar
2025-04-01 21:27:46,173 [Worker-174: Launching Executing install in C__Users_y_ravi_E-Portal Java_E-Portal] INFO  o.e.m.i.launch.MavenLaunchDelegate - Run build in "C:\Users\y_ravi\E-Portal Java\E-Portal":
2025-04-01 21:27:46,173 [Worker-174: Launching Executing install in C__Users_y_ravi_E-Portal Java_E-Portal] INFO  o.e.m.i.launch.MavenLaunchDelegate -  mvn  -Ppom.xml -B -Dstyle.color=always install
2025-04-01 21:28:14,888 [Worker-179: Launching Executing clean in C__Users_y_ravi_E-Portal Java_E-Portal] INFO  o.eclipse.m2e.core.internal.Bundles - getClasspathEntries(Bundle=org.eclipse.m2e.maven.runtime_3.9.600.20231203-1234 [354])
2025-04-01 21:28:14,889 [Worker-179: Launching Executing clean in C__Users_y_ravi_E-Portal Java_E-Portal] INFO  o.eclipse.m2e.core.internal.Bundles - 	Entry: C:\Users\y_ravi\Downloads\sts-4.22.1.RELEASE\plugins\org.eclipse.m2e.maven.runtime_3.9.600.20231203-1234
2025-04-01 21:28:14,890 [Worker-179: Launching Executing clean in C__Users_y_ravi_E-Portal Java_E-Portal] INFO  o.eclipse.m2e.core.internal.Bundles - 	Entry: C:\Users\y_ravi\Downloads\sts-4.22.1.RELEASE\plugins\org.eclipse.m2e.maven.runtime_3.9.600.20231203-1234\jars\aopalliance-1.0.jar
2025-04-01 21:28:14,890 [Worker-179: Launching Executing clean in C__Users_y_ravi_E-Portal Java_E-Portal] INFO  o.eclipse.m2e.core.internal.Bundles - 	Entry: C:\Users\y_ravi\Downloads\sts-4.22.1.RELEASE\plugins\org.eclipse.m2e.maven.runtime_3.9.600.20231203-1234\jars\guice-5.1.0.jar
2025-04-01 21:28:14,891 [Worker-179: Launching Executing clean in C__Users_y_ravi_E-Portal Java_E-Portal] INFO  o.eclipse.m2e.core.internal.Bundles - 	Entry: C:\Users\y_ravi\Downloads\sts-4.22.1.RELEASE\plugins\org.eclipse.m2e.maven.runtime_3.9.600.20231203-1234\jars\httpclient-4.5.14.jar
2025-04-01 21:28:14,891 [Worker-179: Launching Executing clean in C__Users_y_ravi_E-Portal Java_E-Portal] INFO  o.eclipse.m2e.core.internal.Bundles - 	Entry: C:\Users\y_ravi\Downloads\sts-4.22.1.RELEASE\plugins\org.eclipse.m2e.maven.runtime_3.9.600.20231203-1234\jars\httpcore-4.4.16.jar
2025-04-01 21:28:14,891 [Worker-179: Launching Executing clean in C__Users_y_ravi_E-Portal Java_E-Portal] INFO  o.eclipse.m2e.core.internal.Bundles - 	Entry: C:\Users\y_ravi\Downloads\sts-4.22.1.RELEASE\plugins\org.eclipse.m2e.maven.runtime_3.9.600.20231203-1234\jars\jansi-2.4.0.jar
2025-04-01 21:28:14,891 [Worker-179: Launching Executing clean in C__Users_y_ravi_E-Portal Java_E-Portal] INFO  o.eclipse.m2e.core.internal.Bundles - 	Entry: C:\Users\y_ravi\Downloads\sts-4.22.1.RELEASE\plugins\org.eclipse.m2e.maven.runtime_3.9.600.20231203-1234\jars\jcl-over-slf4j-1.7.36.jar
2025-04-01 21:28:14,892 [Worker-179: Launching Executing clean in C__Users_y_ravi_E-Portal Java_E-Portal] INFO  o.eclipse.m2e.core.internal.Bundles - 	Entry: C:\Users\y_ravi\Downloads\sts-4.22.1.RELEASE\plugins\org.eclipse.m2e.maven.runtime_3.9.600.20231203-1234\jars\maven-artifact-3.9.6.jar
2025-04-01 21:28:14,892 [Worker-179: Launching Executing clean in C__Users_y_ravi_E-Portal Java_E-Portal] INFO  o.eclipse.m2e.core.internal.Bundles - 	Entry: C:\Users\y_ravi\Downloads\sts-4.22.1.RELEASE\plugins\org.eclipse.m2e.maven.runtime_3.9.600.20231203-1234\jars\maven-builder-support-3.9.6.jar
2025-04-01 21:28:14,892 [Worker-179: Launching Executing clean in C__Users_y_ravi_E-Portal Java_E-Portal] INFO  o.eclipse.m2e.core.internal.Bundles - 	Entry: C:\Users\y_ravi\Downloads\sts-4.22.1.RELEASE\plugins\org.eclipse.m2e.maven.runtime_3.9.600.20231203-1234\jars\maven-compat-3.9.6.jar
2025-04-01 21:28:14,892 [Worker-179: Launching Executing clean in C__Users_y_ravi_E-Portal Java_E-Portal] INFO  o.eclipse.m2e.core.internal.Bundles - 	Entry: C:\Users\y_ravi\Downloads\sts-4.22.1.RELEASE\plugins\org.eclipse.m2e.maven.runtime_3.9.600.20231203-1234\jars\maven-core-3.9.6.jar
2025-04-01 21:28:14,892 [Worker-179: Launching Executing clean in C__Users_y_ravi_E-Portal Java_E-Portal] INFO  o.eclipse.m2e.core.internal.Bundles - 	Entry: C:\Users\y_ravi\Downloads\sts-4.22.1.RELEASE\plugins\org.eclipse.m2e.maven.runtime_3.9.600.20231203-1234\jars\maven-embedder-3.9.6.jar
2025-04-01 21:28:14,893 [Worker-179: Launching Executing clean in C__Users_y_ravi_E-Portal Java_E-Portal] INFO  o.eclipse.m2e.core.internal.Bundles - 	Entry: C:\Users\y_ravi\Downloads\sts-4.22.1.RELEASE\plugins\org.eclipse.m2e.maven.runtime_3.9.600.20231203-1234\jars\maven-model-3.9.6.jar
2025-04-01 21:28:14,893 [Worker-179: Launching Executing clean in C__Users_y_ravi_E-Portal Java_E-Portal] INFO  o.eclipse.m2e.core.internal.Bundles - 	Entry: C:\Users\y_ravi\Downloads\sts-4.22.1.RELEASE\plugins\org.eclipse.m2e.maven.runtime_3.9.600.20231203-1234\jars\maven-model-builder-3.9.6.jar
2025-04-01 21:28:14,893 [Worker-179: Launching Executing clean in C__Users_y_ravi_E-Portal Java_E-Portal] INFO  o.eclipse.m2e.core.internal.Bundles - 	Entry: C:\Users\y_ravi\Downloads\sts-4.22.1.RELEASE\plugins\org.eclipse.m2e.maven.runtime_3.9.600.20231203-1234\jars\maven-plugin-api-3.9.6.jar
2025-04-01 21:28:14,893 [Worker-179: Launching Executing clean in C__Users_y_ravi_E-Portal Java_E-Portal] INFO  o.eclipse.m2e.core.internal.Bundles - 	Entry: C:\Users\y_ravi\Downloads\sts-4.22.1.RELEASE\plugins\org.eclipse.m2e.maven.runtime_3.9.600.20231203-1234\jars\maven-repository-metadata-3.9.6.jar
2025-04-01 21:28:14,893 [Worker-179: Launching Executing clean in C__Users_y_ravi_E-Portal Java_E-Portal] INFO  o.eclipse.m2e.core.internal.Bundles - 	Entry: C:\Users\y_ravi\Downloads\sts-4.22.1.RELEASE\plugins\org.eclipse.m2e.maven.runtime_3.9.600.20231203-1234\jars\maven-resolver-api-1.9.18.jar
2025-04-01 21:28:14,893 [Worker-179: Launching Executing clean in C__Users_y_ravi_E-Portal Java_E-Portal] INFO  o.eclipse.m2e.core.internal.Bundles - 	Entry: C:\Users\y_ravi\Downloads\sts-4.22.1.RELEASE\plugins\org.eclipse.m2e.maven.runtime_3.9.600.20231203-1234\jars\maven-resolver-connector-basic-1.9.18.jar
2025-04-01 21:28:14,893 [Worker-179: Launching Executing clean in C__Users_y_ravi_E-Portal Java_E-Portal] INFO  o.eclipse.m2e.core.internal.Bundles - 	Entry: C:\Users\y_ravi\Downloads\sts-4.22.1.RELEASE\plugins\org.eclipse.m2e.maven.runtime_3.9.600.20231203-1234\jars\maven-resolver-impl-1.9.18.jar
2025-04-01 21:28:14,894 [Worker-179: Launching Executing clean in C__Users_y_ravi_E-Portal Java_E-Portal] INFO  o.eclipse.m2e.core.internal.Bundles - 	Entry: C:\Users\y_ravi\Downloads\sts-4.22.1.RELEASE\plugins\org.eclipse.m2e.maven.runtime_3.9.600.20231203-1234\jars\maven-resolver-named-locks-1.9.18.jar
2025-04-01 21:28:14,894 [Worker-179: Launching Executing clean in C__Users_y_ravi_E-Portal Java_E-Portal] INFO  o.eclipse.m2e.core.internal.Bundles - 	Entry: C:\Users\y_ravi\Downloads\sts-4.22.1.RELEASE\plugins\org.eclipse.m2e.maven.runtime_3.9.600.20231203-1234\jars\maven-resolver-provider-3.9.6.jar
2025-04-01 21:28:14,894 [Worker-179: Launching Executing clean in C__Users_y_ravi_E-Portal Java_E-Portal] INFO  o.eclipse.m2e.core.internal.Bundles - 	Entry: C:\Users\y_ravi\Downloads\sts-4.22.1.RELEASE\plugins\org.eclipse.m2e.maven.runtime_3.9.600.20231203-1234\jars\maven-resolver-spi-1.9.18.jar
2025-04-01 21:28:14,894 [Worker-179: Launching Executing clean in C__Users_y_ravi_E-Portal Java_E-Portal] INFO  o.eclipse.m2e.core.internal.Bundles - 	Entry: C:\Users\y_ravi\Downloads\sts-4.22.1.RELEASE\plugins\org.eclipse.m2e.maven.runtime_3.9.600.20231203-1234\jars\maven-resolver-transport-file-1.9.18.jar
2025-04-01 21:28:14,894 [Worker-179: Launching Executing clean in C__Users_y_ravi_E-Portal Java_E-Portal] INFO  o.eclipse.m2e.core.internal.Bundles - 	Entry: C:\Users\y_ravi\Downloads\sts-4.22.1.RELEASE\plugins\org.eclipse.m2e.maven.runtime_3.9.600.20231203-1234\jars\maven-resolver-transport-http-1.9.18.jar
2025-04-01 21:28:14,894 [Worker-179: Launching Executing clean in C__Users_y_ravi_E-Portal Java_E-Portal] INFO  o.eclipse.m2e.core.internal.Bundles - 	Entry: C:\Users\y_ravi\Downloads\sts-4.22.1.RELEASE\plugins\org.eclipse.m2e.maven.runtime_3.9.600.20231203-1234\jars\maven-resolver-transport-wagon-1.9.18.jar
2025-04-01 21:28:14,894 [Worker-179: Launching Executing clean in C__Users_y_ravi_E-Portal Java_E-Portal] INFO  o.eclipse.m2e.core.internal.Bundles - 	Entry: C:\Users\y_ravi\Downloads\sts-4.22.1.RELEASE\plugins\org.eclipse.m2e.maven.runtime_3.9.600.20231203-1234\jars\maven-resolver-util-1.9.18.jar
2025-04-01 21:28:14,895 [Worker-179: Launching Executing clean in C__Users_y_ravi_E-Portal Java_E-Portal] INFO  o.eclipse.m2e.core.internal.Bundles - 	Entry: C:\Users\y_ravi\Downloads\sts-4.22.1.RELEASE\plugins\org.eclipse.m2e.maven.runtime_3.9.600.20231203-1234\jars\maven-settings-3.9.6.jar
2025-04-01 21:28:14,895 [Worker-179: Launching Executing clean in C__Users_y_ravi_E-Portal Java_E-Portal] INFO  o.eclipse.m2e.core.internal.Bundles - 	Entry: C:\Users\y_ravi\Downloads\sts-4.22.1.RELEASE\plugins\org.eclipse.m2e.maven.runtime_3.9.600.20231203-1234\jars\maven-settings-builder-3.9.6.jar
2025-04-01 21:28:14,895 [Worker-179: Launching Executing clean in C__Users_y_ravi_E-Portal Java_E-Portal] INFO  o.eclipse.m2e.core.internal.Bundles - 	Entry: C:\Users\y_ravi\Downloads\sts-4.22.1.RELEASE\plugins\org.eclipse.m2e.maven.runtime_3.9.600.20231203-1234\jars\maven-shared-utils-3.3.4.jar
2025-04-01 21:28:14,895 [Worker-179: Launching Executing clean in C__Users_y_ravi_E-Portal Java_E-Portal] INFO  o.eclipse.m2e.core.internal.Bundles - 	Entry: C:\Users\y_ravi\Downloads\sts-4.22.1.RELEASE\plugins\org.eclipse.m2e.maven.runtime_3.9.600.20231203-1234\jars\org.eclipse.sisu.inject-0.9.0.M2.jar
2025-04-01 21:28:14,895 [Worker-179: Launching Executing clean in C__Users_y_ravi_E-Portal Java_E-Portal] INFO  o.eclipse.m2e.core.internal.Bundles - 	Entry: C:\Users\y_ravi\Downloads\sts-4.22.1.RELEASE\plugins\org.eclipse.m2e.maven.runtime_3.9.600.20231203-1234\jars\org.eclipse.sisu.plexus-0.9.0.M2.jar
2025-04-01 21:28:14,895 [Worker-179: Launching Executing clean in C__Users_y_ravi_E-Portal Java_E-Portal] INFO  o.eclipse.m2e.core.internal.Bundles - 	Entry: C:\Users\y_ravi\Downloads\sts-4.22.1.RELEASE\plugins\org.eclipse.m2e.maven.runtime_3.9.600.20231203-1234\jars\plexus-build-api-0.0.7.jar
2025-04-01 21:28:14,896 [Worker-179: Launching Executing clean in C__Users_y_ravi_E-Portal Java_E-Portal] INFO  o.eclipse.m2e.core.internal.Bundles - 	Entry: C:\Users\y_ravi\Downloads\sts-4.22.1.RELEASE\plugins\org.eclipse.m2e.maven.runtime_3.9.600.20231203-1234\jars\plexus-cipher-2.0.jar
2025-04-01 21:28:14,896 [Worker-179: Launching Executing clean in C__Users_y_ravi_E-Portal Java_E-Portal] INFO  o.eclipse.m2e.core.internal.Bundles - 	Entry: C:\Users\y_ravi\Downloads\sts-4.22.1.RELEASE\plugins\org.eclipse.m2e.maven.runtime_3.9.600.20231203-1234\jars\plexus-classworlds-2.7.0.jar
2025-04-01 21:28:14,896 [Worker-179: Launching Executing clean in C__Users_y_ravi_E-Portal Java_E-Portal] INFO  o.eclipse.m2e.core.internal.Bundles - 	Entry: C:\Users\y_ravi\Downloads\sts-4.22.1.RELEASE\plugins\org.eclipse.m2e.maven.runtime_3.9.600.20231203-1234\jars\plexus-component-annotations-2.1.0.jar
2025-04-01 21:28:14,896 [Worker-179: Launching Executing clean in C__Users_y_ravi_E-Portal Java_E-Portal] INFO  o.eclipse.m2e.core.internal.Bundles - 	Entry: C:\Users\y_ravi\Downloads\sts-4.22.1.RELEASE\plugins\org.eclipse.m2e.maven.runtime_3.9.600.20231203-1234\jars\plexus-interpolation-1.26.jar
2025-04-01 21:28:14,896 [Worker-179: Launching Executing clean in C__Users_y_ravi_E-Portal Java_E-Portal] INFO  o.eclipse.m2e.core.internal.Bundles - 	Entry: C:\Users\y_ravi\Downloads\sts-4.22.1.RELEASE\plugins\org.eclipse.m2e.maven.runtime_3.9.600.20231203-1234\jars\plexus-sec-dispatcher-2.0.jar
2025-04-01 21:28:14,896 [Worker-179: Launching Executing clean in C__Users_y_ravi_E-Portal Java_E-Portal] INFO  o.eclipse.m2e.core.internal.Bundles - 	Entry: C:\Users\y_ravi\Downloads\sts-4.22.1.RELEASE\plugins\org.eclipse.m2e.maven.runtime_3.9.600.20231203-1234\jars\plexus-utils-3.5.1.jar
2025-04-01 21:28:14,896 [Worker-179: Launching Executing clean in C__Users_y_ravi_E-Portal Java_E-Portal] INFO  o.eclipse.m2e.core.internal.Bundles - 	Entry: C:\Users\y_ravi\Downloads\sts-4.22.1.RELEASE\plugins\org.eclipse.m2e.maven.runtime_3.9.600.20231203-1234\jars\wagon-file-3.5.3.jar
2025-04-01 21:28:14,896 [Worker-179: Launching Executing clean in C__Users_y_ravi_E-Portal Java_E-Portal] INFO  o.eclipse.m2e.core.internal.Bundles - 	Entry: C:\Users\y_ravi\Downloads\sts-4.22.1.RELEASE\plugins\org.eclipse.m2e.maven.runtime_3.9.600.20231203-1234\jars\wagon-http-3.5.3.jar
2025-04-01 21:28:14,897 [Worker-179: Launching Executing clean in C__Users_y_ravi_E-Portal Java_E-Portal] INFO  o.eclipse.m2e.core.internal.Bundles - 	Entry: C:\Users\y_ravi\Downloads\sts-4.22.1.RELEASE\plugins\org.eclipse.m2e.maven.runtime_3.9.600.20231203-1234\jars\wagon-http-shared-3.5.3.jar
2025-04-01 21:28:14,897 [Worker-179: Launching Executing clean in C__Users_y_ravi_E-Portal Java_E-Portal] INFO  o.eclipse.m2e.core.internal.Bundles - 	Entry: C:\Users\y_ravi\Downloads\sts-4.22.1.RELEASE\plugins\org.eclipse.m2e.maven.runtime_3.9.600.20231203-1234\jars\wagon-provider-api-3.5.3.jar
2025-04-01 21:28:14,897 [Worker-179: Launching Executing clean in C__Users_y_ravi_E-Portal Java_E-Portal] INFO  o.eclipse.m2e.core.internal.Bundles - getClasspathEntries(Bundle=com.google.guava_33.0.0.jre [27])
2025-04-01 21:28:14,897 [Worker-179: Launching Executing clean in C__Users_y_ravi_E-Portal Java_E-Portal] INFO  o.eclipse.m2e.core.internal.Bundles - 	Entry: C:\Users\y_ravi\Downloads\sts-4.22.1.RELEASE\plugins\com.google.guava_33.0.0.jre.jar
2025-04-01 21:28:14,897 [Worker-179: Launching Executing clean in C__Users_y_ravi_E-Portal Java_E-Portal] INFO  o.eclipse.m2e.core.internal.Bundles - getClasspathEntries(Bundle=slf4j.api_2.0.12 [584])
2025-04-01 21:28:14,898 [Worker-179: Launching Executing clean in C__Users_y_ravi_E-Portal Java_E-Portal] INFO  o.eclipse.m2e.core.internal.Bundles - 	Entry: C:\Users\y_ravi\Downloads\sts-4.22.1.RELEASE\plugins\slf4j.api_2.0.12.jar
2025-04-01 21:28:14,898 [Worker-179: Launching Executing clean in C__Users_y_ravi_E-Portal Java_E-Portal] INFO  o.eclipse.m2e.core.internal.Bundles - getClasspathEntries(Bundle=jakarta.inject.jakarta.inject-api_1.0.5 [44])
2025-04-01 21:28:14,898 [Worker-179: Launching Executing clean in C__Users_y_ravi_E-Portal Java_E-Portal] INFO  o.eclipse.m2e.core.internal.Bundles - 	Entry: C:\Users\y_ravi\Downloads\sts-4.22.1.RELEASE\plugins\jakarta.inject.jakarta.inject-api_1.0.5.jar
2025-04-01 21:28:14,898 [Worker-179: Launching Executing clean in C__Users_y_ravi_E-Portal Java_E-Portal] INFO  o.eclipse.m2e.core.internal.Bundles - getClasspathEntries(Bundle=jakarta.annotation-api_1.3.5 [40])
2025-04-01 21:28:14,898 [Worker-179: Launching Executing clean in C__Users_y_ravi_E-Portal Java_E-Portal] INFO  o.eclipse.m2e.core.internal.Bundles - 	Entry: C:\Users\y_ravi\Downloads\sts-4.22.1.RELEASE\plugins\jakarta.annotation-api_1.3.5.jar
2025-04-01 21:28:14,898 [Worker-179: Launching Executing clean in C__Users_y_ravi_E-Portal Java_E-Portal] INFO  o.eclipse.m2e.core.internal.Bundles - getClasspathEntries(Bundle=org.apache.commons.cli_1.6.0 [75])
2025-04-01 21:28:14,898 [Worker-179: Launching Executing clean in C__Users_y_ravi_E-Portal Java_E-Portal] INFO  o.eclipse.m2e.core.internal.Bundles - 	Entry: C:\Users\y_ravi\Downloads\sts-4.22.1.RELEASE\plugins\org.apache.commons.cli_1.6.0.jar
2025-04-01 21:28:14,898 [Worker-179: Launching Executing clean in C__Users_y_ravi_E-Portal Java_E-Portal] INFO  o.eclipse.m2e.core.internal.Bundles - getClasspathEntries(Bundle=org.apache.commons.commons-codec_1.16.0 [77])
2025-04-01 21:28:14,899 [Worker-179: Launching Executing clean in C__Users_y_ravi_E-Portal Java_E-Portal] INFO  o.eclipse.m2e.core.internal.Bundles - 	Entry: C:\Users\y_ravi\Downloads\sts-4.22.1.RELEASE\plugins\org.apache.commons.commons-codec_1.16.0.jar
2025-04-01 21:28:14,899 [Worker-179: Launching Executing clean in C__Users_y_ravi_E-Portal Java_E-Portal] INFO  o.eclipse.m2e.core.internal.Bundles - getClasspathEntries(Bundle=org.apache.commons.lang3_3.14.0 [81])
2025-04-01 21:28:14,899 [Worker-179: Launching Executing clean in C__Users_y_ravi_E-Portal Java_E-Portal] INFO  o.eclipse.m2e.core.internal.Bundles - 	Entry: C:\Users\y_ravi\Downloads\sts-4.22.1.RELEASE\plugins\org.apache.commons.lang3_3.14.0.jar
2025-04-01 21:28:14,899 [Worker-179: Launching Executing clean in C__Users_y_ravi_E-Portal Java_E-Portal] INFO  o.eclipse.m2e.core.internal.Bundles - getClasspathEntries(Bundle=com.google.guava.failureaccess_1.0.2 [29])
2025-04-01 21:28:14,899 [Worker-179: Launching Executing clean in C__Users_y_ravi_E-Portal Java_E-Portal] INFO  o.eclipse.m2e.core.internal.Bundles - 	Entry: C:\Users\y_ravi\Downloads\sts-4.22.1.RELEASE\plugins\com.google.guava.failureaccess_1.0.2.jar
2025-04-01 21:28:14,900 [Worker-179: Launching Executing clean in C__Users_y_ravi_E-Portal Java_E-Portal] INFO  o.e.m.i.launch.MavenLaunchDelegate - Run build in "C:\Users\y_ravi\E-Portal Java\E-Portal":
2025-04-01 21:28:14,900 [Worker-179: Launching Executing clean in C__Users_y_ravi_E-Portal Java_E-Portal] INFO  o.e.m.i.launch.MavenLaunchDelegate -  mvn  -Ppom.xml -B -Dstyle.color=always clean
2025-04-01 21:28:17,005 [Worker-178: Building] INFO  o.a.m.s.f.DefaultMavenResourcesFiltering - Copying 1 resource from src\main\resources to target\classes
2025-04-01 21:28:17,007 [Worker-178: Building] INFO  o.a.m.s.f.DefaultMavenResourcesFiltering - Copying 0 resource from src\main\resources to target\classes
2025-04-01 21:28:17,009 [Worker-178: Building] INFO  o.a.m.s.f.DefaultMavenResourcesFiltering - skip non existing resourceDirectory C:\Users\y_ravi\E-Portal Java\E-Portal\src\test\resources
2025-04-01 21:28:26,719 [Worker-174: Launching Executing install in C__Users_y_ravi_E-Portal Java_E-Portal] INFO  o.eclipse.m2e.core.internal.Bundles - getClasspathEntries(Bundle=org.eclipse.m2e.maven.runtime_3.9.600.20231203-1234 [354])
2025-04-01 21:28:26,720 [Worker-174: Launching Executing install in C__Users_y_ravi_E-Portal Java_E-Portal] INFO  o.eclipse.m2e.core.internal.Bundles - 	Entry: C:\Users\y_ravi\Downloads\sts-4.22.1.RELEASE\plugins\org.eclipse.m2e.maven.runtime_3.9.600.20231203-1234
2025-04-01 21:28:26,720 [Worker-174: Launching Executing install in C__Users_y_ravi_E-Portal Java_E-Portal] INFO  o.eclipse.m2e.core.internal.Bundles - 	Entry: C:\Users\y_ravi\Downloads\sts-4.22.1.RELEASE\plugins\org.eclipse.m2e.maven.runtime_3.9.600.20231203-1234\jars\aopalliance-1.0.jar
2025-04-01 21:28:26,720 [Worker-174: Launching Executing install in C__Users_y_ravi_E-Portal Java_E-Portal] INFO  o.eclipse.m2e.core.internal.Bundles - 	Entry: C:\Users\y_ravi\Downloads\sts-4.22.1.RELEASE\plugins\org.eclipse.m2e.maven.runtime_3.9.600.20231203-1234\jars\guice-5.1.0.jar
2025-04-01 21:28:26,721 [Worker-174: Launching Executing install in C__Users_y_ravi_E-Portal Java_E-Portal] INFO  o.eclipse.m2e.core.internal.Bundles - 	Entry: C:\Users\y_ravi\Downloads\sts-4.22.1.RELEASE\plugins\org.eclipse.m2e.maven.runtime_3.9.600.20231203-1234\jars\httpclient-4.5.14.jar
2025-04-01 21:28:26,721 [Worker-174: Launching Executing install in C__Users_y_ravi_E-Portal Java_E-Portal] INFO  o.eclipse.m2e.core.internal.Bundles - 	Entry: C:\Users\y_ravi\Downloads\sts-4.22.1.RELEASE\plugins\org.eclipse.m2e.maven.runtime_3.9.600.20231203-1234\jars\httpcore-4.4.16.jar
2025-04-01 21:28:26,721 [Worker-174: Launching Executing install in C__Users_y_ravi_E-Portal Java_E-Portal] INFO  o.eclipse.m2e.core.internal.Bundles - 	Entry: C:\Users\y_ravi\Downloads\sts-4.22.1.RELEASE\plugins\org.eclipse.m2e.maven.runtime_3.9.600.20231203-1234\jars\jansi-2.4.0.jar
2025-04-01 21:28:26,721 [Worker-174: Launching Executing install in C__Users_y_ravi_E-Portal Java_E-Portal] INFO  o.eclipse.m2e.core.internal.Bundles - 	Entry: C:\Users\y_ravi\Downloads\sts-4.22.1.RELEASE\plugins\org.eclipse.m2e.maven.runtime_3.9.600.20231203-1234\jars\jcl-over-slf4j-1.7.36.jar
2025-04-01 21:28:26,721 [Worker-174: Launching Executing install in C__Users_y_ravi_E-Portal Java_E-Portal] INFO  o.eclipse.m2e.core.internal.Bundles - 	Entry: C:\Users\y_ravi\Downloads\sts-4.22.1.RELEASE\plugins\org.eclipse.m2e.maven.runtime_3.9.600.20231203-1234\jars\maven-artifact-3.9.6.jar
2025-04-01 21:28:26,721 [Worker-174: Launching Executing install in C__Users_y_ravi_E-Portal Java_E-Portal] INFO  o.eclipse.m2e.core.internal.Bundles - 	Entry: C:\Users\y_ravi\Downloads\sts-4.22.1.RELEASE\plugins\org.eclipse.m2e.maven.runtime_3.9.600.20231203-1234\jars\maven-builder-support-3.9.6.jar
2025-04-01 21:28:26,721 [Worker-174: Launching Executing install in C__Users_y_ravi_E-Portal Java_E-Portal] INFO  o.eclipse.m2e.core.internal.Bundles - 	Entry: C:\Users\y_ravi\Downloads\sts-4.22.1.RELEASE\plugins\org.eclipse.m2e.maven.runtime_3.9.600.20231203-1234\jars\maven-compat-3.9.6.jar
2025-04-01 21:28:26,721 [Worker-174: Launching Executing install in C__Users_y_ravi_E-Portal Java_E-Portal] INFO  o.eclipse.m2e.core.internal.Bundles - 	Entry: C:\Users\y_ravi\Downloads\sts-4.22.1.RELEASE\plugins\org.eclipse.m2e.maven.runtime_3.9.600.20231203-1234\jars\maven-core-3.9.6.jar
2025-04-01 21:28:26,721 [Worker-174: Launching Executing install in C__Users_y_ravi_E-Portal Java_E-Portal] INFO  o.eclipse.m2e.core.internal.Bundles - 	Entry: C:\Users\y_ravi\Downloads\sts-4.22.1.RELEASE\plugins\org.eclipse.m2e.maven.runtime_3.9.600.20231203-1234\jars\maven-embedder-3.9.6.jar
2025-04-01 21:28:26,721 [Worker-174: Launching Executing install in C__Users_y_ravi_E-Portal Java_E-Portal] INFO  o.eclipse.m2e.core.internal.Bundles - 	Entry: C:\Users\y_ravi\Downloads\sts-4.22.1.RELEASE\plugins\org.eclipse.m2e.maven.runtime_3.9.600.20231203-1234\jars\maven-model-3.9.6.jar
2025-04-01 21:28:26,721 [Worker-174: Launching Executing install in C__Users_y_ravi_E-Portal Java_E-Portal] INFO  o.eclipse.m2e.core.internal.Bundles - 	Entry: C:\Users\y_ravi\Downloads\sts-4.22.1.RELEASE\plugins\org.eclipse.m2e.maven.runtime_3.9.600.20231203-1234\jars\maven-model-builder-3.9.6.jar
2025-04-01 21:28:26,722 [Worker-174: Launching Executing install in C__Users_y_ravi_E-Portal Java_E-Portal] INFO  o.eclipse.m2e.core.internal.Bundles - 	Entry: C:\Users\y_ravi\Downloads\sts-4.22.1.RELEASE\plugins\org.eclipse.m2e.maven.runtime_3.9.600.20231203-1234\jars\maven-plugin-api-3.9.6.jar
2025-04-01 21:28:26,722 [Worker-174: Launching Executing install in C__Users_y_ravi_E-Portal Java_E-Portal] INFO  o.eclipse.m2e.core.internal.Bundles - 	Entry: C:\Users\y_ravi\Downloads\sts-4.22.1.RELEASE\plugins\org.eclipse.m2e.maven.runtime_3.9.600.20231203-1234\jars\maven-repository-metadata-3.9.6.jar
2025-04-01 21:28:26,722 [Worker-174: Launching Executing install in C__Users_y_ravi_E-Portal Java_E-Portal] INFO  o.eclipse.m2e.core.internal.Bundles - 	Entry: C:\Users\y_ravi\Downloads\sts-4.22.1.RELEASE\plugins\org.eclipse.m2e.maven.runtime_3.9.600.20231203-1234\jars\maven-resolver-api-1.9.18.jar
2025-04-01 21:28:26,722 [Worker-174: Launching Executing install in C__Users_y_ravi_E-Portal Java_E-Portal] INFO  o.eclipse.m2e.core.internal.Bundles - 	Entry: C:\Users\y_ravi\Downloads\sts-4.22.1.RELEASE\plugins\org.eclipse.m2e.maven.runtime_3.9.600.20231203-1234\jars\maven-resolver-connector-basic-1.9.18.jar
2025-04-01 21:28:26,723 [Worker-174: Launching Executing install in C__Users_y_ravi_E-Portal Java_E-Portal] INFO  o.eclipse.m2e.core.internal.Bundles - 	Entry: C:\Users\y_ravi\Downloads\sts-4.22.1.RELEASE\plugins\org.eclipse.m2e.maven.runtime_3.9.600.20231203-1234\jars\maven-resolver-impl-1.9.18.jar
2025-04-01 21:28:26,723 [Worker-174: Launching Executing install in C__Users_y_ravi_E-Portal Java_E-Portal] INFO  o.eclipse.m2e.core.internal.Bundles - 	Entry: C:\Users\y_ravi\Downloads\sts-4.22.1.RELEASE\plugins\org.eclipse.m2e.maven.runtime_3.9.600.20231203-1234\jars\maven-resolver-named-locks-1.9.18.jar
2025-04-01 21:28:26,723 [Worker-174: Launching Executing install in C__Users_y_ravi_E-Portal Java_E-Portal] INFO  o.eclipse.m2e.core.internal.Bundles - 	Entry: C:\Users\y_ravi\Downloads\sts-4.22.1.RELEASE\plugins\org.eclipse.m2e.maven.runtime_3.9.600.20231203-1234\jars\maven-resolver-provider-3.9.6.jar
2025-04-01 21:28:26,723 [Worker-174: Launching Executing install in C__Users_y_ravi_E-Portal Java_E-Portal] INFO  o.eclipse.m2e.core.internal.Bundles - 	Entry: C:\Users\y_ravi\Downloads\sts-4.22.1.RELEASE\plugins\org.eclipse.m2e.maven.runtime_3.9.600.20231203-1234\jars\maven-resolver-spi-1.9.18.jar
2025-04-01 21:28:26,723 [Worker-174: Launching Executing install in C__Users_y_ravi_E-Portal Java_E-Portal] INFO  o.eclipse.m2e.core.internal.Bundles - 	Entry: C:\Users\y_ravi\Downloads\sts-4.22.1.RELEASE\plugins\org.eclipse.m2e.maven.runtime_3.9.600.20231203-1234\jars\maven-resolver-transport-file-1.9.18.jar
2025-04-01 21:28:26,723 [Worker-174: Launching Executing install in C__Users_y_ravi_E-Portal Java_E-Portal] INFO  o.eclipse.m2e.core.internal.Bundles - 	Entry: C:\Users\y_ravi\Downloads\sts-4.22.1.RELEASE\plugins\org.eclipse.m2e.maven.runtime_3.9.600.20231203-1234\jars\maven-resolver-transport-http-1.9.18.jar
2025-04-01 21:28:26,724 [Worker-174: Launching Executing install in C__Users_y_ravi_E-Portal Java_E-Portal] INFO  o.eclipse.m2e.core.internal.Bundles - 	Entry: C:\Users\y_ravi\Downloads\sts-4.22.1.RELEASE\plugins\org.eclipse.m2e.maven.runtime_3.9.600.20231203-1234\jars\maven-resolver-transport-wagon-1.9.18.jar
2025-04-01 21:28:26,724 [Worker-174: Launching Executing install in C__Users_y_ravi_E-Portal Java_E-Portal] INFO  o.eclipse.m2e.core.internal.Bundles - 	Entry: C:\Users\y_ravi\Downloads\sts-4.22.1.RELEASE\plugins\org.eclipse.m2e.maven.runtime_3.9.600.20231203-1234\jars\maven-resolver-util-1.9.18.jar
2025-04-01 21:28:26,724 [Worker-174: Launching Executing install in C__Users_y_ravi_E-Portal Java_E-Portal] INFO  o.eclipse.m2e.core.internal.Bundles - 	Entry: C:\Users\y_ravi\Downloads\sts-4.22.1.RELEASE\plugins\org.eclipse.m2e.maven.runtime_3.9.600.20231203-1234\jars\maven-settings-3.9.6.jar
2025-04-01 21:28:26,724 [Worker-174: Launching Executing install in C__Users_y_ravi_E-Portal Java_E-Portal] INFO  o.eclipse.m2e.core.internal.Bundles - 	Entry: C:\Users\y_ravi\Downloads\sts-4.22.1.RELEASE\plugins\org.eclipse.m2e.maven.runtime_3.9.600.20231203-1234\jars\maven-settings-builder-3.9.6.jar
2025-04-01 21:28:26,724 [Worker-174: Launching Executing install in C__Users_y_ravi_E-Portal Java_E-Portal] INFO  o.eclipse.m2e.core.internal.Bundles - 	Entry: C:\Users\y_ravi\Downloads\sts-4.22.1.RELEASE\plugins\org.eclipse.m2e.maven.runtime_3.9.600.20231203-1234\jars\maven-shared-utils-3.3.4.jar
2025-04-01 21:28:26,724 [Worker-174: Launching Executing install in C__Users_y_ravi_E-Portal Java_E-Portal] INFO  o.eclipse.m2e.core.internal.Bundles - 	Entry: C:\Users\y_ravi\Downloads\sts-4.22.1.RELEASE\plugins\org.eclipse.m2e.maven.runtime_3.9.600.20231203-1234\jars\org.eclipse.sisu.inject-0.9.0.M2.jar
2025-04-01 21:28:26,724 [Worker-174: Launching Executing install in C__Users_y_ravi_E-Portal Java_E-Portal] INFO  o.eclipse.m2e.core.internal.Bundles - 	Entry: C:\Users\y_ravi\Downloads\sts-4.22.1.RELEASE\plugins\org.eclipse.m2e.maven.runtime_3.9.600.20231203-1234\jars\org.eclipse.sisu.plexus-0.9.0.M2.jar
2025-04-01 21:28:26,725 [Worker-174: Launching Executing install in C__Users_y_ravi_E-Portal Java_E-Portal] INFO  o.eclipse.m2e.core.internal.Bundles - 	Entry: C:\Users\y_ravi\Downloads\sts-4.22.1.RELEASE\plugins\org.eclipse.m2e.maven.runtime_3.9.600.20231203-1234\jars\plexus-build-api-0.0.7.jar
2025-04-01 21:28:26,725 [Worker-174: Launching Executing install in C__Users_y_ravi_E-Portal Java_E-Portal] INFO  o.eclipse.m2e.core.internal.Bundles - 	Entry: C:\Users\y_ravi\Downloads\sts-4.22.1.RELEASE\plugins\org.eclipse.m2e.maven.runtime_3.9.600.20231203-1234\jars\plexus-cipher-2.0.jar
2025-04-01 21:28:26,725 [Worker-174: Launching Executing install in C__Users_y_ravi_E-Portal Java_E-Portal] INFO  o.eclipse.m2e.core.internal.Bundles - 	Entry: C:\Users\y_ravi\Downloads\sts-4.22.1.RELEASE\plugins\org.eclipse.m2e.maven.runtime_3.9.600.20231203-1234\jars\plexus-classworlds-2.7.0.jar
2025-04-01 21:28:26,725 [Worker-174: Launching Executing install in C__Users_y_ravi_E-Portal Java_E-Portal] INFO  o.eclipse.m2e.core.internal.Bundles - 	Entry: C:\Users\y_ravi\Downloads\sts-4.22.1.RELEASE\plugins\org.eclipse.m2e.maven.runtime_3.9.600.20231203-1234\jars\plexus-component-annotations-2.1.0.jar
2025-04-01 21:28:26,726 [Worker-174: Launching Executing install in C__Users_y_ravi_E-Portal Java_E-Portal] INFO  o.eclipse.m2e.core.internal.Bundles - 	Entry: C:\Users\y_ravi\Downloads\sts-4.22.1.RELEASE\plugins\org.eclipse.m2e.maven.runtime_3.9.600.20231203-1234\jars\plexus-interpolation-1.26.jar
2025-04-01 21:28:26,726 [Worker-174: Launching Executing install in C__Users_y_ravi_E-Portal Java_E-Portal] INFO  o.eclipse.m2e.core.internal.Bundles - 	Entry: C:\Users\y_ravi\Downloads\sts-4.22.1.RELEASE\plugins\org.eclipse.m2e.maven.runtime_3.9.600.20231203-1234\jars\plexus-sec-dispatcher-2.0.jar
2025-04-01 21:28:26,726 [Worker-174: Launching Executing install in C__Users_y_ravi_E-Portal Java_E-Portal] INFO  o.eclipse.m2e.core.internal.Bundles - 	Entry: C:\Users\y_ravi\Downloads\sts-4.22.1.RELEASE\plugins\org.eclipse.m2e.maven.runtime_3.9.600.20231203-1234\jars\plexus-utils-3.5.1.jar
2025-04-01 21:28:26,726 [Worker-174: Launching Executing install in C__Users_y_ravi_E-Portal Java_E-Portal] INFO  o.eclipse.m2e.core.internal.Bundles - 	Entry: C:\Users\y_ravi\Downloads\sts-4.22.1.RELEASE\plugins\org.eclipse.m2e.maven.runtime_3.9.600.20231203-1234\jars\wagon-file-3.5.3.jar
2025-04-01 21:28:26,726 [Worker-174: Launching Executing install in C__Users_y_ravi_E-Portal Java_E-Portal] INFO  o.eclipse.m2e.core.internal.Bundles - 	Entry: C:\Users\y_ravi\Downloads\sts-4.22.1.RELEASE\plugins\org.eclipse.m2e.maven.runtime_3.9.600.20231203-1234\jars\wagon-http-3.5.3.jar
2025-04-01 21:28:26,727 [Worker-174: Launching Executing install in C__Users_y_ravi_E-Portal Java_E-Portal] INFO  o.eclipse.m2e.core.internal.Bundles - 	Entry: C:\Users\y_ravi\Downloads\sts-4.22.1.RELEASE\plugins\org.eclipse.m2e.maven.runtime_3.9.600.20231203-1234\jars\wagon-http-shared-3.5.3.jar
2025-04-01 21:28:26,727 [Worker-174: Launching Executing install in C__Users_y_ravi_E-Portal Java_E-Portal] INFO  o.eclipse.m2e.core.internal.Bundles - 	Entry: C:\Users\y_ravi\Downloads\sts-4.22.1.RELEASE\plugins\org.eclipse.m2e.maven.runtime_3.9.600.20231203-1234\jars\wagon-provider-api-3.5.3.jar
2025-04-01 21:28:26,727 [Worker-174: Launching Executing install in C__Users_y_ravi_E-Portal Java_E-Portal] INFO  o.eclipse.m2e.core.internal.Bundles - getClasspathEntries(Bundle=com.google.guava_33.0.0.jre [27])
2025-04-01 21:28:26,727 [Worker-174: Launching Executing install in C__Users_y_ravi_E-Portal Java_E-Portal] INFO  o.eclipse.m2e.core.internal.Bundles - 	Entry: C:\Users\y_ravi\Downloads\sts-4.22.1.RELEASE\plugins\com.google.guava_33.0.0.jre.jar
2025-04-01 21:28:26,727 [Worker-174: Launching Executing install in C__Users_y_ravi_E-Portal Java_E-Portal] INFO  o.eclipse.m2e.core.internal.Bundles - getClasspathEntries(Bundle=slf4j.api_2.0.12 [584])
2025-04-01 21:28:26,727 [Worker-174: Launching Executing install in C__Users_y_ravi_E-Portal Java_E-Portal] INFO  o.eclipse.m2e.core.internal.Bundles - 	Entry: C:\Users\y_ravi\Downloads\sts-4.22.1.RELEASE\plugins\slf4j.api_2.0.12.jar
2025-04-01 21:28:26,727 [Worker-174: Launching Executing install in C__Users_y_ravi_E-Portal Java_E-Portal] INFO  o.eclipse.m2e.core.internal.Bundles - getClasspathEntries(Bundle=jakarta.inject.jakarta.inject-api_1.0.5 [44])
2025-04-01 21:28:26,728 [Worker-174: Launching Executing install in C__Users_y_ravi_E-Portal Java_E-Portal] INFO  o.eclipse.m2e.core.internal.Bundles - 	Entry: C:\Users\y_ravi\Downloads\sts-4.22.1.RELEASE\plugins\jakarta.inject.jakarta.inject-api_1.0.5.jar
2025-04-01 21:28:26,728 [Worker-174: Launching Executing install in C__Users_y_ravi_E-Portal Java_E-Portal] INFO  o.eclipse.m2e.core.internal.Bundles - getClasspathEntries(Bundle=jakarta.annotation-api_1.3.5 [40])
2025-04-01 21:28:26,728 [Worker-174: Launching Executing install in C__Users_y_ravi_E-Portal Java_E-Portal] INFO  o.eclipse.m2e.core.internal.Bundles - 	Entry: C:\Users\y_ravi\Downloads\sts-4.22.1.RELEASE\plugins\jakarta.annotation-api_1.3.5.jar
2025-04-01 21:28:26,728 [Worker-174: Launching Executing install in C__Users_y_ravi_E-Portal Java_E-Portal] INFO  o.eclipse.m2e.core.internal.Bundles - getClasspathEntries(Bundle=org.apache.commons.cli_1.6.0 [75])
2025-04-01 21:28:26,729 [Worker-174: Launching Executing install in C__Users_y_ravi_E-Portal Java_E-Portal] INFO  o.eclipse.m2e.core.internal.Bundles - 	Entry: C:\Users\y_ravi\Downloads\sts-4.22.1.RELEASE\plugins\org.apache.commons.cli_1.6.0.jar
2025-04-01 21:28:26,729 [Worker-174: Launching Executing install in C__Users_y_ravi_E-Portal Java_E-Portal] INFO  o.eclipse.m2e.core.internal.Bundles - getClasspathEntries(Bundle=org.apache.commons.commons-codec_1.16.0 [77])
2025-04-01 21:28:26,729 [Worker-174: Launching Executing install in C__Users_y_ravi_E-Portal Java_E-Portal] INFO  o.eclipse.m2e.core.internal.Bundles - 	Entry: C:\Users\y_ravi\Downloads\sts-4.22.1.RELEASE\plugins\org.apache.commons.commons-codec_1.16.0.jar
2025-04-01 21:28:26,729 [Worker-174: Launching Executing install in C__Users_y_ravi_E-Portal Java_E-Portal] INFO  o.eclipse.m2e.core.internal.Bundles - getClasspathEntries(Bundle=org.apache.commons.lang3_3.14.0 [81])
2025-04-01 21:28:26,730 [Worker-174: Launching Executing install in C__Users_y_ravi_E-Portal Java_E-Portal] INFO  o.eclipse.m2e.core.internal.Bundles - 	Entry: C:\Users\y_ravi\Downloads\sts-4.22.1.RELEASE\plugins\org.apache.commons.lang3_3.14.0.jar
2025-04-01 21:28:26,730 [Worker-174: Launching Executing install in C__Users_y_ravi_E-Portal Java_E-Portal] INFO  o.eclipse.m2e.core.internal.Bundles - getClasspathEntries(Bundle=com.google.guava.failureaccess_1.0.2 [29])
2025-04-01 21:28:26,730 [Worker-174: Launching Executing install in C__Users_y_ravi_E-Portal Java_E-Portal] INFO  o.eclipse.m2e.core.internal.Bundles - 	Entry: C:\Users\y_ravi\Downloads\sts-4.22.1.RELEASE\plugins\com.google.guava.failureaccess_1.0.2.jar
2025-04-01 21:28:26,732 [Worker-174: Launching Executing install in C__Users_y_ravi_E-Portal Java_E-Portal] INFO  o.e.m.i.launch.MavenLaunchDelegate - Run build in "C:\Users\y_ravi\E-Portal Java\E-Portal":
2025-04-01 21:28:26,732 [Worker-174: Launching Executing install in C__Users_y_ravi_E-Portal Java_E-Portal] INFO  o.e.m.i.launch.MavenLaunchDelegate -  mvn  -Ppom.xml -B -Dstyle.color=always install
2025-04-01 21:28:57,667 [Worker-179: Building] INFO  o.a.m.s.f.DefaultMavenResourcesFiltering - Copying 1 resource from src\main\resources to target\classes
2025-04-01 21:28:57,671 [Worker-179: Building] INFO  o.a.m.s.f.DefaultMavenResourcesFiltering - Copying 0 resource from src\main\resources to target\classes
2025-04-01 21:28:57,674 [Worker-179: Building] INFO  o.a.m.s.f.DefaultMavenResourcesFiltering - skip non existing resourceDirectory C:\Users\y_ravi\E-Portal Java\E-Portal\src\test\resources
2025-04-01 21:29:03,758 [Worker-177: Building] INFO  o.a.m.s.f.DefaultMavenResourcesFiltering - Copying 1 resource from src\main\resources to target\classes
2025-04-01 21:29:03,764 [Worker-177: Building] INFO  o.a.m.s.f.DefaultMavenResourcesFiltering - Copying 0 resource from src\main\resources to target\classes
2025-04-01 21:29:03,766 [Worker-177: Building] INFO  o.a.m.s.f.DefaultMavenResourcesFiltering - skip non existing resourceDirectory C:\Users\y_ravi\E-Portal Java\E-Portal\src\test\resources
2025-04-01 21:29:05,216 [Worker-178: Launching Executing install in C__Users_y_ravi_E-Portal Java_E-Portal] INFO  o.eclipse.m2e.core.internal.Bundles - getClasspathEntries(Bundle=org.eclipse.m2e.maven.runtime_3.9.600.20231203-1234 [354])
2025-04-01 21:29:05,216 [Worker-178: Launching Executing install in C__Users_y_ravi_E-Portal Java_E-Portal] INFO  o.eclipse.m2e.core.internal.Bundles - 	Entry: C:\Users\y_ravi\Downloads\sts-4.22.1.RELEASE\plugins\org.eclipse.m2e.maven.runtime_3.9.600.20231203-1234
2025-04-01 21:29:05,217 [Worker-178: Launching Executing install in C__Users_y_ravi_E-Portal Java_E-Portal] INFO  o.eclipse.m2e.core.internal.Bundles - 	Entry: C:\Users\y_ravi\Downloads\sts-4.22.1.RELEASE\plugins\org.eclipse.m2e.maven.runtime_3.9.600.20231203-1234\jars\aopalliance-1.0.jar
2025-04-01 21:29:05,217 [Worker-178: Launching Executing install in C__Users_y_ravi_E-Portal Java_E-Portal] INFO  o.eclipse.m2e.core.internal.Bundles - 	Entry: C:\Users\y_ravi\Downloads\sts-4.22.1.RELEASE\plugins\org.eclipse.m2e.maven.runtime_3.9.600.20231203-1234\jars\guice-5.1.0.jar
2025-04-01 21:29:05,217 [Worker-178: Launching Executing install in C__Users_y_ravi_E-Portal Java_E-Portal] INFO  o.eclipse.m2e.core.internal.Bundles - 	Entry: C:\Users\y_ravi\Downloads\sts-4.22.1.RELEASE\plugins\org.eclipse.m2e.maven.runtime_3.9.600.20231203-1234\jars\httpclient-4.5.14.jar
2025-04-01 21:29:05,217 [Worker-178: Launching Executing install in C__Users_y_ravi_E-Portal Java_E-Portal] INFO  o.eclipse.m2e.core.internal.Bundles - 	Entry: C:\Users\y_ravi\Downloads\sts-4.22.1.RELEASE\plugins\org.eclipse.m2e.maven.runtime_3.9.600.20231203-1234\jars\httpcore-4.4.16.jar
2025-04-01 21:29:05,217 [Worker-178: Launching Executing install in C__Users_y_ravi_E-Portal Java_E-Portal] INFO  o.eclipse.m2e.core.internal.Bundles - 	Entry: C:\Users\y_ravi\Downloads\sts-4.22.1.RELEASE\plugins\org.eclipse.m2e.maven.runtime_3.9.600.20231203-1234\jars\jansi-2.4.0.jar
2025-04-01 21:29:05,217 [Worker-178: Launching Executing install in C__Users_y_ravi_E-Portal Java_E-Portal] INFO  o.eclipse.m2e.core.internal.Bundles - 	Entry: C:\Users\y_ravi\Downloads\sts-4.22.1.RELEASE\plugins\org.eclipse.m2e.maven.runtime_3.9.600.20231203-1234\jars\jcl-over-slf4j-1.7.36.jar
2025-04-01 21:29:05,218 [Worker-178: Launching Executing install in C__Users_y_ravi_E-Portal Java_E-Portal] INFO  o.eclipse.m2e.core.internal.Bundles - 	Entry: C:\Users\y_ravi\Downloads\sts-4.22.1.RELEASE\plugins\org.eclipse.m2e.maven.runtime_3.9.600.20231203-1234\jars\maven-artifact-3.9.6.jar
2025-04-01 21:29:05,218 [Worker-178: Launching Executing install in C__Users_y_ravi_E-Portal Java_E-Portal] INFO  o.eclipse.m2e.core.internal.Bundles - 	Entry: C:\Users\y_ravi\Downloads\sts-4.22.1.RELEASE\plugins\org.eclipse.m2e.maven.runtime_3.9.600.20231203-1234\jars\maven-builder-support-3.9.6.jar
2025-04-01 21:29:05,219 [Worker-178: Launching Executing install in C__Users_y_ravi_E-Portal Java_E-Portal] INFO  o.eclipse.m2e.core.internal.Bundles - 	Entry: C:\Users\y_ravi\Downloads\sts-4.22.1.RELEASE\plugins\org.eclipse.m2e.maven.runtime_3.9.600.20231203-1234\jars\maven-compat-3.9.6.jar
2025-04-01 21:29:05,219 [Worker-178: Launching Executing install in C__Users_y_ravi_E-Portal Java_E-Portal] INFO  o.eclipse.m2e.core.internal.Bundles - 	Entry: C:\Users\y_ravi\Downloads\sts-4.22.1.RELEASE\plugins\org.eclipse.m2e.maven.runtime_3.9.600.20231203-1234\jars\maven-core-3.9.6.jar
2025-04-01 21:29:05,219 [Worker-178: Launching Executing install in C__Users_y_ravi_E-Portal Java_E-Portal] INFO  o.eclipse.m2e.core.internal.Bundles - 	Entry: C:\Users\y_ravi\Downloads\sts-4.22.1.RELEASE\plugins\org.eclipse.m2e.maven.runtime_3.9.600.20231203-1234\jars\maven-embedder-3.9.6.jar
2025-04-01 21:29:05,219 [Worker-178: Launching Executing install in C__Users_y_ravi_E-Portal Java_E-Portal] INFO  o.eclipse.m2e.core.internal.Bundles - 	Entry: C:\Users\y_ravi\Downloads\sts-4.22.1.RELEASE\plugins\org.eclipse.m2e.maven.runtime_3.9.600.20231203-1234\jars\maven-model-3.9.6.jar
2025-04-01 21:29:05,219 [Worker-178: Launching Executing install in C__Users_y_ravi_E-Portal Java_E-Portal] INFO  o.eclipse.m2e.core.internal.Bundles - 	Entry: C:\Users\y_ravi\Downloads\sts-4.22.1.RELEASE\plugins\org.eclipse.m2e.maven.runtime_3.9.600.20231203-1234\jars\maven-model-builder-3.9.6.jar
2025-04-01 21:29:05,219 [Worker-178: Launching Executing install in C__Users_y_ravi_E-Portal Java_E-Portal] INFO  o.eclipse.m2e.core.internal.Bundles - 	Entry: C:\Users\y_ravi\Downloads\sts-4.22.1.RELEASE\plugins\org.eclipse.m2e.maven.runtime_3.9.600.20231203-1234\jars\maven-plugin-api-3.9.6.jar
2025-04-01 21:29:05,219 [Worker-178: Launching Executing install in C__Users_y_ravi_E-Portal Java_E-Portal] INFO  o.eclipse.m2e.core.internal.Bundles - 	Entry: C:\Users\y_ravi\Downloads\sts-4.22.1.RELEASE\plugins\org.eclipse.m2e.maven.runtime_3.9.600.20231203-1234\jars\maven-repository-metadata-3.9.6.jar
2025-04-01 21:29:05,219 [Worker-178: Launching Executing install in C__Users_y_ravi_E-Portal Java_E-Portal] INFO  o.eclipse.m2e.core.internal.Bundles - 	Entry: C:\Users\y_ravi\Downloads\sts-4.22.1.RELEASE\plugins\org.eclipse.m2e.maven.runtime_3.9.600.20231203-1234\jars\maven-resolver-api-1.9.18.jar
2025-04-01 21:29:05,219 [Worker-178: Launching Executing install in C__Users_y_ravi_E-Portal Java_E-Portal] INFO  o.eclipse.m2e.core.internal.Bundles - 	Entry: C:\Users\y_ravi\Downloads\sts-4.22.1.RELEASE\plugins\org.eclipse.m2e.maven.runtime_3.9.600.20231203-1234\jars\maven-resolver-connector-basic-1.9.18.jar
2025-04-01 21:29:05,220 [Worker-178: Launching Executing install in C__Users_y_ravi_E-Portal Java_E-Portal] INFO  o.eclipse.m2e.core.internal.Bundles - 	Entry: C:\Users\y_ravi\Downloads\sts-4.22.1.RELEASE\plugins\org.eclipse.m2e.maven.runtime_3.9.600.20231203-1234\jars\maven-resolver-impl-1.9.18.jar
2025-04-01 21:29:05,220 [Worker-178: Launching Executing install in C__Users_y_ravi_E-Portal Java_E-Portal] INFO  o.eclipse.m2e.core.internal.Bundles - 	Entry: C:\Users\y_ravi\Downloads\sts-4.22.1.RELEASE\plugins\org.eclipse.m2e.maven.runtime_3.9.600.20231203-1234\jars\maven-resolver-named-locks-1.9.18.jar
2025-04-01 21:29:05,220 [Worker-178: Launching Executing install in C__Users_y_ravi_E-Portal Java_E-Portal] INFO  o.eclipse.m2e.core.internal.Bundles - 	Entry: C:\Users\y_ravi\Downloads\sts-4.22.1.RELEASE\plugins\org.eclipse.m2e.maven.runtime_3.9.600.20231203-1234\jars\maven-resolver-provider-3.9.6.jar
2025-04-01 21:29:05,220 [Worker-178: Launching Executing install in C__Users_y_ravi_E-Portal Java_E-Portal] INFO  o.eclipse.m2e.core.internal.Bundles - 	Entry: C:\Users\y_ravi\Downloads\sts-4.22.1.RELEASE\plugins\org.eclipse.m2e.maven.runtime_3.9.600.20231203-1234\jars\maven-resolver-spi-1.9.18.jar
2025-04-01 21:29:05,221 [Worker-178: Launching Executing install in C__Users_y_ravi_E-Portal Java_E-Portal] INFO  o.eclipse.m2e.core.internal.Bundles - 	Entry: C:\Users\y_ravi\Downloads\sts-4.22.1.RELEASE\plugins\org.eclipse.m2e.maven.runtime_3.9.600.20231203-1234\jars\maven-resolver-transport-file-1.9.18.jar
2025-04-01 21:29:05,221 [Worker-178: Launching Executing install in C__Users_y_ravi_E-Portal Java_E-Portal] INFO  o.eclipse.m2e.core.internal.Bundles - 	Entry: C:\Users\y_ravi\Downloads\sts-4.22.1.RELEASE\plugins\org.eclipse.m2e.maven.runtime_3.9.600.20231203-1234\jars\maven-resolver-transport-http-1.9.18.jar
2025-04-01 21:29:05,221 [Worker-178: Launching Executing install in C__Users_y_ravi_E-Portal Java_E-Portal] INFO  o.eclipse.m2e.core.internal.Bundles - 	Entry: C:\Users\y_ravi\Downloads\sts-4.22.1.RELEASE\plugins\org.eclipse.m2e.maven.runtime_3.9.600.20231203-1234\jars\maven-resolver-transport-wagon-1.9.18.jar
2025-04-01 21:29:05,221 [Worker-178: Launching Executing install in C__Users_y_ravi_E-Portal Java_E-Portal] INFO  o.eclipse.m2e.core.internal.Bundles - 	Entry: C:\Users\y_ravi\Downloads\sts-4.22.1.RELEASE\plugins\org.eclipse.m2e.maven.runtime_3.9.600.20231203-1234\jars\maven-resolver-util-1.9.18.jar
2025-04-01 21:29:05,221 [Worker-178: Launching Executing install in C__Users_y_ravi_E-Portal Java_E-Portal] INFO  o.eclipse.m2e.core.internal.Bundles - 	Entry: C:\Users\y_ravi\Downloads\sts-4.22.1.RELEASE\plugins\org.eclipse.m2e.maven.runtime_3.9.600.20231203-1234\jars\maven-settings-3.9.6.jar
2025-04-01 21:29:05,221 [Worker-178: Launching Executing install in C__Users_y_ravi_E-Portal Java_E-Portal] INFO  o.eclipse.m2e.core.internal.Bundles - 	Entry: C:\Users\y_ravi\Downloads\sts-4.22.1.RELEASE\plugins\org.eclipse.m2e.maven.runtime_3.9.600.20231203-1234\jars\maven-settings-builder-3.9.6.jar
2025-04-01 21:29:05,222 [Worker-178: Launching Executing install in C__Users_y_ravi_E-Portal Java_E-Portal] INFO  o.eclipse.m2e.core.internal.Bundles - 	Entry: C:\Users\y_ravi\Downloads\sts-4.22.1.RELEASE\plugins\org.eclipse.m2e.maven.runtime_3.9.600.20231203-1234\jars\maven-shared-utils-3.3.4.jar
2025-04-01 21:29:05,222 [Worker-178: Launching Executing install in C__Users_y_ravi_E-Portal Java_E-Portal] INFO  o.eclipse.m2e.core.internal.Bundles - 	Entry: C:\Users\y_ravi\Downloads\sts-4.22.1.RELEASE\plugins\org.eclipse.m2e.maven.runtime_3.9.600.20231203-1234\jars\org.eclipse.sisu.inject-0.9.0.M2.jar
2025-04-01 21:29:05,222 [Worker-178: Launching Executing install in C__Users_y_ravi_E-Portal Java_E-Portal] INFO  o.eclipse.m2e.core.internal.Bundles - 	Entry: C:\Users\y_ravi\Downloads\sts-4.22.1.RELEASE\plugins\org.eclipse.m2e.maven.runtime_3.9.600.20231203-1234\jars\org.eclipse.sisu.plexus-0.9.0.M2.jar
2025-04-01 21:29:05,222 [Worker-178: Launching Executing install in C__Users_y_ravi_E-Portal Java_E-Portal] INFO  o.eclipse.m2e.core.internal.Bundles - 	Entry: C:\Users\y_ravi\Downloads\sts-4.22.1.RELEASE\plugins\org.eclipse.m2e.maven.runtime_3.9.600.20231203-1234\jars\plexus-build-api-0.0.7.jar
2025-04-01 21:29:05,222 [Worker-178: Launching Executing install in C__Users_y_ravi_E-Portal Java_E-Portal] INFO  o.eclipse.m2e.core.internal.Bundles - 	Entry: C:\Users\y_ravi\Downloads\sts-4.22.1.RELEASE\plugins\org.eclipse.m2e.maven.runtime_3.9.600.20231203-1234\jars\plexus-cipher-2.0.jar
2025-04-01 21:29:05,222 [Worker-178: Launching Executing install in C__Users_y_ravi_E-Portal Java_E-Portal] INFO  o.eclipse.m2e.core.internal.Bundles - 	Entry: C:\Users\y_ravi\Downloads\sts-4.22.1.RELEASE\plugins\org.eclipse.m2e.maven.runtime_3.9.600.20231203-1234\jars\plexus-classworlds-2.7.0.jar
2025-04-01 21:29:05,222 [Worker-178: Launching Executing install in C__Users_y_ravi_E-Portal Java_E-Portal] INFO  o.eclipse.m2e.core.internal.Bundles - 	Entry: C:\Users\y_ravi\Downloads\sts-4.22.1.RELEASE\plugins\org.eclipse.m2e.maven.runtime_3.9.600.20231203-1234\jars\plexus-component-annotations-2.1.0.jar
2025-04-01 21:29:05,223 [Worker-178: Launching Executing install in C__Users_y_ravi_E-Portal Java_E-Portal] INFO  o.eclipse.m2e.core.internal.Bundles - 	Entry: C:\Users\y_ravi\Downloads\sts-4.22.1.RELEASE\plugins\org.eclipse.m2e.maven.runtime_3.9.600.20231203-1234\jars\plexus-interpolation-1.26.jar
2025-04-01 21:29:05,223 [Worker-178: Launching Executing install in C__Users_y_ravi_E-Portal Java_E-Portal] INFO  o.eclipse.m2e.core.internal.Bundles - 	Entry: C:\Users\y_ravi\Downloads\sts-4.22.1.RELEASE\plugins\org.eclipse.m2e.maven.runtime_3.9.600.20231203-1234\jars\plexus-sec-dispatcher-2.0.jar
2025-04-01 21:29:05,223 [Worker-178: Launching Executing install in C__Users_y_ravi_E-Portal Java_E-Portal] INFO  o.eclipse.m2e.core.internal.Bundles - 	Entry: C:\Users\y_ravi\Downloads\sts-4.22.1.RELEASE\plugins\org.eclipse.m2e.maven.runtime_3.9.600.20231203-1234\jars\plexus-utils-3.5.1.jar
2025-04-01 21:29:05,223 [Worker-178: Launching Executing install in C__Users_y_ravi_E-Portal Java_E-Portal] INFO  o.eclipse.m2e.core.internal.Bundles - 	Entry: C:\Users\y_ravi\Downloads\sts-4.22.1.RELEASE\plugins\org.eclipse.m2e.maven.runtime_3.9.600.20231203-1234\jars\wagon-file-3.5.3.jar
2025-04-01 21:29:05,223 [Worker-178: Launching Executing install in C__Users_y_ravi_E-Portal Java_E-Portal] INFO  o.eclipse.m2e.core.internal.Bundles - 	Entry: C:\Users\y_ravi\Downloads\sts-4.22.1.RELEASE\plugins\org.eclipse.m2e.maven.runtime_3.9.600.20231203-1234\jars\wagon-http-3.5.3.jar
2025-04-01 21:29:05,223 [Worker-178: Launching Executing install in C__Users_y_ravi_E-Portal Java_E-Portal] INFO  o.eclipse.m2e.core.internal.Bundles - 	Entry: C:\Users\y_ravi\Downloads\sts-4.22.1.RELEASE\plugins\org.eclipse.m2e.maven.runtime_3.9.600.20231203-1234\jars\wagon-http-shared-3.5.3.jar
2025-04-01 21:29:05,223 [Worker-178: Launching Executing install in C__Users_y_ravi_E-Portal Java_E-Portal] INFO  o.eclipse.m2e.core.internal.Bundles - 	Entry: C:\Users\y_ravi\Downloads\sts-4.22.1.RELEASE\plugins\org.eclipse.m2e.maven.runtime_3.9.600.20231203-1234\jars\wagon-provider-api-3.5.3.jar
2025-04-01 21:29:05,223 [Worker-178: Launching Executing install in C__Users_y_ravi_E-Portal Java_E-Portal] INFO  o.eclipse.m2e.core.internal.Bundles - getClasspathEntries(Bundle=com.google.guava_33.0.0.jre [27])
2025-04-01 21:29:05,224 [Worker-178: Launching Executing install in C__Users_y_ravi_E-Portal Java_E-Portal] INFO  o.eclipse.m2e.core.internal.Bundles - 	Entry: C:\Users\y_ravi\Downloads\sts-4.22.1.RELEASE\plugins\com.google.guava_33.0.0.jre.jar
2025-04-01 21:29:05,224 [Worker-178: Launching Executing install in C__Users_y_ravi_E-Portal Java_E-Portal] INFO  o.eclipse.m2e.core.internal.Bundles - getClasspathEntries(Bundle=slf4j.api_2.0.12 [584])
2025-04-01 21:29:05,224 [Worker-178: Launching Executing install in C__Users_y_ravi_E-Portal Java_E-Portal] INFO  o.eclipse.m2e.core.internal.Bundles - 	Entry: C:\Users\y_ravi\Downloads\sts-4.22.1.RELEASE\plugins\slf4j.api_2.0.12.jar
2025-04-01 21:29:05,224 [Worker-178: Launching Executing install in C__Users_y_ravi_E-Portal Java_E-Portal] INFO  o.eclipse.m2e.core.internal.Bundles - getClasspathEntries(Bundle=jakarta.inject.jakarta.inject-api_1.0.5 [44])
2025-04-01 21:29:05,224 [Worker-178: Launching Executing install in C__Users_y_ravi_E-Portal Java_E-Portal] INFO  o.eclipse.m2e.core.internal.Bundles - 	Entry: C:\Users\y_ravi\Downloads\sts-4.22.1.RELEASE\plugins\jakarta.inject.jakarta.inject-api_1.0.5.jar
2025-04-01 21:29:05,224 [Worker-178: Launching Executing install in C__Users_y_ravi_E-Portal Java_E-Portal] INFO  o.eclipse.m2e.core.internal.Bundles - getClasspathEntries(Bundle=jakarta.annotation-api_1.3.5 [40])
2025-04-01 21:29:05,225 [Worker-178: Launching Executing install in C__Users_y_ravi_E-Portal Java_E-Portal] INFO  o.eclipse.m2e.core.internal.Bundles - 	Entry: C:\Users\y_ravi\Downloads\sts-4.22.1.RELEASE\plugins\jakarta.annotation-api_1.3.5.jar
2025-04-01 21:29:05,225 [Worker-178: Launching Executing install in C__Users_y_ravi_E-Portal Java_E-Portal] INFO  o.eclipse.m2e.core.internal.Bundles - getClasspathEntries(Bundle=org.apache.commons.cli_1.6.0 [75])
2025-04-01 21:29:05,225 [Worker-178: Launching Executing install in C__Users_y_ravi_E-Portal Java_E-Portal] INFO  o.eclipse.m2e.core.internal.Bundles - 	Entry: C:\Users\y_ravi\Downloads\sts-4.22.1.RELEASE\plugins\org.apache.commons.cli_1.6.0.jar
2025-04-01 21:29:05,225 [Worker-178: Launching Executing install in C__Users_y_ravi_E-Portal Java_E-Portal] INFO  o.eclipse.m2e.core.internal.Bundles - getClasspathEntries(Bundle=org.apache.commons.commons-codec_1.16.0 [77])
2025-04-01 21:29:05,225 [Worker-178: Launching Executing install in C__Users_y_ravi_E-Portal Java_E-Portal] INFO  o.eclipse.m2e.core.internal.Bundles - 	Entry: C:\Users\y_ravi\Downloads\sts-4.22.1.RELEASE\plugins\org.apache.commons.commons-codec_1.16.0.jar
2025-04-01 21:29:05,225 [Worker-178: Launching Executing install in C__Users_y_ravi_E-Portal Java_E-Portal] INFO  o.eclipse.m2e.core.internal.Bundles - getClasspathEntries(Bundle=org.apache.commons.lang3_3.14.0 [81])
2025-04-01 21:29:05,225 [Worker-178: Launching Executing install in C__Users_y_ravi_E-Portal Java_E-Portal] INFO  o.eclipse.m2e.core.internal.Bundles - 	Entry: C:\Users\y_ravi\Downloads\sts-4.22.1.RELEASE\plugins\org.apache.commons.lang3_3.14.0.jar
2025-04-01 21:29:05,225 [Worker-178: Launching Executing install in C__Users_y_ravi_E-Portal Java_E-Portal] INFO  o.eclipse.m2e.core.internal.Bundles - getClasspathEntries(Bundle=com.google.guava.failureaccess_1.0.2 [29])
2025-04-01 21:29:05,225 [Worker-178: Launching Executing install in C__Users_y_ravi_E-Portal Java_E-Portal] INFO  o.eclipse.m2e.core.internal.Bundles - 	Entry: C:\Users\y_ravi\Downloads\sts-4.22.1.RELEASE\plugins\com.google.guava.failureaccess_1.0.2.jar
2025-04-01 21:29:05,227 [Worker-178: Launching Executing install in C__Users_y_ravi_E-Portal Java_E-Portal] INFO  o.e.m.i.launch.MavenLaunchDelegate - Run build in "C:\Users\y_ravi\E-Portal Java\E-Portal":
2025-04-01 21:29:05,227 [Worker-178: Launching Executing install in C__Users_y_ravi_E-Portal Java_E-Portal] INFO  o.e.m.i.launch.MavenLaunchDelegate -  mvn  -Ppom.xml -B -Dstyle.color=always install
2025-04-01 21:37:27,108 [Worker-181: Building] INFO  o.a.m.s.f.DefaultMavenResourcesFiltering - Copying 1 resource from src\main\resources to target\classes
2025-04-01 21:37:27,118 [Worker-181: Building] INFO  o.a.m.s.f.DefaultMavenResourcesFiltering - Copying 0 resource from src\main\resources to target\classes
2025-04-01 21:37:27,122 [Worker-181: Building] INFO  o.a.m.s.f.DefaultMavenResourcesFiltering - skip non existing resourceDirectory C:\Users\y_ravi\E-Portal Java\E-Portal\src\test\resources
2025-04-01 21:38:58,724 [Worker-185: Building] INFO  o.a.m.s.f.DefaultMavenResourcesFiltering - Copying 1 resource from src\main\resources to target\classes
2025-04-01 21:38:58,730 [Worker-185: Building] INFO  o.a.m.s.f.DefaultMavenResourcesFiltering - Copying 0 resource from src\main\resources to target\classes
2025-04-01 21:38:58,733 [Worker-185: Building] INFO  o.a.m.s.f.DefaultMavenResourcesFiltering - skip non existing resourceDirectory C:\Users\y_ravi\E-Portal Java\E-Portal\src\test\resources
2025-04-01 21:39:03,999 [Worker-177: Building] INFO  o.a.m.s.f.DefaultMavenResourcesFiltering - Copying 1 resource from src\main\resources to target\classes
2025-04-01 21:39:04,004 [Worker-177: Building] INFO  o.a.m.s.f.DefaultMavenResourcesFiltering - Copying 0 resource from src\main\resources to target\classes
2025-04-01 21:39:04,008 [Worker-177: Building] INFO  o.a.m.s.f.DefaultMavenResourcesFiltering - skip non existing resourceDirectory C:\Users\y_ravi\E-Portal Java\E-Portal\src\test\resources
2025-04-01 21:40:02,534 [Worker-184: Building] INFO  o.a.m.s.f.DefaultMavenResourcesFiltering - Copying 1 resource from src\main\resources to target\classes
2025-04-01 21:40:02,538 [Worker-184: Building] INFO  o.a.m.s.f.DefaultMavenResourcesFiltering - Copying 0 resource from src\main\resources to target\classes
2025-04-01 21:40:02,542 [Worker-184: Building] INFO  o.a.m.s.f.DefaultMavenResourcesFiltering - skip non existing resourceDirectory C:\Users\y_ravi\E-Portal Java\E-Portal\src\test\resources
2025-04-01 21:46:53,887 [Worker-191: Building] INFO  o.a.m.s.f.DefaultMavenResourcesFiltering - Copying 1 resource from src\main\resources to target\classes
2025-04-01 21:46:53,898 [Worker-191: Building] INFO  o.a.m.s.f.DefaultMavenResourcesFiltering - Copying 0 resource from src\main\resources to target\classes
2025-04-01 21:46:53,900 [Worker-191: Building] INFO  o.a.m.s.f.DefaultMavenResourcesFiltering - skip non existing resourceDirectory C:\Users\y_ravi\E-Portal Java\E-Portal\src\test\resources
2025-04-01 21:47:24,530 [Worker-191: Building] INFO  o.a.m.s.f.DefaultMavenResourcesFiltering - Copying 1 resource from src\main\resources to target\classes
2025-04-01 21:47:24,534 [Worker-191: Building] INFO  o.a.m.s.f.DefaultMavenResourcesFiltering - Copying 0 resource from src\main\resources to target\classes
2025-04-01 21:47:24,536 [Worker-191: Building] INFO  o.a.m.s.f.DefaultMavenResourcesFiltering - skip non existing resourceDirectory C:\Users\y_ravi\E-Portal Java\E-Portal\src\test\resources
2025-04-01 21:47:46,131 [Worker-192: Building] INFO  o.a.m.s.f.DefaultMavenResourcesFiltering - Copying 1 resource from src\main\resources to target\classes
2025-04-01 21:47:46,135 [Worker-192: Building] INFO  o.a.m.s.f.DefaultMavenResourcesFiltering - Copying 0 resource from src\main\resources to target\classes
2025-04-01 21:47:46,138 [Worker-192: Building] INFO  o.a.m.s.f.DefaultMavenResourcesFiltering - skip non existing resourceDirectory C:\Users\y_ravi\E-Portal Java\E-Portal\src\test\resources
2025-04-01 21:53:19,769 [Worker-191: Building] INFO  o.a.m.s.f.DefaultMavenResourcesFiltering - Copying 1 resource from src\main\resources to target\classes
2025-04-01 21:53:19,774 [Worker-191: Building] INFO  o.a.m.s.f.DefaultMavenResourcesFiltering - Copying 0 resource from src\main\resources to target\classes
2025-04-01 21:53:19,778 [Worker-191: Building] INFO  o.a.m.s.f.DefaultMavenResourcesFiltering - skip non existing resourceDirectory C:\Users\y_ravi\E-Portal Java\E-Portal\src\test\resources
2025-04-01 21:59:36,167 [Worker-200: Launching E-Portal - EPortalApplication] INFO  o.a.m.s.f.DefaultMavenResourcesFiltering - Copying 1 resource from src\main\resources to target\classes
2025-04-01 21:59:36,173 [Worker-200: Launching E-Portal - EPortalApplication] INFO  o.a.m.s.f.DefaultMavenResourcesFiltering - Copying 0 resource from src\main\resources to target\classes
2025-04-01 21:59:36,176 [Worker-200: Launching E-Portal - EPortalApplication] INFO  o.a.m.s.f.DefaultMavenResourcesFiltering - skip non existing resourceDirectory C:\Users\y_ravi\E-Portal Java\E-Portal\src\test\resources
2025-04-01 22:17:43,018 [Worker-209: Building] INFO  o.a.m.s.f.DefaultMavenResourcesFiltering - Copying 1 resource from src\main\resources to target\classes
2025-04-01 22:17:43,033 [Worker-209: Building] INFO  o.a.m.s.f.DefaultMavenResourcesFiltering - Copying 0 resource from src\main\resources to target\classes
2025-04-01 22:17:43,035 [Worker-209: Building] INFO  o.a.m.s.f.DefaultMavenResourcesFiltering - skip non existing resourceDirectory C:\Users\y_ravi\E-Portal Java\E-Portal\src\test\resources
2025-04-01 22:28:11,110 [Worker-212: Building] INFO  o.a.m.s.f.DefaultMavenResourcesFiltering - Copying 1 resource from src\main\resources to target\classes
2025-04-01 22:28:11,115 [Worker-212: Building] INFO  o.a.m.s.f.DefaultMavenResourcesFiltering - Copying 0 resource from src\main\resources to target\classes
2025-04-01 22:28:11,117 [Worker-212: Building] INFO  o.a.m.s.f.DefaultMavenResourcesFiltering - skip non existing resourceDirectory C:\Users\y_ravi\E-Portal Java\E-Portal\src\test\resources
2025-04-01 22:36:18,600 [Worker-213: Building] INFO  o.a.m.s.f.DefaultMavenResourcesFiltering - Copying 1 resource from src\main\resources to target\classes
2025-04-01 22:36:18,604 [Worker-213: Building] INFO  o.a.m.s.f.DefaultMavenResourcesFiltering - Copying 0 resource from src\main\resources to target\classes
2025-04-01 22:36:18,607 [Worker-213: Building] INFO  o.a.m.s.f.DefaultMavenResourcesFiltering - skip non existing resourceDirectory C:\Users\y_ravi\E-Portal Java\E-Portal\src\test\resources
2025-04-01 22:38:34,379 [Worker-220: Building] INFO  o.a.m.s.f.DefaultMavenResourcesFiltering - Copying 1 resource from src\main\resources to target\classes
2025-04-01 22:38:34,384 [Worker-220: Building] INFO  o.a.m.s.f.DefaultMavenResourcesFiltering - Copying 0 resource from src\main\resources to target\classes
2025-04-01 22:38:34,387 [Worker-220: Building] INFO  o.a.m.s.f.DefaultMavenResourcesFiltering - skip non existing resourceDirectory C:\Users\y_ravi\E-Portal Java\E-Portal\src\test\resources
2025-04-02 11:23:38,322 [Worker-1: Loading available Gradle versions] INFO  o.e.b.c.i.u.g.PublishedGradleVersions - Gradle version information cache is out-of-date. Trying to update.
2025-04-02 11:54:05,384 [Worker-3: Building] INFO  o.a.m.s.f.DefaultMavenResourcesFiltering - Copying 1 resource from src\main\resources to target\classes
2025-04-02 11:54:05,405 [Worker-3: Building] INFO  o.a.m.s.f.DefaultMavenResourcesFiltering - Copying 0 resource from src\main\resources to target\classes
2025-04-02 11:54:05,410 [Worker-3: Building] INFO  o.a.m.s.f.DefaultMavenResourcesFiltering - skip non existing resourceDirectory C:\Users\y_ravi\E-Portal Java\E-Portal\src\test\resources
2025-04-02 11:54:10,665 [Worker-15: Building] INFO  o.a.m.s.f.DefaultMavenResourcesFiltering - Copying 1 resource from src\main\resources to target\classes
2025-04-02 11:54:10,671 [Worker-15: Building] INFO  o.a.m.s.f.DefaultMavenResourcesFiltering - Copying 0 resource from src\main\resources to target\classes
2025-04-02 11:54:10,675 [Worker-15: Building] INFO  o.a.m.s.f.DefaultMavenResourcesFiltering - skip non existing resourceDirectory C:\Users\y_ravi\E-Portal Java\E-Portal\src\test\resources
2025-04-02 12:21:06,481 [Worker-22: Building] INFO  o.a.m.s.f.DefaultMavenResourcesFiltering - Copying 1 resource from src\main\resources to target\classes
2025-04-02 12:21:06,485 [Worker-22: Building] INFO  o.a.m.s.f.DefaultMavenResourcesFiltering - Copying 0 resource from src\main\resources to target\classes
2025-04-02 12:21:06,488 [Worker-22: Building] INFO  o.a.m.s.f.DefaultMavenResourcesFiltering - skip non existing resourceDirectory C:\Users\y_ravi\E-Portal Java\E-Portal\src\test\resources
2025-04-02 12:25:20,263 [Worker-25: Building] INFO  o.a.m.s.f.DefaultMavenResourcesFiltering - Copying 1 resource from src\main\resources to target\classes
2025-04-02 12:25:20,269 [Worker-25: Building] INFO  o.a.m.s.f.DefaultMavenResourcesFiltering - Copying 0 resource from src\main\resources to target\classes
2025-04-02 12:25:20,272 [Worker-25: Building] INFO  o.a.m.s.f.DefaultMavenResourcesFiltering - skip non existing resourceDirectory C:\Users\y_ravi\E-Portal Java\E-Portal\src\test\resources
2025-04-02 12:26:57,940 [Worker-28: Building] INFO  o.a.m.s.f.DefaultMavenResourcesFiltering - Copying 1 resource from src\main\resources to target\classes
2025-04-02 12:26:57,946 [Worker-28: Building] INFO  o.a.m.s.f.DefaultMavenResourcesFiltering - Copying 0 resource from src\main\resources to target\classes
2025-04-02 12:26:57,951 [Worker-28: Building] INFO  o.a.m.s.f.DefaultMavenResourcesFiltering - skip non existing resourceDirectory C:\Users\y_ravi\E-Portal Java\E-Portal\src\test\resources
2025-04-02 12:27:18,833 [Worker-25: Building] INFO  o.a.m.s.f.DefaultMavenResourcesFiltering - Copying 1 resource from src\main\resources to target\classes
2025-04-02 12:27:18,837 [Worker-25: Building] INFO  o.a.m.s.f.DefaultMavenResourcesFiltering - Copying 0 resource from src\main\resources to target\classes
2025-04-02 12:27:18,840 [Worker-25: Building] INFO  o.a.m.s.f.DefaultMavenResourcesFiltering - skip non existing resourceDirectory C:\Users\y_ravi\E-Portal Java\E-Portal\src\test\resources
2025-04-02 12:28:30,066 [Worker-29: Building] INFO  o.a.m.s.f.DefaultMavenResourcesFiltering - Copying 1 resource from src\main\resources to target\classes
2025-04-02 12:28:30,070 [Worker-29: Building] INFO  o.a.m.s.f.DefaultMavenResourcesFiltering - Copying 0 resource from src\main\resources to target\classes
2025-04-02 12:28:30,073 [Worker-29: Building] INFO  o.a.m.s.f.DefaultMavenResourcesFiltering - skip non existing resourceDirectory C:\Users\y_ravi\E-Portal Java\E-Portal\src\test\resources
2025-04-02 12:28:39,231 [Worker-27: Building] INFO  o.a.m.s.f.DefaultMavenResourcesFiltering - Copying 1 resource from src\main\resources to target\classes
2025-04-02 12:28:39,237 [Worker-27: Building] INFO  o.a.m.s.f.DefaultMavenResourcesFiltering - Copying 0 resource from src\main\resources to target\classes
2025-04-02 12:28:39,242 [Worker-27: Building] INFO  o.a.m.s.f.DefaultMavenResourcesFiltering - skip non existing resourceDirectory C:\Users\y_ravi\E-Portal Java\E-Portal\src\test\resources
2025-04-02 12:28:52,010 [Worker-27: Building] INFO  o.a.m.s.f.DefaultMavenResourcesFiltering - Copying 1 resource from src\main\resources to target\classes
2025-04-02 12:28:52,014 [Worker-27: Building] INFO  o.a.m.s.f.DefaultMavenResourcesFiltering - Copying 0 resource from src\main\resources to target\classes
2025-04-02 12:28:52,016 [Worker-27: Building] INFO  o.a.m.s.f.DefaultMavenResourcesFiltering - skip non existing resourceDirectory C:\Users\y_ravi\E-Portal Java\E-Portal\src\test\resources
2025-04-02 12:30:01,407 [Worker-28: Building] INFO  o.a.m.s.f.DefaultMavenResourcesFiltering - Copying 1 resource from src\main\resources to target\classes
2025-04-02 12:30:01,414 [Worker-28: Building] INFO  o.a.m.s.f.DefaultMavenResourcesFiltering - Copying 0 resource from src\main\resources to target\classes
2025-04-02 12:30:01,419 [Worker-28: Building] INFO  o.a.m.s.f.DefaultMavenResourcesFiltering - skip non existing resourceDirectory C:\Users\y_ravi\E-Portal Java\E-Portal\src\test\resources
2025-04-02 12:30:14,938 [Worker-25: Building] INFO  o.a.m.s.f.DefaultMavenResourcesFiltering - Copying 1 resource from src\main\resources to target\classes
2025-04-02 12:30:14,944 [Worker-25: Building] INFO  o.a.m.s.f.DefaultMavenResourcesFiltering - Copying 0 resource from src\main\resources to target\classes
2025-04-02 12:30:14,948 [Worker-25: Building] INFO  o.a.m.s.f.DefaultMavenResourcesFiltering - skip non existing resourceDirectory C:\Users\y_ravi\E-Portal Java\E-Portal\src\test\resources
2025-04-02 12:30:37,822 [Worker-28: Building] INFO  o.a.m.s.f.DefaultMavenResourcesFiltering - Copying 1 resource from src\main\resources to target\classes
2025-04-02 12:30:37,827 [Worker-28: Building] INFO  o.a.m.s.f.DefaultMavenResourcesFiltering - Copying 0 resource from src\main\resources to target\classes
2025-04-02 12:30:37,831 [Worker-28: Building] INFO  o.a.m.s.f.DefaultMavenResourcesFiltering - skip non existing resourceDirectory C:\Users\y_ravi\E-Portal Java\E-Portal\src\test\resources
2025-04-02 12:34:34,426 [Worker-30: Building] INFO  o.a.m.s.f.DefaultMavenResourcesFiltering - Copying 1 resource from src\main\resources to target\classes
2025-04-02 12:34:34,435 [Worker-30: Building] INFO  o.a.m.s.f.DefaultMavenResourcesFiltering - Copying 0 resource from src\main\resources to target\classes
2025-04-02 12:34:34,439 [Worker-30: Building] INFO  o.a.m.s.f.DefaultMavenResourcesFiltering - skip non existing resourceDirectory C:\Users\y_ravi\E-Portal Java\E-Portal\src\test\resources
2025-04-02 12:35:54,069 [Worker-7: Building] INFO  o.a.m.s.f.DefaultMavenResourcesFiltering - Copying 1 resource from src\main\resources to target\classes
2025-04-02 12:35:54,076 [Worker-7: Building] INFO  o.a.m.s.f.DefaultMavenResourcesFiltering - Copying 0 resource from src\main\resources to target\classes
2025-04-02 12:35:54,081 [Worker-7: Building] INFO  o.a.m.s.f.DefaultMavenResourcesFiltering - skip non existing resourceDirectory C:\Users\y_ravi\E-Portal Java\E-Portal\src\test\resources
2025-04-02 12:37:01,957 [Worker-31: Building] INFO  o.a.m.s.f.DefaultMavenResourcesFiltering - Copying 1 resource from src\main\resources to target\classes
2025-04-02 12:37:01,963 [Worker-31: Building] INFO  o.a.m.s.f.DefaultMavenResourcesFiltering - Copying 0 resource from src\main\resources to target\classes
2025-04-02 12:37:01,966 [Worker-31: Building] INFO  o.a.m.s.f.DefaultMavenResourcesFiltering - skip non existing resourceDirectory C:\Users\y_ravi\E-Portal Java\E-Portal\src\test\resources
2025-04-02 12:37:33,786 [Worker-34: Launching E-Portal - EPortalApplication] INFO  o.a.m.s.f.DefaultMavenResourcesFiltering - Copying 1 resource from src\main\resources to target\classes
2025-04-02 12:37:33,791 [Worker-34: Launching E-Portal - EPortalApplication] INFO  o.a.m.s.f.DefaultMavenResourcesFiltering - Copying 0 resource from src\main\resources to target\classes
2025-04-02 12:37:33,797 [Worker-34: Launching E-Portal - EPortalApplication] INFO  o.a.m.s.f.DefaultMavenResourcesFiltering - skip non existing resourceDirectory C:\Users\y_ravi\E-Portal Java\E-Portal\src\test\resources
2025-04-02 12:51:32,481 [Worker-47: Building] INFO  o.a.m.s.f.DefaultMavenResourcesFiltering - Copying 1 resource from src\main\resources to target\classes
2025-04-02 12:51:32,494 [Worker-47: Building] INFO  o.a.m.s.f.DefaultMavenResourcesFiltering - Copying 0 resource from src\main\resources to target\classes
2025-04-02 12:51:32,498 [Worker-47: Building] INFO  o.a.m.s.f.DefaultMavenResourcesFiltering - skip non existing resourceDirectory C:\Users\y_ravi\E-Portal Java\E-Portal\src\test\resources
2025-04-02 12:53:15,696 [Worker-40: Building] INFO  o.a.m.s.f.DefaultMavenResourcesFiltering - Copying 1 resource from src\main\resources to target\classes
2025-04-02 12:53:15,708 [Worker-40: Building] INFO  o.a.m.s.f.DefaultMavenResourcesFiltering - Copying 0 resource from src\main\resources to target\classes
2025-04-02 12:53:15,712 [Worker-40: Building] INFO  o.a.m.s.f.DefaultMavenResourcesFiltering - skip non existing resourceDirectory C:\Users\y_ravi\E-Portal Java\E-Portal\src\test\resources
2025-04-02 12:54:18,469 [Worker-40: Building] INFO  o.a.m.s.f.DefaultMavenResourcesFiltering - Copying 1 resource from src\main\resources to target\classes
2025-04-02 12:54:18,474 [Worker-40: Building] INFO  o.a.m.s.f.DefaultMavenResourcesFiltering - Copying 0 resource from src\main\resources to target\classes
2025-04-02 12:54:18,478 [Worker-40: Building] INFO  o.a.m.s.f.DefaultMavenResourcesFiltering - skip non existing resourceDirectory C:\Users\y_ravi\E-Portal Java\E-Portal\src\test\resources
2025-04-02 12:54:32,624 [Worker-54: Building] INFO  o.a.m.s.f.DefaultMavenResourcesFiltering - Copying 1 resource from src\main\resources to target\classes
2025-04-02 12:54:32,630 [Worker-54: Building] INFO  o.a.m.s.f.DefaultMavenResourcesFiltering - Copying 0 resource from src\main\resources to target\classes
2025-04-02 12:54:32,634 [Worker-54: Building] INFO  o.a.m.s.f.DefaultMavenResourcesFiltering - skip non existing resourceDirectory C:\Users\y_ravi\E-Portal Java\E-Portal\src\test\resources
2025-04-02 14:43:49,368 [Worker-74: Building] INFO  o.a.m.s.f.DefaultMavenResourcesFiltering - Copying 1 resource from src\main\resources to target\classes
2025-04-02 14:43:49,434 [Worker-74: Building] INFO  o.a.m.s.f.DefaultMavenResourcesFiltering - Copying 0 resource from src\main\resources to target\classes
2025-04-02 14:43:49,436 [Worker-74: Building] INFO  o.a.m.s.f.DefaultMavenResourcesFiltering - skip non existing resourceDirectory C:\Users\y_ravi\E-Portal Java\E-Portal\src\test\resources
2025-04-02 14:43:54,838 [Worker-82: Launching E-Portal - EPortalApplication] INFO  o.a.m.s.f.DefaultMavenResourcesFiltering - Copying 1 resource from src\main\resources to target\classes
2025-04-02 14:43:54,846 [Worker-82: Launching E-Portal - EPortalApplication] INFO  o.a.m.s.f.DefaultMavenResourcesFiltering - Copying 0 resource from src\main\resources to target\classes
2025-04-02 14:43:54,851 [Worker-82: Launching E-Portal - EPortalApplication] INFO  o.a.m.s.f.DefaultMavenResourcesFiltering - skip non existing resourceDirectory C:\Users\y_ravi\E-Portal Java\E-Portal\src\test\resources
2025-04-02 15:40:18,834 [Worker-107: Launching E-Portal - EPortalApplication] INFO  o.a.m.s.f.DefaultMavenResourcesFiltering - Copying 1 resource from src\main\resources to target\classes
2025-04-02 15:40:18,843 [Worker-107: Launching E-Portal - EPortalApplication] INFO  o.a.m.s.f.DefaultMavenResourcesFiltering - Copying 0 resource from src\main\resources to target\classes
2025-04-02 15:40:18,847 [Worker-107: Launching E-Portal - EPortalApplication] INFO  o.a.m.s.f.DefaultMavenResourcesFiltering - skip non existing resourceDirectory C:\Users\y_ravi\E-Portal Java\E-Portal\src\test\resources
2025-04-02 15:41:38,494 [Worker-102: Building] INFO  o.a.m.s.f.DefaultMavenResourcesFiltering - Copying 1 resource from src\main\resources to target\classes
2025-04-02 15:41:38,500 [Worker-102: Building] INFO  o.a.m.s.f.DefaultMavenResourcesFiltering - Copying 0 resource from src\main\resources to target\classes
2025-04-02 15:41:38,504 [Worker-102: Building] INFO  o.a.m.s.f.DefaultMavenResourcesFiltering - skip non existing resourceDirectory C:\Users\y_ravi\E-Portal Java\E-Portal\src\test\resources
2025-04-02 15:42:37,298 [Worker-104: Launching E-Portal - EPortalApplication] INFO  o.a.m.s.f.DefaultMavenResourcesFiltering - Copying 1 resource from src\main\resources to target\classes
2025-04-02 15:42:37,304 [Worker-104: Launching E-Portal - EPortalApplication] INFO  o.a.m.s.f.DefaultMavenResourcesFiltering - Copying 0 resource from src\main\resources to target\classes
2025-04-02 15:42:37,309 [Worker-104: Launching E-Portal - EPortalApplication] INFO  o.a.m.s.f.DefaultMavenResourcesFiltering - skip non existing resourceDirectory C:\Users\y_ravi\E-Portal Java\E-Portal\src\test\resources
2025-04-02 15:43:17,307 [Worker-81: Launching E-Portal - EPortalApplication] INFO  o.a.m.s.f.DefaultMavenResourcesFiltering - Copying 1 resource from src\main\resources to target\classes
2025-04-02 15:43:17,314 [Worker-81: Launching E-Portal - EPortalApplication] INFO  o.a.m.s.f.DefaultMavenResourcesFiltering - Copying 0 resource from src\main\resources to target\classes
2025-04-02 15:43:17,328 [Worker-81: Launching E-Portal - EPortalApplication] INFO  o.a.m.s.f.DefaultMavenResourcesFiltering - skip non existing resourceDirectory C:\Users\y_ravi\E-Portal Java\E-Portal\src\test\resources
2025-04-02 15:44:36,895 [Worker-108: Building] INFO  o.a.m.s.f.DefaultMavenResourcesFiltering - Copying 1 resource from src\main\resources to target\classes
2025-04-02 15:44:36,899 [Worker-108: Building] INFO  o.a.m.s.f.DefaultMavenResourcesFiltering - Copying 0 resource from src\main\resources to target\classes
2025-04-02 15:44:36,901 [Worker-108: Building] INFO  o.a.m.s.f.DefaultMavenResourcesFiltering - skip non existing resourceDirectory C:\Users\y_ravi\E-Portal Java\E-Portal\src\test\resources
2025-04-02 15:44:46,717 [Worker-107: Building] INFO  o.a.m.s.f.DefaultMavenResourcesFiltering - Copying 1 resource from src\main\resources to target\classes
2025-04-02 15:44:46,722 [Worker-107: Building] INFO  o.a.m.s.f.DefaultMavenResourcesFiltering - Copying 0 resource from src\main\resources to target\classes
2025-04-02 15:44:46,725 [Worker-107: Building] INFO  o.a.m.s.f.DefaultMavenResourcesFiltering - skip non existing resourceDirectory C:\Users\y_ravi\E-Portal Java\E-Portal\src\test\resources
2025-04-02 15:48:05,341 [Worker-113: Building] INFO  o.a.m.s.f.DefaultMavenResourcesFiltering - Copying 1 resource from src\main\resources to target\classes
2025-04-02 15:48:05,345 [Worker-113: Building] INFO  o.a.m.s.f.DefaultMavenResourcesFiltering - Copying 0 resource from src\main\resources to target\classes
2025-04-02 15:48:05,347 [Worker-113: Building] INFO  o.a.m.s.f.DefaultMavenResourcesFiltering - skip non existing resourceDirectory C:\Users\y_ravi\E-Portal Java\E-Portal\src\test\resources
2025-04-02 15:50:52,448 [Worker-113: Building] INFO  o.a.m.s.f.DefaultMavenResourcesFiltering - Copying 1 resource from src\main\resources to target\classes
2025-04-02 15:50:52,455 [Worker-113: Building] INFO  o.a.m.s.f.DefaultMavenResourcesFiltering - Copying 0 resource from src\main\resources to target\classes
2025-04-02 15:50:52,462 [Worker-113: Building] INFO  o.a.m.s.f.DefaultMavenResourcesFiltering - skip non existing resourceDirectory C:\Users\y_ravi\E-Portal Java\E-Portal\src\test\resources
2025-04-02 15:50:56,631 [Worker-104: Building] INFO  o.a.m.s.f.DefaultMavenResourcesFiltering - Copying 1 resource from src\main\resources to target\classes
2025-04-02 15:50:56,638 [Worker-104: Building] INFO  o.a.m.s.f.DefaultMavenResourcesFiltering - Copying 0 resource from src\main\resources to target\classes
2025-04-02 15:50:56,642 [Worker-104: Building] INFO  o.a.m.s.f.DefaultMavenResourcesFiltering - skip non existing resourceDirectory C:\Users\y_ravi\E-Portal Java\E-Portal\src\test\resources
2025-04-02 15:51:00,806 [Worker-104: Building] INFO  o.a.m.s.f.DefaultMavenResourcesFiltering - Copying 1 resource from src\main\resources to target\classes
2025-04-02 15:51:00,814 [Worker-104: Building] INFO  o.a.m.s.f.DefaultMavenResourcesFiltering - Copying 0 resource from src\main\resources to target\classes
2025-04-02 15:51:00,818 [Worker-104: Building] INFO  o.a.m.s.f.DefaultMavenResourcesFiltering - skip non existing resourceDirectory C:\Users\y_ravi\E-Portal Java\E-Portal\src\test\resources
2025-04-02 15:52:22,487 [Worker-114: Building] INFO  o.a.m.s.f.DefaultMavenResourcesFiltering - Copying 1 resource from src\main\resources to target\classes
2025-04-02 15:52:22,493 [Worker-114: Building] INFO  o.a.m.s.f.DefaultMavenResourcesFiltering - Copying 0 resource from src\main\resources to target\classes
2025-04-02 15:52:22,496 [Worker-114: Building] INFO  o.a.m.s.f.DefaultMavenResourcesFiltering - skip non existing resourceDirectory C:\Users\y_ravi\E-Portal Java\E-Portal\src\test\resources
2025-04-02 15:52:54,451 [Worker-113: Building] INFO  o.a.m.s.f.DefaultMavenResourcesFiltering - Copying 1 resource from src\main\resources to target\classes
2025-04-02 15:52:54,456 [Worker-113: Building] INFO  o.a.m.s.f.DefaultMavenResourcesFiltering - Copying 0 resource from src\main\resources to target\classes
2025-04-02 15:52:54,460 [Worker-113: Building] INFO  o.a.m.s.f.DefaultMavenResourcesFiltering - skip non existing resourceDirectory C:\Users\y_ravi\E-Portal Java\E-Portal\src\test\resources
2025-04-02 15:57:32,502 [Start Help Server] INFO  org.eclipse.jetty.server.Server - jetty-12.0.6; built: 2024-01-30T02:43:24.387Z; git: 78ab6e6ba163f89cdd97f2ae0283fbb5e371cfaf; jvm 17.0.11+9
2025-04-02 15:57:32,587 [Start Help Server] INFO  o.e.j.server.handler.ContextHandler - Started oeje8n.ContextHandler$CoreContextHandler@6170b7b2{/help,/help,b=null,a=AVAILABLE,h=oeje8n.ContextHandler$CoreContextHandler$CoreToNestedHandler@230ae58b{STARTED}}
2025-04-02 15:57:32,588 [Start Help Server] INFO  o.e.j.s.DefaultSessionIdManager - Session workerName=node0
2025-04-02 15:57:32,625 [Start Help Server] INFO  o.e.jetty.server.AbstractConnector - Started ServerConnector@64609fac{HTTP/1.1, (http/1.1)}{127.0.0.1:50013}
2025-04-02 15:57:32,645 [Start Help Server] INFO  org.eclipse.jetty.server.Server - Started oejs.Server@433e7bd9{STARTING}[12.0.6,sto=0] @16458518ms
2025-04-02 16:24:25,734 [Worker-117: Building] INFO  o.e.m.c.i.l.LifecycleMappingFactory - Using org.eclipse.m2e.jdt.JarLifecycleMapping lifecycle mapping for MavenProject: com.example:E-Portal:0.0.1-SNAPSHOT @ C:\Users\y_ravi\E-Portal Java\E-Portal\pom.xml.
2025-04-02 16:24:26,323 [Worker-117: Building] INFO  o.e.m.c.i.e.AbstractTransferListenerAdapter - Downloading https://repo.maven.apache.org/maven2/org/springframework/boot/spring-boot-starter-validation/3.4.3/spring-boot-starter-validation-3.4.3.pom
2025-04-02 16:24:26,333 [Worker-117: Building] INFO  o.e.m.c.i.e.AbstractTransferListenerAdapter - Downloaded https://repo.maven.apache.org/maven2/org/springframework/boot/spring-boot-starter-validation/3.4.3/spring-boot-starter-validation-3.4.3.pom
2025-04-02 16:24:26,358 [Worker-117: Building] INFO  o.e.m.c.i.e.AbstractTransferListenerAdapter - Downloading https://repo.maven.apache.org/maven2/org/hibernate/validator/hibernate-validator/8.0.2.Final/hibernate-validator-8.0.2.Final.pom
2025-04-02 16:24:26,369 [Worker-117: Building] INFO  o.e.m.c.i.e.AbstractTransferListenerAdapter - Downloaded https://repo.maven.apache.org/maven2/org/hibernate/validator/hibernate-validator/8.0.2.Final/hibernate-validator-8.0.2.Final.pom
2025-04-02 16:24:26,397 [Worker-117: Building] INFO  o.e.m.c.i.e.AbstractTransferListenerAdapter - Downloading https://repo.maven.apache.org/maven2/org/hibernate/validator/hibernate-validator-parent/8.0.2.Final/hibernate-validator-parent-8.0.2.Final.pom
2025-04-02 16:24:26,418 [Worker-117: Building] INFO  o.e.m.c.i.e.AbstractTransferListenerAdapter - Downloaded https://repo.maven.apache.org/maven2/org/hibernate/validator/hibernate-validator-parent/8.0.2.Final/hibernate-validator-parent-8.0.2.Final.pom
2025-04-02 16:24:26,567 [Worker-117: Building] INFO  o.e.m.c.i.e.AbstractTransferListenerAdapter - Downloading https://repo.maven.apache.org/maven2/org/springframework/boot/spring-boot-starter-validation/3.4.3/spring-boot-starter-validation-3.4.3.jar
2025-04-02 16:24:26,576 [Worker-117: Building] INFO  o.e.m.c.i.e.AbstractTransferListenerAdapter - Downloaded https://repo.maven.apache.org/maven2/org/springframework/boot/spring-boot-starter-validation/3.4.3/spring-boot-starter-validation-3.4.3.jar
2025-04-02 16:24:26,600 [BasicRepositoryConnector-repo.maven.apache.org-0-0] INFO  o.e.m.c.i.e.AbstractTransferListenerAdapter - Downloading https://repo.maven.apache.org/maven2/org/hibernate/validator/hibernate-validator/8.0.2.Final/hibernate-validator-8.0.2.Final.jar
2025-04-02 16:24:26,686 [BasicRepositoryConnector-repo.maven.apache.org-0-0] INFO  o.e.m.c.i.e.AbstractTransferListenerAdapter - Downloaded https://repo.maven.apache.org/maven2/org/hibernate/validator/hibernate-validator/8.0.2.Final/hibernate-validator-8.0.2.Final.jar
2025-04-02 16:24:27,168 [Worker-117: Building] INFO  o.a.m.s.f.DefaultMavenResourcesFiltering - Copying 0 resource from src\main\resources to target\classes
2025-04-02 16:24:27,168 [Worker-117: Building] INFO  o.a.m.s.f.DefaultMavenResourcesFiltering - Copying 0 resource from src\main\resources to target\classes
2025-04-02 16:24:27,171 [Worker-117: Building] INFO  o.a.m.s.f.DefaultMavenResourcesFiltering - skip non existing resourceDirectory C:\Users\y_ravi\E-Portal Java\E-Portal\src\test\resources
2025-04-02 16:24:28,029 [Worker-115: Download sources and javadoc] INFO  o.e.m.c.i.e.AbstractTransferListenerAdapter - Downloading https://repo.maven.apache.org/maven2/org/springframework/boot/spring-boot-starter-validation/3.4.3/spring-boot-starter-validation-3.4.3-sources.jar
2025-04-02 16:24:28,039 [Worker-115: Download sources and javadoc] INFO  o.e.m.c.i.e.AbstractTransferListenerAdapter - Downloaded https://repo.maven.apache.org/maven2/org/springframework/boot/spring-boot-starter-validation/3.4.3/spring-boot-starter-validation-3.4.3-sources.jar
2025-04-02 16:24:28,043 [Worker-115: Download sources and javadoc] INFO  o.e.m.j.internal.DownloadSourcesJob - Downloaded sources for org.springframework.boot:spring-boot-starter-validation:3.4.3
2025-04-02 16:24:28,109 [Worker-115: Download sources and javadoc] INFO  o.e.m.c.i.e.AbstractTransferListenerAdapter - Downloading https://repo.maven.apache.org/maven2/org/hibernate/validator/hibernate-validator/8.0.2.Final/hibernate-validator-8.0.2.Final-sources.jar
2025-04-02 16:24:28,196 [Worker-115: Download sources and javadoc] INFO  o.e.m.c.i.e.AbstractTransferListenerAdapter - Downloaded https://repo.maven.apache.org/maven2/org/hibernate/validator/hibernate-validator/8.0.2.Final/hibernate-validator-8.0.2.Final-sources.jar
2025-04-02 16:24:28,201 [Worker-115: Download sources and javadoc] INFO  o.e.m.j.internal.DownloadSourcesJob - Downloaded sources for org.hibernate.validator:hibernate-validator:8.0.2.Final
2025-04-02 16:24:29,040 [Worker-117: Building] INFO  o.a.m.s.f.DefaultMavenResourcesFiltering - Copying 1 resource from src\main\resources to target\classes
2025-04-02 16:24:29,058 [Worker-117: Building] INFO  o.a.m.s.f.DefaultMavenResourcesFiltering - Copying 0 resource from src\main\resources to target\classes
2025-04-02 16:24:29,061 [Worker-117: Building] INFO  o.a.m.s.f.DefaultMavenResourcesFiltering - skip non existing resourceDirectory C:\Users\y_ravi\E-Portal Java\E-Portal\src\test\resources
2025-04-02 16:26:57,201 [Worker-123: Building] INFO  o.a.m.s.f.DefaultMavenResourcesFiltering - Copying 1 resource from src\main\resources to target\classes
2025-04-02 16:26:57,207 [Worker-123: Building] INFO  o.a.m.s.f.DefaultMavenResourcesFiltering - Copying 0 resource from src\main\resources to target\classes
2025-04-02 16:26:57,211 [Worker-123: Building] INFO  o.a.m.s.f.DefaultMavenResourcesFiltering - skip non existing resourceDirectory C:\Users\y_ravi\E-Portal Java\E-Portal\src\test\resources
2025-04-02 16:27:06,742 [Worker-120: Launching E-Portal - EPortalApplication] INFO  o.a.m.s.f.DefaultMavenResourcesFiltering - Copying 1 resource from src\main\resources to target\classes
2025-04-02 16:27:06,749 [Worker-120: Launching E-Portal - EPortalApplication] INFO  o.a.m.s.f.DefaultMavenResourcesFiltering - Copying 0 resource from src\main\resources to target\classes
2025-04-02 16:27:06,754 [Worker-120: Launching E-Portal - EPortalApplication] INFO  o.a.m.s.f.DefaultMavenResourcesFiltering - skip non existing resourceDirectory C:\Users\y_ravi\E-Portal Java\E-Portal\src\test\resources
2025-04-02 16:34:30,978 [Worker-128: Building] INFO  o.e.m.c.i.l.LifecycleMappingFactory - Using org.eclipse.m2e.jdt.JarLifecycleMapping lifecycle mapping for MavenProject: com.example:E-Portal:0.0.1-SNAPSHOT @ C:\Users\y_ravi\E-Portal Java\E-Portal\pom.xml.
2025-04-02 16:34:31,372 [Worker-128: Building] INFO  o.e.m.c.i.e.AbstractTransferListenerAdapter - Downloading https://repo.maven.apache.org/maven2/org/springframework/boot/spring-boot-starter-validation/3.4.4/spring-boot-starter-validation-3.4.4.pom
2025-04-02 16:34:31,378 [Worker-128: Building] INFO  o.e.m.c.i.e.AbstractTransferListenerAdapter - Downloaded https://repo.maven.apache.org/maven2/org/springframework/boot/spring-boot-starter-validation/3.4.4/spring-boot-starter-validation-3.4.4.pom
2025-04-02 16:34:31,539 [Worker-128: Building] INFO  o.e.m.c.i.e.AbstractTransferListenerAdapter - Downloading https://repo.maven.apache.org/maven2/org/springframework/boot/spring-boot-starter-validation/3.4.4/spring-boot-starter-validation-3.4.4.jar
2025-04-02 16:34:31,556 [Worker-128: Building] INFO  o.e.m.c.i.e.AbstractTransferListenerAdapter - Downloaded https://repo.maven.apache.org/maven2/org/springframework/boot/spring-boot-starter-validation/3.4.4/spring-boot-starter-validation-3.4.4.jar
2025-04-02 16:34:32,006 [Worker-128: Building] INFO  o.a.m.s.f.DefaultMavenResourcesFiltering - Copying 0 resource from src\main\resources to target\classes
2025-04-02 16:34:32,007 [Worker-128: Building] INFO  o.a.m.s.f.DefaultMavenResourcesFiltering - Copying 0 resource from src\main\resources to target\classes
2025-04-02 16:34:32,010 [Worker-128: Building] INFO  o.a.m.s.f.DefaultMavenResourcesFiltering - skip non existing resourceDirectory C:\Users\y_ravi\E-Portal Java\E-Portal\src\test\resources
2025-04-02 16:34:32,880 [Worker-128: Download sources and javadoc] INFO  o.e.m.c.i.e.AbstractTransferListenerAdapter - Downloading https://repo.maven.apache.org/maven2/org/springframework/boot/spring-boot-starter-validation/3.4.4/spring-boot-starter-validation-3.4.4-sources.jar
2025-04-02 16:34:32,899 [Worker-128: Download sources and javadoc] INFO  o.e.m.c.i.e.AbstractTransferListenerAdapter - Downloaded https://repo.maven.apache.org/maven2/org/springframework/boot/spring-boot-starter-validation/3.4.4/spring-boot-starter-validation-3.4.4-sources.jar
2025-04-02 16:34:32,903 [Worker-128: Download sources and javadoc] INFO  o.e.m.j.internal.DownloadSourcesJob - Downloaded sources for org.springframework.boot:spring-boot-starter-validation:3.4.4
2025-04-02 16:34:33,712 [Worker-127: Building] INFO  o.a.m.s.f.DefaultMavenResourcesFiltering - Copying 1 resource from src\main\resources to target\classes
2025-04-02 16:34:33,731 [Worker-127: Building] INFO  o.a.m.s.f.DefaultMavenResourcesFiltering - Copying 0 resource from src\main\resources to target\classes
2025-04-02 16:34:33,734 [Worker-127: Building] INFO  o.a.m.s.f.DefaultMavenResourcesFiltering - skip non existing resourceDirectory C:\Users\y_ravi\E-Portal Java\E-Portal\src\test\resources
2025-04-02 16:53:56,263 [Worker-134: Building] INFO  o.a.m.s.f.DefaultMavenResourcesFiltering - Copying 1 resource from src\main\resources to target\classes
2025-04-02 16:53:56,268 [Worker-134: Building] INFO  o.a.m.s.f.DefaultMavenResourcesFiltering - Copying 0 resource from src\main\resources to target\classes
2025-04-02 16:53:56,270 [Worker-134: Building] INFO  o.a.m.s.f.DefaultMavenResourcesFiltering - skip non existing resourceDirectory C:\Users\y_ravi\E-Portal Java\E-Portal\src\test\resources
2025-04-02 16:54:01,172 [Worker-135: Building] INFO  o.a.m.s.f.DefaultMavenResourcesFiltering - Copying 1 resource from src\main\resources to target\classes
2025-04-02 16:54:01,177 [Worker-135: Building] INFO  o.a.m.s.f.DefaultMavenResourcesFiltering - Copying 0 resource from src\main\resources to target\classes
2025-04-02 16:54:01,179 [Worker-135: Building] INFO  o.a.m.s.f.DefaultMavenResourcesFiltering - skip non existing resourceDirectory C:\Users\y_ravi\E-Portal Java\E-Portal\src\test\resources
2025-04-02 16:56:30,521 [Worker-129: Building] INFO  o.a.m.s.f.DefaultMavenResourcesFiltering - Copying 1 resource from src\main\resources to target\classes
2025-04-02 16:56:30,525 [Worker-129: Building] INFO  o.a.m.s.f.DefaultMavenResourcesFiltering - Copying 0 resource from src\main\resources to target\classes
2025-04-02 16:56:30,528 [Worker-129: Building] INFO  o.a.m.s.f.DefaultMavenResourcesFiltering - skip non existing resourceDirectory C:\Users\y_ravi\E-Portal Java\E-Portal\src\test\resources
2025-04-02 16:56:49,277 [Worker-136: Building] INFO  o.a.m.s.f.DefaultMavenResourcesFiltering - Copying 1 resource from src\main\resources to target\classes
2025-04-02 16:56:49,281 [Worker-136: Building] INFO  o.a.m.s.f.DefaultMavenResourcesFiltering - Copying 0 resource from src\main\resources to target\classes
2025-04-02 16:56:49,283 [Worker-136: Building] INFO  o.a.m.s.f.DefaultMavenResourcesFiltering - skip non existing resourceDirectory C:\Users\y_ravi\E-Portal Java\E-Portal\src\test\resources
2025-04-02 16:58:12,277 [Worker-137: Launching E-Portal - EPortalApplication] INFO  o.a.m.s.f.DefaultMavenResourcesFiltering - Copying 1 resource from src\main\resources to target\classes
2025-04-02 16:58:12,284 [Worker-137: Launching E-Portal - EPortalApplication] INFO  o.a.m.s.f.DefaultMavenResourcesFiltering - Copying 0 resource from src\main\resources to target\classes
2025-04-02 16:58:12,287 [Worker-137: Launching E-Portal - EPortalApplication] INFO  o.a.m.s.f.DefaultMavenResourcesFiltering - skip non existing resourceDirectory C:\Users\y_ravi\E-Portal Java\E-Portal\src\test\resources
2025-04-02 17:01:40,876 [Worker-138: Building] INFO  o.a.m.s.f.DefaultMavenResourcesFiltering - Copying 1 resource from src\main\resources to target\classes
2025-04-02 17:01:40,882 [Worker-138: Building] INFO  o.a.m.s.f.DefaultMavenResourcesFiltering - Copying 0 resource from src\main\resources to target\classes
2025-04-02 17:01:40,887 [Worker-138: Building] INFO  o.a.m.s.f.DefaultMavenResourcesFiltering - skip non existing resourceDirectory C:\Users\y_ravi\E-Portal Java\E-Portal\src\test\resources
2025-04-02 17:02:38,883 [Worker-138: Building] INFO  o.a.m.s.f.DefaultMavenResourcesFiltering - Copying 1 resource from src\main\resources to target\classes
2025-04-02 17:02:38,889 [Worker-138: Building] INFO  o.a.m.s.f.DefaultMavenResourcesFiltering - Copying 0 resource from src\main\resources to target\classes
2025-04-02 17:02:38,893 [Worker-138: Building] INFO  o.a.m.s.f.DefaultMavenResourcesFiltering - skip non existing resourceDirectory C:\Users\y_ravi\E-Portal Java\E-Portal\src\test\resources
2025-04-02 17:06:06,452 [Worker-139: Building] INFO  o.a.m.s.f.DefaultMavenResourcesFiltering - Copying 1 resource from src\main\resources to target\classes
2025-04-02 17:06:06,458 [Worker-139: Building] INFO  o.a.m.s.f.DefaultMavenResourcesFiltering - Copying 0 resource from src\main\resources to target\classes
2025-04-02 17:06:06,460 [Worker-139: Building] INFO  o.a.m.s.f.DefaultMavenResourcesFiltering - skip non existing resourceDirectory C:\Users\y_ravi\E-Portal Java\E-Portal\src\test\resources
2025-04-02 17:11:02,745 [Worker-139: Building] INFO  o.a.m.s.f.DefaultMavenResourcesFiltering - Copying 1 resource from src\main\resources to target\classes
2025-04-02 17:11:02,749 [Worker-139: Building] INFO  o.a.m.s.f.DefaultMavenResourcesFiltering - Copying 0 resource from src\main\resources to target\classes
2025-04-02 17:11:02,751 [Worker-139: Building] INFO  o.a.m.s.f.DefaultMavenResourcesFiltering - skip non existing resourceDirectory C:\Users\y_ravi\E-Portal Java\E-Portal\src\test\resources
2025-04-02 17:11:07,021 [Worker-139: Building] INFO  o.a.m.s.f.DefaultMavenResourcesFiltering - Copying 1 resource from src\main\resources to target\classes
2025-04-02 17:11:07,027 [Worker-139: Building] INFO  o.a.m.s.f.DefaultMavenResourcesFiltering - Copying 0 resource from src\main\resources to target\classes
2025-04-02 17:11:07,030 [Worker-139: Building] INFO  o.a.m.s.f.DefaultMavenResourcesFiltering - skip non existing resourceDirectory C:\Users\y_ravi\E-Portal Java\E-Portal\src\test\resources
2025-04-02 17:11:25,201 [Worker-150: Building] INFO  o.a.m.s.f.DefaultMavenResourcesFiltering - Copying 1 resource from src\main\resources to target\classes
2025-04-02 17:11:25,205 [Worker-150: Building] INFO  o.a.m.s.f.DefaultMavenResourcesFiltering - Copying 0 resource from src\main\resources to target\classes
2025-04-02 17:11:25,208 [Worker-150: Building] INFO  o.a.m.s.f.DefaultMavenResourcesFiltering - skip non existing resourceDirectory C:\Users\y_ravi\E-Portal Java\E-Portal\src\test\resources
2025-04-02 17:14:07,973 [Worker-153: Building] INFO  o.a.m.s.f.DefaultMavenResourcesFiltering - Copying 1 resource from src\main\resources to target\classes
2025-04-02 17:14:07,978 [Worker-153: Building] INFO  o.a.m.s.f.DefaultMavenResourcesFiltering - Copying 0 resource from src\main\resources to target\classes
2025-04-02 17:14:07,981 [Worker-153: Building] INFO  o.a.m.s.f.DefaultMavenResourcesFiltering - skip non existing resourceDirectory C:\Users\y_ravi\E-Portal Java\E-Portal\src\test\resources
2025-04-02 17:15:00,563 [Worker-146: Building] INFO  o.a.m.s.f.DefaultMavenResourcesFiltering - Copying 1 resource from src\main\resources to target\classes
2025-04-02 17:15:00,569 [Worker-146: Building] INFO  o.a.m.s.f.DefaultMavenResourcesFiltering - Copying 0 resource from src\main\resources to target\classes
2025-04-02 17:15:00,571 [Worker-146: Building] INFO  o.a.m.s.f.DefaultMavenResourcesFiltering - skip non existing resourceDirectory C:\Users\y_ravi\E-Portal Java\E-Portal\src\test\resources
2025-04-02 17:15:02,625 [Worker-152: Building] INFO  o.a.m.s.f.DefaultMavenResourcesFiltering - Copying 1 resource from src\main\resources to target\classes
2025-04-02 17:15:02,630 [Worker-152: Building] INFO  o.a.m.s.f.DefaultMavenResourcesFiltering - Copying 0 resource from src\main\resources to target\classes
2025-04-02 17:15:02,632 [Worker-152: Building] INFO  o.a.m.s.f.DefaultMavenResourcesFiltering - skip non existing resourceDirectory C:\Users\y_ravi\E-Portal Java\E-Portal\src\test\resources
2025-04-02 17:27:30,249 [Worker-163: Building] INFO  o.a.m.s.f.DefaultMavenResourcesFiltering - Copying 1 resource from src\main\resources to target\classes
2025-04-02 17:27:30,258 [Worker-163: Building] INFO  o.a.m.s.f.DefaultMavenResourcesFiltering - Copying 0 resource from src\main\resources to target\classes
2025-04-02 17:27:30,261 [Worker-163: Building] INFO  o.a.m.s.f.DefaultMavenResourcesFiltering - skip non existing resourceDirectory C:\Users\y_ravi\E-Portal Java\E-Portal\src\test\resources
2025-04-02 17:30:16,162 [Worker-157: Building] INFO  o.a.m.s.f.DefaultMavenResourcesFiltering - Copying 1 resource from src\main\resources to target\classes
2025-04-02 17:30:16,166 [Worker-157: Building] INFO  o.a.m.s.f.DefaultMavenResourcesFiltering - Copying 0 resource from src\main\resources to target\classes
2025-04-02 17:30:16,168 [Worker-157: Building] INFO  o.a.m.s.f.DefaultMavenResourcesFiltering - skip non existing resourceDirectory C:\Users\y_ravi\E-Portal Java\E-Portal\src\test\resources
2025-04-02 17:32:15,790 [Worker-164: Building] INFO  o.a.m.s.f.DefaultMavenResourcesFiltering - Copying 1 resource from src\main\resources to target\classes
2025-04-02 17:32:15,794 [Worker-164: Building] INFO  o.a.m.s.f.DefaultMavenResourcesFiltering - Copying 0 resource from src\main\resources to target\classes
2025-04-02 17:32:15,796 [Worker-164: Building] INFO  o.a.m.s.f.DefaultMavenResourcesFiltering - skip non existing resourceDirectory C:\Users\y_ravi\E-Portal Java\E-Portal\src\test\resources
2025-04-02 17:32:24,365 [Worker-162: Building] INFO  o.a.m.s.f.DefaultMavenResourcesFiltering - Copying 1 resource from src\main\resources to target\classes
2025-04-02 17:32:24,371 [Worker-162: Building] INFO  o.a.m.s.f.DefaultMavenResourcesFiltering - Copying 0 resource from src\main\resources to target\classes
2025-04-02 17:32:24,373 [Worker-162: Building] INFO  o.a.m.s.f.DefaultMavenResourcesFiltering - skip non existing resourceDirectory C:\Users\y_ravi\E-Portal Java\E-Portal\src\test\resources
2025-04-02 17:34:55,319 [Worker-157: Building] INFO  o.a.m.s.f.DefaultMavenResourcesFiltering - Copying 1 resource from src\main\resources to target\classes
2025-04-02 17:34:55,322 [Worker-157: Building] INFO  o.a.m.s.f.DefaultMavenResourcesFiltering - Copying 0 resource from src\main\resources to target\classes
2025-04-02 17:34:55,325 [Worker-157: Building] INFO  o.a.m.s.f.DefaultMavenResourcesFiltering - skip non existing resourceDirectory C:\Users\y_ravi\E-Portal Java\E-Portal\src\test\resources
2025-04-02 17:38:33,217 [Worker-167: Building] INFO  o.a.m.s.f.DefaultMavenResourcesFiltering - Copying 1 resource from src\main\resources to target\classes
2025-04-02 17:38:33,223 [Worker-167: Building] INFO  o.a.m.s.f.DefaultMavenResourcesFiltering - Copying 0 resource from src\main\resources to target\classes
2025-04-02 17:38:33,225 [Worker-167: Building] INFO  o.a.m.s.f.DefaultMavenResourcesFiltering - skip non existing resourceDirectory C:\Users\y_ravi\E-Portal Java\E-Portal\src\test\resources
2025-04-02 17:39:22,148 [Worker-169: Building] INFO  o.a.m.s.f.DefaultMavenResourcesFiltering - Copying 1 resource from src\main\resources to target\classes
2025-04-02 17:39:22,152 [Worker-169: Building] INFO  o.a.m.s.f.DefaultMavenResourcesFiltering - Copying 0 resource from src\main\resources to target\classes
2025-04-02 17:39:22,154 [Worker-169: Building] INFO  o.a.m.s.f.DefaultMavenResourcesFiltering - skip non existing resourceDirectory C:\Users\y_ravi\E-Portal Java\E-Portal\src\test\resources
2025-04-02 18:02:13,685 [Worker-173: Building] INFO  o.a.m.s.f.DefaultMavenResourcesFiltering - Copying 1 resource from src\main\resources to target\classes
2025-04-02 18:02:13,689 [Worker-173: Building] INFO  o.a.m.s.f.DefaultMavenResourcesFiltering - Copying 0 resource from src\main\resources to target\classes
2025-04-02 18:02:13,691 [Worker-173: Building] INFO  o.a.m.s.f.DefaultMavenResourcesFiltering - skip non existing resourceDirectory C:\Users\y_ravi\E-Portal Java\E-Portal\src\test\resources
2025-04-02 18:05:45,647 [Worker-173: Building] INFO  o.a.m.s.f.DefaultMavenResourcesFiltering - Copying 1 resource from src\main\resources to target\classes
2025-04-02 18:05:45,652 [Worker-173: Building] INFO  o.a.m.s.f.DefaultMavenResourcesFiltering - Copying 0 resource from src\main\resources to target\classes
2025-04-02 18:05:45,655 [Worker-173: Building] INFO  o.a.m.s.f.DefaultMavenResourcesFiltering - skip non existing resourceDirectory C:\Users\y_ravi\E-Portal Java\E-Portal\src\test\resources
2025-04-02 19:21:07,327 [Worker-180: Building] INFO  o.a.m.s.f.DefaultMavenResourcesFiltering - Copying 1 resource from src\main\resources to target\classes
2025-04-02 19:21:07,348 [Worker-180: Building] INFO  o.a.m.s.f.DefaultMavenResourcesFiltering - Copying 0 resource from src\main\resources to target\classes
2025-04-02 19:21:07,350 [Worker-180: Building] INFO  o.a.m.s.f.DefaultMavenResourcesFiltering - skip non existing resourceDirectory C:\Users\y_ravi\E-Portal Java\E-Portal\src\test\resources
2025-04-02 19:22:12,157 [Worker-186: Building] INFO  o.a.m.s.f.DefaultMavenResourcesFiltering - Copying 1 resource from src\main\resources to target\classes
2025-04-02 19:22:12,166 [Worker-186: Building] INFO  o.a.m.s.f.DefaultMavenResourcesFiltering - Copying 0 resource from src\main\resources to target\classes
2025-04-02 19:22:12,167 [Worker-186: Building] INFO  o.a.m.s.f.DefaultMavenResourcesFiltering - skip non existing resourceDirectory C:\Users\y_ravi\E-Portal Java\E-Portal\src\test\resources
2025-04-02 19:30:56,702 [Worker-192: Building] INFO  o.a.m.s.f.DefaultMavenResourcesFiltering - Copying 1 resource from src\main\resources to target\classes
2025-04-02 19:30:56,707 [Worker-192: Building] INFO  o.a.m.s.f.DefaultMavenResourcesFiltering - Copying 0 resource from src\main\resources to target\classes
2025-04-02 19:30:56,710 [Worker-192: Building] INFO  o.a.m.s.f.DefaultMavenResourcesFiltering - skip non existing resourceDirectory C:\Users\y_ravi\E-Portal Java\E-Portal\src\test\resources
2025-04-02 19:32:29,538 [Worker-191: Building] INFO  o.a.m.s.f.DefaultMavenResourcesFiltering - Copying 1 resource from src\main\resources to target\classes
2025-04-02 19:32:29,543 [Worker-191: Building] INFO  o.a.m.s.f.DefaultMavenResourcesFiltering - Copying 0 resource from src\main\resources to target\classes
2025-04-02 19:32:29,545 [Worker-191: Building] INFO  o.a.m.s.f.DefaultMavenResourcesFiltering - skip non existing resourceDirectory C:\Users\y_ravi\E-Portal Java\E-Portal\src\test\resources
2025-04-02 19:32:51,243 [Worker-191: Building] INFO  o.a.m.s.f.DefaultMavenResourcesFiltering - Copying 1 resource from src\main\resources to target\classes
2025-04-02 19:32:51,246 [Worker-191: Building] INFO  o.a.m.s.f.DefaultMavenResourcesFiltering - Copying 0 resource from src\main\resources to target\classes
2025-04-02 19:32:51,248 [Worker-191: Building] INFO  o.a.m.s.f.DefaultMavenResourcesFiltering - skip non existing resourceDirectory C:\Users\y_ravi\E-Portal Java\E-Portal\src\test\resources
2025-04-02 19:41:09,961 [Worker-195: Building] INFO  o.a.m.s.f.DefaultMavenResourcesFiltering - Copying 1 resource from src\main\resources to target\classes
2025-04-02 19:41:09,965 [Worker-195: Building] INFO  o.a.m.s.f.DefaultMavenResourcesFiltering - Copying 0 resource from src\main\resources to target\classes
2025-04-02 19:41:09,967 [Worker-195: Building] INFO  o.a.m.s.f.DefaultMavenResourcesFiltering - skip non existing resourceDirectory C:\Users\y_ravi\E-Portal Java\E-Portal\src\test\resources
2025-04-02 19:43:31,223 [Worker-175: Building] INFO  o.a.m.s.f.DefaultMavenResourcesFiltering - Copying 1 resource from src\main\resources to target\classes
2025-04-02 19:43:31,229 [Worker-175: Building] INFO  o.a.m.s.f.DefaultMavenResourcesFiltering - Copying 0 resource from src\main\resources to target\classes
2025-04-02 19:43:31,231 [Worker-175: Building] INFO  o.a.m.s.f.DefaultMavenResourcesFiltering - skip non existing resourceDirectory C:\Users\y_ravi\E-Portal Java\E-Portal\src\test\resources
2025-04-02 19:43:53,440 [Worker-185: Building] INFO  o.a.m.s.f.DefaultMavenResourcesFiltering - Copying 1 resource from src\main\resources to target\classes
2025-04-02 19:43:53,445 [Worker-185: Building] INFO  o.a.m.s.f.DefaultMavenResourcesFiltering - Copying 0 resource from src\main\resources to target\classes
2025-04-02 19:43:53,449 [Worker-185: Building] INFO  o.a.m.s.f.DefaultMavenResourcesFiltering - skip non existing resourceDirectory C:\Users\y_ravi\E-Portal Java\E-Portal\src\test\resources
2025-04-03 11:29:36,029 [Worker-206: Building] INFO  o.a.m.s.f.DefaultMavenResourcesFiltering - Copying 1 resource from src\main\resources to target\classes
2025-04-03 11:29:36,033 [Worker-206: Building] INFO  o.a.m.s.f.DefaultMavenResourcesFiltering - Copying 0 resource from src\main\resources to target\classes
2025-04-03 11:29:36,035 [Worker-206: Building] INFO  o.a.m.s.f.DefaultMavenResourcesFiltering - skip non existing resourceDirectory C:\Users\y_ravi\E-Portal Java\E-Portal\src\test\resources
2025-04-03 11:30:22,925 [Worker-211: Building] INFO  o.a.m.s.f.DefaultMavenResourcesFiltering - Copying 1 resource from src\main\resources to target\classes
2025-04-03 11:30:22,931 [Worker-211: Building] INFO  o.a.m.s.f.DefaultMavenResourcesFiltering - Copying 0 resource from src\main\resources to target\classes
2025-04-03 11:30:22,935 [Worker-211: Building] INFO  o.a.m.s.f.DefaultMavenResourcesFiltering - skip non existing resourceDirectory C:\Users\y_ravi\E-Portal Java\E-Portal\src\test\resources
2025-04-03 11:33:40,674 [Worker-206: Building] INFO  o.a.m.s.f.DefaultMavenResourcesFiltering - Copying 1 resource from src\main\resources to target\classes
2025-04-03 11:33:40,677 [Worker-206: Building] INFO  o.a.m.s.f.DefaultMavenResourcesFiltering - Copying 0 resource from src\main\resources to target\classes
2025-04-03 11:33:40,681 [Worker-206: Building] INFO  o.a.m.s.f.DefaultMavenResourcesFiltering - skip non existing resourceDirectory C:\Users\y_ravi\E-Portal Java\E-Portal\src\test\resources
2025-04-03 11:40:45,861 [Worker-217: Building] INFO  o.a.m.s.f.DefaultMavenResourcesFiltering - Copying 1 resource from src\main\resources to target\classes
2025-04-03 11:40:45,867 [Worker-217: Building] INFO  o.a.m.s.f.DefaultMavenResourcesFiltering - Copying 0 resource from src\main\resources to target\classes
2025-04-03 11:40:45,870 [Worker-217: Building] INFO  o.a.m.s.f.DefaultMavenResourcesFiltering - skip non existing resourceDirectory C:\Users\y_ravi\E-Portal Java\E-Portal\src\test\resources
2025-04-03 11:41:41,672 [Worker-214: Building] INFO  o.a.m.s.f.DefaultMavenResourcesFiltering - Copying 1 resource from src\main\resources to target\classes
2025-04-03 11:41:41,678 [Worker-214: Building] INFO  o.a.m.s.f.DefaultMavenResourcesFiltering - Copying 0 resource from src\main\resources to target\classes
2025-04-03 11:41:41,682 [Worker-214: Building] INFO  o.a.m.s.f.DefaultMavenResourcesFiltering - skip non existing resourceDirectory C:\Users\y_ravi\E-Portal Java\E-Portal\src\test\resources
2025-04-03 11:41:47,023 [Worker-212: Building] INFO  o.a.m.s.f.DefaultMavenResourcesFiltering - Copying 1 resource from src\main\resources to target\classes
2025-04-03 11:41:47,027 [Worker-212: Building] INFO  o.a.m.s.f.DefaultMavenResourcesFiltering - Copying 0 resource from src\main\resources to target\classes
2025-04-03 11:41:47,030 [Worker-212: Building] INFO  o.a.m.s.f.DefaultMavenResourcesFiltering - skip non existing resourceDirectory C:\Users\y_ravi\E-Portal Java\E-Portal\src\test\resources
2025-04-03 11:41:57,659 [Worker-217: Building] INFO  o.a.m.s.f.DefaultMavenResourcesFiltering - Copying 1 resource from src\main\resources to target\classes
2025-04-03 11:41:57,663 [Worker-217: Building] INFO  o.a.m.s.f.DefaultMavenResourcesFiltering - Copying 0 resource from src\main\resources to target\classes
2025-04-03 11:41:57,666 [Worker-217: Building] INFO  o.a.m.s.f.DefaultMavenResourcesFiltering - skip non existing resourceDirectory C:\Users\y_ravi\E-Portal Java\E-Portal\src\test\resources
2025-04-03 11:42:08,451 [Worker-216: Building] INFO  o.a.m.s.f.DefaultMavenResourcesFiltering - Copying 1 resource from src\main\resources to target\classes
2025-04-03 11:42:08,456 [Worker-216: Building] INFO  o.a.m.s.f.DefaultMavenResourcesFiltering - Copying 0 resource from src\main\resources to target\classes
2025-04-03 11:42:08,461 [Worker-216: Building] INFO  o.a.m.s.f.DefaultMavenResourcesFiltering - skip non existing resourceDirectory C:\Users\y_ravi\E-Portal Java\E-Portal\src\test\resources
2025-04-03 11:43:47,155 [Worker-217: Building] INFO  o.a.m.s.f.DefaultMavenResourcesFiltering - Copying 1 resource from src\main\resources to target\classes
2025-04-03 11:43:47,161 [Worker-217: Building] INFO  o.a.m.s.f.DefaultMavenResourcesFiltering - Copying 0 resource from src\main\resources to target\classes
2025-04-03 11:43:47,164 [Worker-217: Building] INFO  o.a.m.s.f.DefaultMavenResourcesFiltering - skip non existing resourceDirectory C:\Users\y_ravi\E-Portal Java\E-Portal\src\test\resources
2025-04-03 11:48:38,280 [Worker-224: Building] INFO  o.a.m.s.f.DefaultMavenResourcesFiltering - Copying 1 resource from src\main\resources to target\classes
2025-04-03 11:48:38,285 [Worker-224: Building] INFO  o.a.m.s.f.DefaultMavenResourcesFiltering - Copying 0 resource from src\main\resources to target\classes
2025-04-03 11:48:38,289 [Worker-224: Building] INFO  o.a.m.s.f.DefaultMavenResourcesFiltering - skip non existing resourceDirectory C:\Users\y_ravi\E-Portal Java\E-Portal\src\test\resources
2025-04-03 11:51:06,976 [Worker-224: Building] INFO  o.a.m.s.f.DefaultMavenResourcesFiltering - Copying 1 resource from src\main\resources to target\classes
2025-04-03 11:51:06,982 [Worker-224: Building] INFO  o.a.m.s.f.DefaultMavenResourcesFiltering - Copying 0 resource from src\main\resources to target\classes
2025-04-03 11:51:06,986 [Worker-224: Building] INFO  o.a.m.s.f.DefaultMavenResourcesFiltering - skip non existing resourceDirectory C:\Users\y_ravi\E-Portal Java\E-Portal\src\test\resources
2025-04-03 11:55:39,761 [Worker-231: Building] INFO  o.a.m.s.f.DefaultMavenResourcesFiltering - Copying 1 resource from src\main\resources to target\classes
2025-04-03 11:55:39,766 [Worker-231: Building] INFO  o.a.m.s.f.DefaultMavenResourcesFiltering - Copying 0 resource from src\main\resources to target\classes
2025-04-03 11:55:39,768 [Worker-231: Building] INFO  o.a.m.s.f.DefaultMavenResourcesFiltering - skip non existing resourceDirectory C:\Users\y_ravi\E-Portal Java\E-Portal\src\test\resources
2025-04-03 11:58:14,904 [Worker-232: Building] INFO  o.a.m.s.f.DefaultMavenResourcesFiltering - Copying 1 resource from src\main\resources to target\classes
2025-04-03 11:58:14,910 [Worker-232: Building] INFO  o.a.m.s.f.DefaultMavenResourcesFiltering - Copying 0 resource from src\main\resources to target\classes
2025-04-03 11:58:14,913 [Worker-232: Building] INFO  o.a.m.s.f.DefaultMavenResourcesFiltering - skip non existing resourceDirectory C:\Users\y_ravi\E-Portal Java\E-Portal\src\test\resources
2025-04-03 12:01:01,102 [Worker-229: Building] INFO  o.a.m.s.f.DefaultMavenResourcesFiltering - Copying 1 resource from src\main\resources to target\classes
2025-04-03 12:01:01,107 [Worker-229: Building] INFO  o.a.m.s.f.DefaultMavenResourcesFiltering - Copying 0 resource from src\main\resources to target\classes
2025-04-03 12:01:01,111 [Worker-229: Building] INFO  o.a.m.s.f.DefaultMavenResourcesFiltering - skip non existing resourceDirectory C:\Users\y_ravi\E-Portal Java\E-Portal\src\test\resources
2025-04-03 12:01:02,515 [Worker-226: Building] INFO  o.a.m.s.f.DefaultMavenResourcesFiltering - Copying 1 resource from src\main\resources to target\classes
2025-04-03 12:01:02,520 [Worker-226: Building] INFO  o.a.m.s.f.DefaultMavenResourcesFiltering - Copying 0 resource from src\main\resources to target\classes
2025-04-03 12:01:02,523 [Worker-226: Building] INFO  o.a.m.s.f.DefaultMavenResourcesFiltering - skip non existing resourceDirectory C:\Users\y_ravi\E-Portal Java\E-Portal\src\test\resources
2025-04-03 12:01:31,904 [Worker-230: Building] INFO  o.a.m.s.f.DefaultMavenResourcesFiltering - Copying 1 resource from src\main\resources to target\classes
2025-04-03 12:01:31,910 [Worker-230: Building] INFO  o.a.m.s.f.DefaultMavenResourcesFiltering - Copying 0 resource from src\main\resources to target\classes
2025-04-03 12:01:31,914 [Worker-230: Building] INFO  o.a.m.s.f.DefaultMavenResourcesFiltering - skip non existing resourceDirectory C:\Users\y_ravi\E-Portal Java\E-Portal\src\test\resources
2025-04-03 12:02:50,385 [Worker-229: Building] INFO  o.a.m.s.f.DefaultMavenResourcesFiltering - Copying 1 resource from src\main\resources to target\classes
2025-04-03 12:02:50,391 [Worker-229: Building] INFO  o.a.m.s.f.DefaultMavenResourcesFiltering - Copying 0 resource from src\main\resources to target\classes
2025-04-03 12:02:50,395 [Worker-229: Building] INFO  o.a.m.s.f.DefaultMavenResourcesFiltering - skip non existing resourceDirectory C:\Users\y_ravi\E-Portal Java\E-Portal\src\test\resources
2025-04-03 12:12:20,269 [Worker-234: Building] INFO  o.a.m.s.f.DefaultMavenResourcesFiltering - Copying 1 resource from src\main\resources to target\classes
2025-04-03 12:12:20,284 [Worker-234: Building] INFO  o.a.m.s.f.DefaultMavenResourcesFiltering - Copying 0 resource from src\main\resources to target\classes
2025-04-03 12:12:20,287 [Worker-234: Building] INFO  o.a.m.s.f.DefaultMavenResourcesFiltering - skip non existing resourceDirectory C:\Users\y_ravi\E-Portal Java\E-Portal\src\test\resources
2025-04-03 12:14:48,985 [Worker-231: Building] INFO  o.a.m.s.f.DefaultMavenResourcesFiltering - Copying 1 resource from src\main\resources to target\classes
2025-04-03 12:14:48,992 [Worker-231: Building] INFO  o.a.m.s.f.DefaultMavenResourcesFiltering - Copying 0 resource from src\main\resources to target\classes
2025-04-03 12:14:48,995 [Worker-231: Building] INFO  o.a.m.s.f.DefaultMavenResourcesFiltering - skip non existing resourceDirectory C:\Users\y_ravi\E-Portal Java\E-Portal\src\test\resources
2025-04-03 12:14:55,735 [Worker-231: Building] INFO  o.a.m.s.f.DefaultMavenResourcesFiltering - Copying 1 resource from src\main\resources to target\classes
2025-04-03 12:14:55,741 [Worker-231: Building] INFO  o.a.m.s.f.DefaultMavenResourcesFiltering - Copying 0 resource from src\main\resources to target\classes
2025-04-03 12:14:55,744 [Worker-231: Building] INFO  o.a.m.s.f.DefaultMavenResourcesFiltering - skip non existing resourceDirectory C:\Users\y_ravi\E-Portal Java\E-Portal\src\test\resources
2025-04-03 12:15:11,973 [Worker-237: Building] INFO  o.a.m.s.f.DefaultMavenResourcesFiltering - Copying 1 resource from src\main\resources to target\classes
2025-04-03 12:15:11,979 [Worker-237: Building] INFO  o.a.m.s.f.DefaultMavenResourcesFiltering - Copying 0 resource from src\main\resources to target\classes
2025-04-03 12:15:11,982 [Worker-237: Building] INFO  o.a.m.s.f.DefaultMavenResourcesFiltering - skip non existing resourceDirectory C:\Users\y_ravi\E-Portal Java\E-Portal\src\test\resources
2025-04-03 16:15:33,690 [Worker-234: Building] INFO  o.a.m.s.f.DefaultMavenResourcesFiltering - Copying 1 resource from src\main\resources to target\classes
2025-04-03 16:15:33,707 [Worker-234: Building] INFO  o.a.m.s.f.DefaultMavenResourcesFiltering - Copying 0 resource from src\main\resources to target\classes
2025-04-03 16:15:33,710 [Worker-234: Building] INFO  o.a.m.s.f.DefaultMavenResourcesFiltering - skip non existing resourceDirectory C:\Users\y_ravi\E-Portal Java\E-Portal\src\test\resources
2025-04-03 16:18:10,508 [Worker-234: Building] INFO  o.a.m.s.f.DefaultMavenResourcesFiltering - Copying 1 resource from src\main\resources to target\classes
2025-04-03 16:18:10,515 [Worker-234: Building] INFO  o.a.m.s.f.DefaultMavenResourcesFiltering - Copying 0 resource from src\main\resources to target\classes
2025-04-03 16:18:10,517 [Worker-234: Building] INFO  o.a.m.s.f.DefaultMavenResourcesFiltering - skip non existing resourceDirectory C:\Users\y_ravi\E-Portal Java\E-Portal\src\test\resources
2025-04-03 16:18:35,532 [Worker-242: Building] INFO  o.a.m.s.f.DefaultMavenResourcesFiltering - Copying 1 resource from src\main\resources to target\classes
2025-04-03 16:18:35,538 [Worker-242: Building] INFO  o.a.m.s.f.DefaultMavenResourcesFiltering - Copying 0 resource from src\main\resources to target\classes
2025-04-03 16:18:35,540 [Worker-242: Building] INFO  o.a.m.s.f.DefaultMavenResourcesFiltering - skip non existing resourceDirectory C:\Users\y_ravi\E-Portal Java\E-Portal\src\test\resources
2025-04-03 16:18:46,419 [Worker-243: Building] INFO  o.a.m.s.f.DefaultMavenResourcesFiltering - Copying 1 resource from src\main\resources to target\classes
2025-04-03 16:18:46,424 [Worker-243: Building] INFO  o.a.m.s.f.DefaultMavenResourcesFiltering - Copying 0 resource from src\main\resources to target\classes
2025-04-03 16:18:46,428 [Worker-243: Building] INFO  o.a.m.s.f.DefaultMavenResourcesFiltering - skip non existing resourceDirectory C:\Users\y_ravi\E-Portal Java\E-Portal\src\test\resources
2025-04-03 16:19:06,325 [Worker-243: Building] INFO  o.a.m.s.f.DefaultMavenResourcesFiltering - Copying 1 resource from src\main\resources to target\classes
2025-04-03 16:19:06,329 [Worker-243: Building] INFO  o.a.m.s.f.DefaultMavenResourcesFiltering - Copying 0 resource from src\main\resources to target\classes
2025-04-03 16:19:06,331 [Worker-243: Building] INFO  o.a.m.s.f.DefaultMavenResourcesFiltering - skip non existing resourceDirectory C:\Users\y_ravi\E-Portal Java\E-Portal\src\test\resources
2025-04-03 16:19:40,891 [Worker-243: Building] INFO  o.a.m.s.f.DefaultMavenResourcesFiltering - Copying 1 resource from src\main\resources to target\classes
2025-04-03 16:19:40,897 [Worker-243: Building] INFO  o.a.m.s.f.DefaultMavenResourcesFiltering - Copying 0 resource from src\main\resources to target\classes
2025-04-03 16:19:40,899 [Worker-243: Building] INFO  o.a.m.s.f.DefaultMavenResourcesFiltering - skip non existing resourceDirectory C:\Users\y_ravi\E-Portal Java\E-Portal\src\test\resources
2025-04-03 16:19:47,062 [Worker-243: Building] INFO  o.a.m.s.f.DefaultMavenResourcesFiltering - Copying 1 resource from src\main\resources to target\classes
2025-04-03 16:19:47,065 [Worker-243: Building] INFO  o.a.m.s.f.DefaultMavenResourcesFiltering - Copying 0 resource from src\main\resources to target\classes
2025-04-03 16:19:47,068 [Worker-243: Building] INFO  o.a.m.s.f.DefaultMavenResourcesFiltering - skip non existing resourceDirectory C:\Users\y_ravi\E-Portal Java\E-Portal\src\test\resources
2025-04-03 16:21:30,623 [Worker-241: Building] INFO  o.a.m.s.f.DefaultMavenResourcesFiltering - Copying 1 resource from src\main\resources to target\classes
2025-04-03 16:21:30,628 [Worker-241: Building] INFO  o.a.m.s.f.DefaultMavenResourcesFiltering - Copying 0 resource from src\main\resources to target\classes
2025-04-03 16:21:30,632 [Worker-241: Building] INFO  o.a.m.s.f.DefaultMavenResourcesFiltering - skip non existing resourceDirectory C:\Users\y_ravi\E-Portal Java\E-Portal\src\test\resources
2025-04-03 16:22:05,584 [Worker-243: Building] INFO  o.a.m.s.f.DefaultMavenResourcesFiltering - Copying 1 resource from src\main\resources to target\classes
2025-04-03 16:22:05,588 [Worker-243: Building] INFO  o.a.m.s.f.DefaultMavenResourcesFiltering - Copying 0 resource from src\main\resources to target\classes
2025-04-03 16:22:05,591 [Worker-243: Building] INFO  o.a.m.s.f.DefaultMavenResourcesFiltering - skip non existing resourceDirectory C:\Users\y_ravi\E-Portal Java\E-Portal\src\test\resources
2025-04-03 16:22:09,206 [Worker-242: Building] INFO  o.a.m.s.f.DefaultMavenResourcesFiltering - Copying 1 resource from src\main\resources to target\classes
2025-04-03 16:22:09,212 [Worker-242: Building] INFO  o.a.m.s.f.DefaultMavenResourcesFiltering - Copying 0 resource from src\main\resources to target\classes
2025-04-03 16:22:09,215 [Worker-242: Building] INFO  o.a.m.s.f.DefaultMavenResourcesFiltering - skip non existing resourceDirectory C:\Users\y_ravi\E-Portal Java\E-Portal\src\test\resources
2025-04-03 16:24:28,305 [Worker-243: Building] INFO  o.a.m.s.f.DefaultMavenResourcesFiltering - Copying 1 resource from src\main\resources to target\classes
2025-04-03 16:24:28,309 [Worker-243: Building] INFO  o.a.m.s.f.DefaultMavenResourcesFiltering - Copying 0 resource from src\main\resources to target\classes
2025-04-03 16:24:28,311 [Worker-243: Building] INFO  o.a.m.s.f.DefaultMavenResourcesFiltering - skip non existing resourceDirectory C:\Users\y_ravi\E-Portal Java\E-Portal\src\test\resources
2025-04-03 16:29:59,740 [Worker-246: Building] INFO  o.a.m.s.f.DefaultMavenResourcesFiltering - Copying 1 resource from src\main\resources to target\classes
2025-04-03 16:29:59,746 [Worker-246: Building] INFO  o.a.m.s.f.DefaultMavenResourcesFiltering - Copying 0 resource from src\main\resources to target\classes
2025-04-03 16:29:59,748 [Worker-246: Building] INFO  o.a.m.s.f.DefaultMavenResourcesFiltering - skip non existing resourceDirectory C:\Users\y_ravi\E-Portal Java\E-Portal\src\test\resources
2025-04-03 16:31:35,296 [Worker-246: Building] INFO  o.a.m.s.f.DefaultMavenResourcesFiltering - Copying 1 resource from src\main\resources to target\classes
2025-04-03 16:31:35,318 [Worker-246: Building] INFO  o.a.m.s.f.DefaultMavenResourcesFiltering - Copying 0 resource from src\main\resources to target\classes
2025-04-03 16:31:35,321 [Worker-246: Building] INFO  o.a.m.s.f.DefaultMavenResourcesFiltering - skip non existing resourceDirectory C:\Users\y_ravi\E-Portal Java\E-Portal\src\test\resources
2025-04-03 16:31:58,946 [Worker-247: Building] INFO  o.a.m.s.f.DefaultMavenResourcesFiltering - Copying 1 resource from src\main\resources to target\classes
2025-04-03 16:31:58,951 [Worker-247: Building] INFO  o.a.m.s.f.DefaultMavenResourcesFiltering - Copying 0 resource from src\main\resources to target\classes
2025-04-03 16:31:58,953 [Worker-247: Building] INFO  o.a.m.s.f.DefaultMavenResourcesFiltering - skip non existing resourceDirectory C:\Users\y_ravi\E-Portal Java\E-Portal\src\test\resources
2025-04-03 16:40:47,892 [Worker-253: Building] INFO  o.a.m.s.f.DefaultMavenResourcesFiltering - Copying 1 resource from src\main\resources to target\classes
2025-04-03 16:40:47,898 [Worker-253: Building] INFO  o.a.m.s.f.DefaultMavenResourcesFiltering - Copying 0 resource from src\main\resources to target\classes
2025-04-03 16:40:47,901 [Worker-253: Building] INFO  o.a.m.s.f.DefaultMavenResourcesFiltering - skip non existing resourceDirectory C:\Users\y_ravi\E-Portal Java\E-Portal\src\test\resources
2025-04-03 16:40:53,409 [Worker-251: Building] INFO  o.a.m.s.f.DefaultMavenResourcesFiltering - Copying 1 resource from src\main\resources to target\classes
2025-04-03 16:40:53,414 [Worker-251: Building] INFO  o.a.m.s.f.DefaultMavenResourcesFiltering - Copying 0 resource from src\main\resources to target\classes
2025-04-03 16:40:53,417 [Worker-251: Building] INFO  o.a.m.s.f.DefaultMavenResourcesFiltering - skip non existing resourceDirectory C:\Users\y_ravi\E-Portal Java\E-Portal\src\test\resources
2025-04-03 16:41:04,145 [Worker-253: Building] INFO  o.a.m.s.f.DefaultMavenResourcesFiltering - Copying 1 resource from src\main\resources to target\classes
2025-04-03 16:41:04,148 [Worker-253: Building] INFO  o.a.m.s.f.DefaultMavenResourcesFiltering - Copying 0 resource from src\main\resources to target\classes
2025-04-03 16:41:04,150 [Worker-253: Building] INFO  o.a.m.s.f.DefaultMavenResourcesFiltering - skip non existing resourceDirectory C:\Users\y_ravi\E-Portal Java\E-Portal\src\test\resources
2025-04-03 16:43:23,500 [Worker-252: Building] INFO  o.a.m.s.f.DefaultMavenResourcesFiltering - Copying 1 resource from src\main\resources to target\classes
2025-04-03 16:43:23,505 [Worker-252: Building] INFO  o.a.m.s.f.DefaultMavenResourcesFiltering - Copying 0 resource from src\main\resources to target\classes
2025-04-03 16:43:23,507 [Worker-252: Building] INFO  o.a.m.s.f.DefaultMavenResourcesFiltering - skip non existing resourceDirectory C:\Users\y_ravi\E-Portal Java\E-Portal\src\test\resources
2025-04-03 16:43:42,370 [Worker-256: Building] INFO  o.a.m.s.f.DefaultMavenResourcesFiltering - Copying 1 resource from src\main\resources to target\classes
2025-04-03 16:43:42,374 [Worker-256: Building] INFO  o.a.m.s.f.DefaultMavenResourcesFiltering - Copying 0 resource from src\main\resources to target\classes
2025-04-03 16:43:42,376 [Worker-256: Building] INFO  o.a.m.s.f.DefaultMavenResourcesFiltering - skip non existing resourceDirectory C:\Users\y_ravi\E-Portal Java\E-Portal\src\test\resources
2025-04-03 16:54:48,740 [Worker-259: Building] INFO  o.a.m.s.f.DefaultMavenResourcesFiltering - Copying 1 resource from src\main\resources to target\classes
2025-04-03 16:54:48,751 [Worker-259: Building] INFO  o.a.m.s.f.DefaultMavenResourcesFiltering - Copying 0 resource from src\main\resources to target\classes
2025-04-03 16:54:48,753 [Worker-259: Building] INFO  o.a.m.s.f.DefaultMavenResourcesFiltering - skip non existing resourceDirectory C:\Users\y_ravi\E-Portal Java\E-Portal\src\test\resources
2025-04-03 16:54:55,587 [Worker-264: Launching E-Portal - EPortalApplication] INFO  o.a.m.s.f.DefaultMavenResourcesFiltering - Copying 1 resource from src\main\resources to target\classes
2025-04-03 16:54:55,593 [Worker-264: Launching E-Portal - EPortalApplication] INFO  o.a.m.s.f.DefaultMavenResourcesFiltering - Copying 0 resource from src\main\resources to target\classes
2025-04-03 16:54:55,596 [Worker-264: Launching E-Portal - EPortalApplication] INFO  o.a.m.s.f.DefaultMavenResourcesFiltering - skip non existing resourceDirectory C:\Users\y_ravi\E-Portal Java\E-Portal\src\test\resources
2025-04-03 16:59:50,379 [Worker-266: Building] INFO  o.a.m.s.f.DefaultMavenResourcesFiltering - Copying 1 resource from src\main\resources to target\classes
2025-04-03 16:59:50,384 [Worker-266: Building] INFO  o.a.m.s.f.DefaultMavenResourcesFiltering - Copying 0 resource from src\main\resources to target\classes
2025-04-03 16:59:50,386 [Worker-266: Building] INFO  o.a.m.s.f.DefaultMavenResourcesFiltering - skip non existing resourceDirectory C:\Users\y_ravi\E-Portal Java\E-Portal\src\test\resources
2025-04-03 17:03:04,134 [Worker-252: Building] INFO  o.a.m.s.f.DefaultMavenResourcesFiltering - Copying 1 resource from src\main\resources to target\classes
2025-04-03 17:03:04,139 [Worker-252: Building] INFO  o.a.m.s.f.DefaultMavenResourcesFiltering - Copying 0 resource from src\main\resources to target\classes
2025-04-03 17:03:04,141 [Worker-252: Building] INFO  o.a.m.s.f.DefaultMavenResourcesFiltering - skip non existing resourceDirectory C:\Users\y_ravi\E-Portal Java\E-Portal\src\test\resources
2025-04-03 17:03:21,269 [Worker-265: Building] INFO  o.a.m.s.f.DefaultMavenResourcesFiltering - Copying 1 resource from src\main\resources to target\classes
2025-04-03 17:03:21,276 [Worker-265: Building] INFO  o.a.m.s.f.DefaultMavenResourcesFiltering - Copying 0 resource from src\main\resources to target\classes
2025-04-03 17:03:21,279 [Worker-265: Building] INFO  o.a.m.s.f.DefaultMavenResourcesFiltering - skip non existing resourceDirectory C:\Users\y_ravi\E-Portal Java\E-Portal\src\test\resources
2025-04-03 17:04:44,195 [Worker-262: Launching E-Portal - EPortalApplication] INFO  o.a.m.s.f.DefaultMavenResourcesFiltering - Copying 1 resource from src\main\resources to target\classes
2025-04-03 17:04:44,202 [Worker-262: Launching E-Portal - EPortalApplication] INFO  o.a.m.s.f.DefaultMavenResourcesFiltering - Copying 0 resource from src\main\resources to target\classes
2025-04-03 17:04:44,205 [Worker-262: Launching E-Portal - EPortalApplication] INFO  o.a.m.s.f.DefaultMavenResourcesFiltering - skip non existing resourceDirectory C:\Users\y_ravi\E-Portal Java\E-Portal\src\test\resources
2025-04-03 17:15:23,172 [Worker-265: Building] INFO  o.a.m.s.f.DefaultMavenResourcesFiltering - Copying 1 resource from src\main\resources to target\classes
2025-04-03 17:15:23,179 [Worker-265: Building] INFO  o.a.m.s.f.DefaultMavenResourcesFiltering - Copying 0 resource from src\main\resources to target\classes
2025-04-03 17:15:23,194 [Worker-265: Building] INFO  o.a.m.s.f.DefaultMavenResourcesFiltering - skip non existing resourceDirectory C:\Users\y_ravi\E-Portal Java\E-Portal\src\test\resources
2025-04-03 17:15:33,519 [Worker-252: Building] INFO  o.a.m.s.f.DefaultMavenResourcesFiltering - Copying 1 resource from src\main\resources to target\classes
2025-04-03 17:15:33,525 [Worker-252: Building] INFO  o.a.m.s.f.DefaultMavenResourcesFiltering - Copying 0 resource from src\main\resources to target\classes
2025-04-03 17:15:33,528 [Worker-252: Building] INFO  o.a.m.s.f.DefaultMavenResourcesFiltering - skip non existing resourceDirectory C:\Users\y_ravi\E-Portal Java\E-Portal\src\test\resources
2025-04-03 17:44:10,446 [Worker-279: Building] INFO  o.a.m.s.f.DefaultMavenResourcesFiltering - Copying 1 resource from src\main\resources to target\classes
2025-04-03 17:44:10,452 [Worker-279: Building] INFO  o.a.m.s.f.DefaultMavenResourcesFiltering - Copying 0 resource from src\main\resources to target\classes
2025-04-03 17:44:10,454 [Worker-279: Building] INFO  o.a.m.s.f.DefaultMavenResourcesFiltering - skip non existing resourceDirectory C:\Users\y_ravi\E-Portal Java\E-Portal\src\test\resources
2025-04-03 17:44:31,228 [Worker-286: Building] INFO  o.a.m.s.f.DefaultMavenResourcesFiltering - Copying 1 resource from src\main\resources to target\classes
2025-04-03 17:44:31,231 [Worker-286: Building] INFO  o.a.m.s.f.DefaultMavenResourcesFiltering - Copying 0 resource from src\main\resources to target\classes
2025-04-03 17:44:31,233 [Worker-286: Building] INFO  o.a.m.s.f.DefaultMavenResourcesFiltering - skip non existing resourceDirectory C:\Users\y_ravi\E-Portal Java\E-Portal\src\test\resources
2025-04-03 17:44:55,633 [Worker-284: Building] INFO  o.a.m.s.f.DefaultMavenResourcesFiltering - Copying 1 resource from src\main\resources to target\classes
2025-04-03 17:44:55,637 [Worker-284: Building] INFO  o.a.m.s.f.DefaultMavenResourcesFiltering - Copying 0 resource from src\main\resources to target\classes
2025-04-03 17:44:55,639 [Worker-284: Building] INFO  o.a.m.s.f.DefaultMavenResourcesFiltering - skip non existing resourceDirectory C:\Users\y_ravi\E-Portal Java\E-Portal\src\test\resources
2025-04-03 17:46:13,516 [Worker-286: Building] INFO  o.a.m.s.f.DefaultMavenResourcesFiltering - Copying 1 resource from src\main\resources to target\classes
2025-04-03 17:46:13,521 [Worker-286: Building] INFO  o.a.m.s.f.DefaultMavenResourcesFiltering - Copying 0 resource from src\main\resources to target\classes
2025-04-03 17:46:13,524 [Worker-286: Building] INFO  o.a.m.s.f.DefaultMavenResourcesFiltering - skip non existing resourceDirectory C:\Users\y_ravi\E-Portal Java\E-Portal\src\test\resources
2025-04-04 18:47:08,984 [Worker-285: Launching E-Portal - EPortalApplication] INFO  o.a.m.s.f.DefaultMavenResourcesFiltering - Copying 1 resource from src\main\resources to target\classes
2025-04-04 18:47:08,996 [Worker-285: Launching E-Portal - EPortalApplication] INFO  o.a.m.s.f.DefaultMavenResourcesFiltering - Copying 0 resource from src\main\resources to target\classes
2025-04-04 18:47:08,999 [Worker-285: Launching E-Portal - EPortalApplication] INFO  o.a.m.s.f.DefaultMavenResourcesFiltering - skip non existing resourceDirectory C:\Users\y_ravi\E-Portal Java\E-Portal\src\test\resources
2025-04-04 18:54:59,187 [Worker-297: Launching E-Portal - EPortalApplication] INFO  o.a.m.s.f.DefaultMavenResourcesFiltering - Copying 1 resource from src\main\resources to target\classes
2025-04-04 18:54:59,196 [Worker-297: Launching E-Portal - EPortalApplication] INFO  o.a.m.s.f.DefaultMavenResourcesFiltering - Copying 0 resource from src\main\resources to target\classes
2025-04-04 18:54:59,198 [Worker-297: Launching E-Portal - EPortalApplication] INFO  o.a.m.s.f.DefaultMavenResourcesFiltering - skip non existing resourceDirectory C:\Users\y_ravi\E-Portal Java\E-Portal\src\test\resources
2025-04-04 19:11:18,888 [Worker-307: Building] INFO  o.a.m.s.f.DefaultMavenResourcesFiltering - Copying 1 resource from src\main\resources to target\classes
2025-04-04 19:11:18,894 [Worker-307: Building] INFO  o.a.m.s.f.DefaultMavenResourcesFiltering - Copying 0 resource from src\main\resources to target\classes
2025-04-04 19:11:18,897 [Worker-307: Building] INFO  o.a.m.s.f.DefaultMavenResourcesFiltering - skip non existing resourceDirectory C:\Users\y_ravi\E-Portal Java\E-Portal\src\test\resources
2025-04-04 19:24:01,532 [Worker-314: Building] INFO  o.a.m.s.f.DefaultMavenResourcesFiltering - Copying 1 resource from src\main\resources to target\classes
2025-04-04 19:24:01,545 [Worker-314: Building] INFO  o.a.m.s.f.DefaultMavenResourcesFiltering - Copying 0 resource from src\main\resources to target\classes
2025-04-04 19:24:01,548 [Worker-314: Building] INFO  o.a.m.s.f.DefaultMavenResourcesFiltering - skip non existing resourceDirectory C:\Users\y_ravi\E-Portal Java\E-Portal\src\test\resources
2025-04-04 19:24:17,449 [Worker-317: Building] INFO  o.a.m.s.f.DefaultMavenResourcesFiltering - Copying 1 resource from src\main\resources to target\classes
2025-04-04 19:24:17,452 [Worker-317: Building] INFO  o.a.m.s.f.DefaultMavenResourcesFiltering - Copying 0 resource from src\main\resources to target\classes
2025-04-04 19:24:17,455 [Worker-317: Building] INFO  o.a.m.s.f.DefaultMavenResourcesFiltering - skip non existing resourceDirectory C:\Users\y_ravi\E-Portal Java\E-Portal\src\test\resources
2025-04-04 19:24:30,888 [Worker-312: Building] INFO  o.a.m.s.f.DefaultMavenResourcesFiltering - Copying 1 resource from src\main\resources to target\classes
2025-04-04 19:24:30,897 [Worker-312: Building] INFO  o.a.m.s.f.DefaultMavenResourcesFiltering - Copying 0 resource from src\main\resources to target\classes
2025-04-04 19:24:30,900 [Worker-312: Building] INFO  o.a.m.s.f.DefaultMavenResourcesFiltering - skip non existing resourceDirectory C:\Users\y_ravi\E-Portal Java\E-Portal\src\test\resources
2025-04-04 20:00:20,314 [Worker-326: Building] INFO  o.a.m.s.f.DefaultMavenResourcesFiltering - Copying 1 resource from src\main\resources to target\classes
2025-04-04 20:00:20,331 [Worker-326: Building] INFO  o.a.m.s.f.DefaultMavenResourcesFiltering - Copying 0 resource from src\main\resources to target\classes
2025-04-04 20:00:20,335 [Worker-326: Building] INFO  o.a.m.s.f.DefaultMavenResourcesFiltering - skip non existing resourceDirectory C:\Users\y_ravi\E-Portal Java\E-Portal\src\test\resources
2025-04-04 20:02:28,765 [Worker-329: Building] INFO  o.a.m.s.f.DefaultMavenResourcesFiltering - Copying 1 resource from src\main\resources to target\classes
2025-04-04 20:02:28,777 [Worker-329: Building] INFO  o.a.m.s.f.DefaultMavenResourcesFiltering - Copying 0 resource from src\main\resources to target\classes
2025-04-04 20:02:28,780 [Worker-329: Building] INFO  o.a.m.s.f.DefaultMavenResourcesFiltering - skip non existing resourceDirectory C:\Users\y_ravi\E-Portal Java\E-Portal\src\test\resources
2025-04-04 20:02:58,120 [Worker-333: Building] INFO  o.a.m.s.f.DefaultMavenResourcesFiltering - Copying 1 resource from src\main\resources to target\classes
2025-04-04 20:02:58,126 [Worker-333: Building] INFO  o.a.m.s.f.DefaultMavenResourcesFiltering - Copying 0 resource from src\main\resources to target\classes
2025-04-04 20:02:58,129 [Worker-333: Building] INFO  o.a.m.s.f.DefaultMavenResourcesFiltering - skip non existing resourceDirectory C:\Users\y_ravi\E-Portal Java\E-Portal\src\test\resources
2025-04-04 20:03:16,683 [Worker-332: Building] INFO  o.a.m.s.f.DefaultMavenResourcesFiltering - Copying 1 resource from src\main\resources to target\classes
2025-04-04 20:03:16,689 [Worker-332: Building] INFO  o.a.m.s.f.DefaultMavenResourcesFiltering - Copying 0 resource from src\main\resources to target\classes
2025-04-04 20:03:16,692 [Worker-332: Building] INFO  o.a.m.s.f.DefaultMavenResourcesFiltering - skip non existing resourceDirectory C:\Users\y_ravi\E-Portal Java\E-Portal\src\test\resources
2025-04-04 20:03:37,565 [Worker-334: Building] INFO  o.a.m.s.f.DefaultMavenResourcesFiltering - Copying 1 resource from src\main\resources to target\classes
2025-04-04 20:03:37,569 [Worker-334: Building] INFO  o.a.m.s.f.DefaultMavenResourcesFiltering - Copying 0 resource from src\main\resources to target\classes
2025-04-04 20:03:37,572 [Worker-334: Building] INFO  o.a.m.s.f.DefaultMavenResourcesFiltering - skip non existing resourceDirectory C:\Users\y_ravi\E-Portal Java\E-Portal\src\test\resources
2025-04-04 20:06:44,945 [Worker-332: Building] INFO  o.a.m.s.f.DefaultMavenResourcesFiltering - Copying 1 resource from src\main\resources to target\classes
2025-04-04 20:06:44,951 [Worker-332: Building] INFO  o.a.m.s.f.DefaultMavenResourcesFiltering - Copying 0 resource from src\main\resources to target\classes
2025-04-04 20:06:44,954 [Worker-332: Building] INFO  o.a.m.s.f.DefaultMavenResourcesFiltering - skip non existing resourceDirectory C:\Users\y_ravi\E-Portal Java\E-Portal\src\test\resources
2025-04-04 20:15:45,122 [Worker-326: Building] INFO  o.a.m.s.f.DefaultMavenResourcesFiltering - Copying 1 resource from src\main\resources to target\classes
2025-04-04 20:15:45,128 [Worker-326: Building] INFO  o.a.m.s.f.DefaultMavenResourcesFiltering - Copying 0 resource from src\main\resources to target\classes
2025-04-04 20:15:45,131 [Worker-326: Building] INFO  o.a.m.s.f.DefaultMavenResourcesFiltering - skip non existing resourceDirectory C:\Users\y_ravi\E-Portal Java\E-Portal\src\test\resources
2025-04-04 21:14:59,480 [Worker-356: Building] INFO  o.a.m.s.f.DefaultMavenResourcesFiltering - Copying 1 resource from src\main\resources to target\classes
2025-04-04 21:14:59,486 [Worker-356: Building] INFO  o.a.m.s.f.DefaultMavenResourcesFiltering - Copying 0 resource from src\main\resources to target\classes
2025-04-04 21:14:59,487 [Worker-356: Building] INFO  o.a.m.s.f.DefaultMavenResourcesFiltering - skip non existing resourceDirectory C:\Users\y_ravi\E-Portal Java\E-Portal\src\test\resources
2025-04-04 21:17:36,975 [Worker-350: Building] INFO  o.a.m.s.f.DefaultMavenResourcesFiltering - Copying 1 resource from src\main\resources to target\classes
2025-04-04 21:17:36,984 [Worker-350: Building] INFO  o.a.m.s.f.DefaultMavenResourcesFiltering - Copying 0 resource from src\main\resources to target\classes
2025-04-04 21:17:36,986 [Worker-350: Building] INFO  o.a.m.s.f.DefaultMavenResourcesFiltering - skip non existing resourceDirectory C:\Users\y_ravi\E-Portal Java\E-Portal\src\test\resources
2025-04-04 23:33:37,042 [Worker-399: Building] INFO  o.a.m.s.f.DefaultMavenResourcesFiltering - Copying 1 resource from src\main\resources to target\classes
2025-04-04 23:33:37,078 [Worker-399: Building] INFO  o.a.m.s.f.DefaultMavenResourcesFiltering - Copying 0 resource from src\main\resources to target\classes
2025-04-04 23:33:37,081 [Worker-399: Building] INFO  o.a.m.s.f.DefaultMavenResourcesFiltering - skip non existing resourceDirectory C:\Users\y_ravi\E-Portal Java\E-Portal\src\test\resources
2025-04-04 23:33:45,009 [Worker-398: Building] INFO  o.a.m.s.f.DefaultMavenResourcesFiltering - Copying 1 resource from src\main\resources to target\classes
2025-04-04 23:33:45,052 [Worker-398: Building] INFO  o.a.m.s.f.DefaultMavenResourcesFiltering - Copying 0 resource from src\main\resources to target\classes
2025-04-04 23:33:45,054 [Worker-398: Building] INFO  o.a.m.s.f.DefaultMavenResourcesFiltering - skip non existing resourceDirectory C:\Users\y_ravi\E-Portal Java\E-Portal\src\test\resources
2025-04-04 23:34:02,046 [Worker-398: Building] INFO  o.a.m.s.f.DefaultMavenResourcesFiltering - Copying 1 resource from src\main\resources to target\classes
2025-04-04 23:34:02,059 [Worker-398: Building] INFO  o.a.m.s.f.DefaultMavenResourcesFiltering - Copying 0 resource from src\main\resources to target\classes
2025-04-04 23:34:02,062 [Worker-398: Building] INFO  o.a.m.s.f.DefaultMavenResourcesFiltering - skip non existing resourceDirectory C:\Users\y_ravi\E-Portal Java\E-Portal\src\test\resources
2025-04-04 23:36:57,761 [Worker-399: Building] INFO  o.a.m.s.f.DefaultMavenResourcesFiltering - Copying 1 resource from src\main\resources to target\classes
2025-04-04 23:36:57,774 [Worker-399: Building] INFO  o.a.m.s.f.DefaultMavenResourcesFiltering - Copying 0 resource from src\main\resources to target\classes
2025-04-04 23:36:57,778 [Worker-399: Building] INFO  o.a.m.s.f.DefaultMavenResourcesFiltering - skip non existing resourceDirectory C:\Users\y_ravi\E-Portal Java\E-Portal\src\test\resources
2025-04-04 23:37:02,176 [Worker-395: Building] INFO  o.a.m.s.f.DefaultMavenResourcesFiltering - Copying 1 resource from src\main\resources to target\classes
2025-04-04 23:37:02,195 [Worker-395: Building] INFO  o.a.m.s.f.DefaultMavenResourcesFiltering - Copying 0 resource from src\main\resources to target\classes
2025-04-04 23:37:02,197 [Worker-395: Building] INFO  o.a.m.s.f.DefaultMavenResourcesFiltering - skip non existing resourceDirectory C:\Users\y_ravi\E-Portal Java\E-Portal\src\test\resources
2025-04-04 23:37:06,212 [Worker-397: Building] INFO  o.a.m.s.f.DefaultMavenResourcesFiltering - Copying 1 resource from src\main\resources to target\classes
2025-04-04 23:37:06,215 [Worker-397: Building] INFO  o.a.m.s.f.DefaultMavenResourcesFiltering - Copying 0 resource from src\main\resources to target\classes
2025-04-04 23:37:06,217 [Worker-397: Building] INFO  o.a.m.s.f.DefaultMavenResourcesFiltering - skip non existing resourceDirectory C:\Users\y_ravi\E-Portal Java\E-Portal\src\test\resources
2025-04-04 23:37:12,711 [Worker-395: Building] INFO  o.a.m.s.f.DefaultMavenResourcesFiltering - Copying 1 resource from src\main\resources to target\classes
2025-04-04 23:37:12,716 [Worker-395: Building] INFO  o.a.m.s.f.DefaultMavenResourcesFiltering - Copying 0 resource from src\main\resources to target\classes
2025-04-04 23:37:12,719 [Worker-395: Building] INFO  o.a.m.s.f.DefaultMavenResourcesFiltering - skip non existing resourceDirectory C:\Users\y_ravi\E-Portal Java\E-Portal\src\test\resources
2025-04-04 23:38:55,288 [Worker-393: Building] INFO  o.a.m.s.f.DefaultMavenResourcesFiltering - Copying 1 resource from src\main\resources to target\classes
2025-04-04 23:38:55,294 [Worker-393: Building] INFO  o.a.m.s.f.DefaultMavenResourcesFiltering - Copying 0 resource from src\main\resources to target\classes
2025-04-04 23:38:55,298 [Worker-393: Building] INFO  o.a.m.s.f.DefaultMavenResourcesFiltering - skip non existing resourceDirectory C:\Users\y_ravi\E-Portal Java\E-Portal\src\test\resources
2025-04-04 23:39:39,145 [Worker-401: Building] INFO  o.a.m.s.f.DefaultMavenResourcesFiltering - Copying 1 resource from src\main\resources to target\classes
2025-04-04 23:39:39,150 [Worker-401: Building] INFO  o.a.m.s.f.DefaultMavenResourcesFiltering - Copying 0 resource from src\main\resources to target\classes
2025-04-04 23:39:39,153 [Worker-401: Building] INFO  o.a.m.s.f.DefaultMavenResourcesFiltering - skip non existing resourceDirectory C:\Users\y_ravi\E-Portal Java\E-Portal\src\test\resources
2025-04-05 11:58:48,005 [Worker-422: Building] INFO  o.a.m.s.f.DefaultMavenResourcesFiltering - Copying 1 resource from src\main\resources to target\classes
2025-04-05 11:58:48,016 [Worker-422: Building] INFO  o.a.m.s.f.DefaultMavenResourcesFiltering - Copying 0 resource from src\main\resources to target\classes
2025-04-05 11:58:48,019 [Worker-422: Building] INFO  o.a.m.s.f.DefaultMavenResourcesFiltering - skip non existing resourceDirectory C:\Users\y_ravi\E-Portal Java\E-Portal\src\test\resources
2025-04-05 12:01:41,191 [Worker-430: Building] INFO  o.a.m.s.f.DefaultMavenResourcesFiltering - Copying 1 resource from src\main\resources to target\classes
2025-04-05 12:01:41,230 [Worker-430: Building] INFO  o.a.m.s.f.DefaultMavenResourcesFiltering - Copying 0 resource from src\main\resources to target\classes
2025-04-05 12:01:41,233 [Worker-430: Building] INFO  o.a.m.s.f.DefaultMavenResourcesFiltering - skip non existing resourceDirectory C:\Users\y_ravi\E-Portal Java\E-Portal\src\test\resources
2025-04-05 12:01:43,049 [Worker-431: Building] INFO  o.a.m.s.f.DefaultMavenResourcesFiltering - Copying 1 resource from src\main\resources to target\classes
2025-04-05 12:01:43,062 [Worker-431: Building] INFO  o.a.m.s.f.DefaultMavenResourcesFiltering - Copying 0 resource from src\main\resources to target\classes
2025-04-05 12:01:43,064 [Worker-431: Building] INFO  o.a.m.s.f.DefaultMavenResourcesFiltering - skip non existing resourceDirectory C:\Users\y_ravi\E-Portal Java\E-Portal\src\test\resources
2025-04-05 12:07:10,580 [Worker-421: Building] INFO  o.a.m.s.f.DefaultMavenResourcesFiltering - Copying 1 resource from src\main\resources to target\classes
2025-04-05 12:07:10,596 [Worker-421: Building] INFO  o.a.m.s.f.DefaultMavenResourcesFiltering - Copying 0 resource from src\main\resources to target\classes
2025-04-05 12:07:10,598 [Worker-421: Building] INFO  o.a.m.s.f.DefaultMavenResourcesFiltering - skip non existing resourceDirectory C:\Users\y_ravi\E-Portal Java\E-Portal\src\test\resources
2025-04-05 12:07:21,757 [Worker-433: Building] INFO  o.a.m.s.f.DefaultMavenResourcesFiltering - Copying 1 resource from src\main\resources to target\classes
2025-04-05 12:07:21,761 [Worker-433: Building] INFO  o.a.m.s.f.DefaultMavenResourcesFiltering - Copying 0 resource from src\main\resources to target\classes
2025-04-05 12:07:21,764 [Worker-433: Building] INFO  o.a.m.s.f.DefaultMavenResourcesFiltering - skip non existing resourceDirectory C:\Users\y_ravi\E-Portal Java\E-Portal\src\test\resources
2025-04-05 12:19:25,179 [Worker-435: Building] INFO  o.a.m.s.f.DefaultMavenResourcesFiltering - Copying 1 resource from src\main\resources to target\classes
2025-04-05 12:19:25,185 [Worker-435: Building] INFO  o.a.m.s.f.DefaultMavenResourcesFiltering - Copying 0 resource from src\main\resources to target\classes
2025-04-05 12:19:25,188 [Worker-435: Building] INFO  o.a.m.s.f.DefaultMavenResourcesFiltering - skip non existing resourceDirectory C:\Users\y_ravi\E-Portal Java\E-Portal\src\test\resources
2025-04-05 13:15:05,081 [Worker-464: Building] INFO  o.a.m.s.f.DefaultMavenResourcesFiltering - Copying 1 resource from src\main\resources to target\classes
2025-04-05 13:15:05,102 [Worker-464: Building] INFO  o.a.m.s.f.DefaultMavenResourcesFiltering - Copying 0 resource from src\main\resources to target\classes
2025-04-05 13:15:05,105 [Worker-464: Building] INFO  o.a.m.s.f.DefaultMavenResourcesFiltering - skip non existing resourceDirectory C:\Users\y_ravi\E-Portal Java\E-Portal\src\test\resources
2025-04-05 13:15:19,567 [Worker-463: Building] INFO  o.a.m.s.f.DefaultMavenResourcesFiltering - Copying 1 resource from src\main\resources to target\classes
2025-04-05 13:15:19,574 [Worker-463: Building] INFO  o.a.m.s.f.DefaultMavenResourcesFiltering - Copying 0 resource from src\main\resources to target\classes
2025-04-05 13:15:19,579 [Worker-463: Building] INFO  o.a.m.s.f.DefaultMavenResourcesFiltering - skip non existing resourceDirectory C:\Users\y_ravi\E-Portal Java\E-Portal\src\test\resources
2025-04-05 13:23:30,821 [Worker-463: Building] INFO  o.a.m.s.f.DefaultMavenResourcesFiltering - Copying 1 resource from src\main\resources to target\classes
2025-04-05 13:23:30,827 [Worker-463: Building] INFO  o.a.m.s.f.DefaultMavenResourcesFiltering - Copying 0 resource from src\main\resources to target\classes
2025-04-05 13:23:30,828 [Worker-463: Building] INFO  o.a.m.s.f.DefaultMavenResourcesFiltering - skip non existing resourceDirectory C:\Users\y_ravi\E-Portal Java\E-Portal\src\test\resources
2025-04-05 13:23:53,578 [Worker-466: Building] INFO  o.a.m.s.f.DefaultMavenResourcesFiltering - Copying 1 resource from src\main\resources to target\classes
2025-04-05 13:23:53,582 [Worker-466: Building] INFO  o.a.m.s.f.DefaultMavenResourcesFiltering - Copying 0 resource from src\main\resources to target\classes
2025-04-05 13:23:53,584 [Worker-466: Building] INFO  o.a.m.s.f.DefaultMavenResourcesFiltering - skip non existing resourceDirectory C:\Users\y_ravi\E-Portal Java\E-Portal\src\test\resources
2025-04-05 13:26:31,261 [Worker-466: Building] INFO  o.a.m.s.f.DefaultMavenResourcesFiltering - Copying 1 resource from src\main\resources to target\classes
2025-04-05 13:26:31,267 [Worker-466: Building] INFO  o.a.m.s.f.DefaultMavenResourcesFiltering - Copying 0 resource from src\main\resources to target\classes
2025-04-05 13:26:31,270 [Worker-466: Building] INFO  o.a.m.s.f.DefaultMavenResourcesFiltering - skip non existing resourceDirectory C:\Users\y_ravi\E-Portal Java\E-Portal\src\test\resources
2025-04-05 13:26:45,361 [Worker-466: Building] INFO  o.a.m.s.f.DefaultMavenResourcesFiltering - Copying 1 resource from src\main\resources to target\classes
2025-04-05 13:26:45,366 [Worker-466: Building] INFO  o.a.m.s.f.DefaultMavenResourcesFiltering - Copying 0 resource from src\main\resources to target\classes
2025-04-05 13:26:45,369 [Worker-466: Building] INFO  o.a.m.s.f.DefaultMavenResourcesFiltering - skip non existing resourceDirectory C:\Users\y_ravi\E-Portal Java\E-Portal\src\test\resources
2025-04-05 13:29:57,024 [Worker-471: Building] INFO  o.a.m.s.f.DefaultMavenResourcesFiltering - Copying 1 resource from src\main\resources to target\classes
2025-04-05 13:29:57,030 [Worker-471: Building] INFO  o.a.m.s.f.DefaultMavenResourcesFiltering - Copying 0 resource from src\main\resources to target\classes
2025-04-05 13:29:57,033 [Worker-471: Building] INFO  o.a.m.s.f.DefaultMavenResourcesFiltering - skip non existing resourceDirectory C:\Users\y_ravi\E-Portal Java\E-Portal\src\test\resources
2025-04-05 13:30:21,871 [Worker-470: Building] INFO  o.a.m.s.f.DefaultMavenResourcesFiltering - Copying 1 resource from src\main\resources to target\classes
2025-04-05 13:30:21,875 [Worker-470: Building] INFO  o.a.m.s.f.DefaultMavenResourcesFiltering - Copying 0 resource from src\main\resources to target\classes
2025-04-05 13:30:21,877 [Worker-470: Building] INFO  o.a.m.s.f.DefaultMavenResourcesFiltering - skip non existing resourceDirectory C:\Users\y_ravi\E-Portal Java\E-Portal\src\test\resources
2025-04-05 13:30:32,001 [Worker-466: Building] INFO  o.a.m.s.f.DefaultMavenResourcesFiltering - Copying 1 resource from src\main\resources to target\classes
2025-04-05 13:30:32,005 [Worker-466: Building] INFO  o.a.m.s.f.DefaultMavenResourcesFiltering - Copying 0 resource from src\main\resources to target\classes
2025-04-05 13:30:32,008 [Worker-466: Building] INFO  o.a.m.s.f.DefaultMavenResourcesFiltering - skip non existing resourceDirectory C:\Users\y_ravi\E-Portal Java\E-Portal\src\test\resources
2025-04-05 13:36:17,619 [Worker-473: Building] INFO  o.a.m.s.f.DefaultMavenResourcesFiltering - Copying 1 resource from src\main\resources to target\classes
2025-04-05 13:36:17,624 [Worker-473: Building] INFO  o.a.m.s.f.DefaultMavenResourcesFiltering - Copying 0 resource from src\main\resources to target\classes
2025-04-05 13:36:17,627 [Worker-473: Building] INFO  o.a.m.s.f.DefaultMavenResourcesFiltering - skip non existing resourceDirectory C:\Users\y_ravi\E-Portal Java\E-Portal\src\test\resources
2025-04-05 13:42:31,474 [Worker-467: Building] INFO  o.a.m.s.f.DefaultMavenResourcesFiltering - Copying 1 resource from src\main\resources to target\classes
2025-04-05 13:42:31,479 [Worker-467: Building] INFO  o.a.m.s.f.DefaultMavenResourcesFiltering - Copying 0 resource from src\main\resources to target\classes
2025-04-05 13:42:31,481 [Worker-467: Building] INFO  o.a.m.s.f.DefaultMavenResourcesFiltering - skip non existing resourceDirectory C:\Users\y_ravi\E-Portal Java\E-Portal\src\test\resources
2025-04-05 13:43:40,703 [Worker-473: Building] INFO  o.a.m.s.f.DefaultMavenResourcesFiltering - Copying 1 resource from src\main\resources to target\classes
2025-04-05 13:43:40,709 [Worker-473: Building] INFO  o.a.m.s.f.DefaultMavenResourcesFiltering - Copying 0 resource from src\main\resources to target\classes
2025-04-05 13:43:40,712 [Worker-473: Building] INFO  o.a.m.s.f.DefaultMavenResourcesFiltering - skip non existing resourceDirectory C:\Users\y_ravi\E-Portal Java\E-Portal\src\test\resources
2025-04-05 13:44:06,373 [Worker-474: Building] INFO  o.a.m.s.f.DefaultMavenResourcesFiltering - Copying 1 resource from src\main\resources to target\classes
2025-04-05 13:44:06,377 [Worker-474: Building] INFO  o.a.m.s.f.DefaultMavenResourcesFiltering - Copying 0 resource from src\main\resources to target\classes
2025-04-05 13:44:06,380 [Worker-474: Building] INFO  o.a.m.s.f.DefaultMavenResourcesFiltering - skip non existing resourceDirectory C:\Users\y_ravi\E-Portal Java\E-Portal\src\test\resources
2025-04-05 13:44:36,845 [Worker-477: Building] INFO  o.a.m.s.f.DefaultMavenResourcesFiltering - Copying 1 resource from src\main\resources to target\classes
2025-04-05 13:44:36,869 [Worker-477: Building] INFO  o.a.m.s.f.DefaultMavenResourcesFiltering - Copying 0 resource from src\main\resources to target\classes
2025-04-05 13:44:36,873 [Worker-477: Building] INFO  o.a.m.s.f.DefaultMavenResourcesFiltering - skip non existing resourceDirectory C:\Users\y_ravi\E-Portal Java\E-Portal\src\test\resources
2025-04-05 13:46:45,042 [Worker-478: Building] INFO  o.a.m.s.f.DefaultMavenResourcesFiltering - Copying 1 resource from src\main\resources to target\classes
2025-04-05 13:46:45,046 [Worker-478: Building] INFO  o.a.m.s.f.DefaultMavenResourcesFiltering - Copying 0 resource from src\main\resources to target\classes
2025-04-05 13:46:45,048 [Worker-478: Building] INFO  o.a.m.s.f.DefaultMavenResourcesFiltering - skip non existing resourceDirectory C:\Users\y_ravi\E-Portal Java\E-Portal\src\test\resources
2025-04-05 13:52:48,767 [Worker-478: Building] INFO  o.a.m.s.f.DefaultMavenResourcesFiltering - Copying 1 resource from src\main\resources to target\classes
2025-04-05 13:52:48,771 [Worker-478: Building] INFO  o.a.m.s.f.DefaultMavenResourcesFiltering - Copying 0 resource from src\main\resources to target\classes
2025-04-05 13:52:48,773 [Worker-478: Building] INFO  o.a.m.s.f.DefaultMavenResourcesFiltering - skip non existing resourceDirectory C:\Users\y_ravi\E-Portal Java\E-Portal\src\test\resources
2025-04-05 13:53:03,546 [Worker-467: Building] INFO  o.a.m.s.f.DefaultMavenResourcesFiltering - Copying 1 resource from src\main\resources to target\classes
2025-04-05 13:53:03,550 [Worker-467: Building] INFO  o.a.m.s.f.DefaultMavenResourcesFiltering - Copying 0 resource from src\main\resources to target\classes
2025-04-05 13:53:03,552 [Worker-467: Building] INFO  o.a.m.s.f.DefaultMavenResourcesFiltering - skip non existing resourceDirectory C:\Users\y_ravi\E-Portal Java\E-Portal\src\test\resources
2025-04-05 13:54:49,363 [Worker-467: Building] INFO  o.a.m.s.f.DefaultMavenResourcesFiltering - Copying 1 resource from src\main\resources to target\classes
2025-04-05 13:54:49,369 [Worker-467: Building] INFO  o.a.m.s.f.DefaultMavenResourcesFiltering - Copying 0 resource from src\main\resources to target\classes
2025-04-05 13:54:49,393 [Worker-467: Building] INFO  o.a.m.s.f.DefaultMavenResourcesFiltering - skip non existing resourceDirectory C:\Users\y_ravi\E-Portal Java\E-Portal\src\test\resources
2025-04-05 13:56:09,201 [Worker-473: Building] INFO  o.a.m.s.f.DefaultMavenResourcesFiltering - Copying 1 resource from src\main\resources to target\classes
2025-04-05 13:56:09,206 [Worker-473: Building] INFO  o.a.m.s.f.DefaultMavenResourcesFiltering - Copying 0 resource from src\main\resources to target\classes
2025-04-05 13:56:09,208 [Worker-473: Building] INFO  o.a.m.s.f.DefaultMavenResourcesFiltering - skip non existing resourceDirectory C:\Users\y_ravi\E-Portal Java\E-Portal\src\test\resources
2025-04-05 13:56:37,849 [Worker-479: Building] INFO  o.a.m.s.f.DefaultMavenResourcesFiltering - Copying 1 resource from src\main\resources to target\classes
2025-04-05 13:56:37,854 [Worker-479: Building] INFO  o.a.m.s.f.DefaultMavenResourcesFiltering - Copying 0 resource from src\main\resources to target\classes
2025-04-05 13:56:37,855 [Worker-479: Building] INFO  o.a.m.s.f.DefaultMavenResourcesFiltering - skip non existing resourceDirectory C:\Users\y_ravi\E-Portal Java\E-Portal\src\test\resources
2025-04-05 13:58:51,065 [Worker-478: Building] INFO  o.a.m.s.f.DefaultMavenResourcesFiltering - Copying 1 resource from src\main\resources to target\classes
2025-04-05 13:58:51,070 [Worker-478: Building] INFO  o.a.m.s.f.DefaultMavenResourcesFiltering - Copying 0 resource from src\main\resources to target\classes
2025-04-05 13:58:51,073 [Worker-478: Building] INFO  o.a.m.s.f.DefaultMavenResourcesFiltering - skip non existing resourceDirectory C:\Users\y_ravi\E-Portal Java\E-Portal\src\test\resources
2025-04-05 13:59:22,071 [Worker-467: Building] INFO  o.a.m.s.f.DefaultMavenResourcesFiltering - Copying 1 resource from src\main\resources to target\classes
2025-04-05 13:59:22,076 [Worker-467: Building] INFO  o.a.m.s.f.DefaultMavenResourcesFiltering - Copying 0 resource from src\main\resources to target\classes
2025-04-05 13:59:22,078 [Worker-467: Building] INFO  o.a.m.s.f.DefaultMavenResourcesFiltering - skip non existing resourceDirectory C:\Users\y_ravi\E-Portal Java\E-Portal\src\test\resources
2025-04-05 14:01:52,844 [Worker-476: Building] INFO  o.a.m.s.f.DefaultMavenResourcesFiltering - Copying 1 resource from src\main\resources to target\classes
2025-04-05 14:01:52,849 [Worker-476: Building] INFO  o.a.m.s.f.DefaultMavenResourcesFiltering - Copying 0 resource from src\main\resources to target\classes
2025-04-05 14:01:52,851 [Worker-476: Building] INFO  o.a.m.s.f.DefaultMavenResourcesFiltering - skip non existing resourceDirectory C:\Users\y_ravi\E-Portal Java\E-Portal\src\test\resources
2025-04-05 14:05:22,591 [Worker-481: Building] INFO  o.a.m.s.f.DefaultMavenResourcesFiltering - Copying 1 resource from src\main\resources to target\classes
2025-04-05 14:05:22,595 [Worker-481: Building] INFO  o.a.m.s.f.DefaultMavenResourcesFiltering - Copying 0 resource from src\main\resources to target\classes
2025-04-05 14:05:22,596 [Worker-481: Building] INFO  o.a.m.s.f.DefaultMavenResourcesFiltering - skip non existing resourceDirectory C:\Users\y_ravi\E-Portal Java\E-Portal\src\test\resources
2025-04-05 14:05:46,629 [Worker-478: Building] INFO  o.a.m.s.f.DefaultMavenResourcesFiltering - Copying 1 resource from src\main\resources to target\classes
2025-04-05 14:05:46,633 [Worker-478: Building] INFO  o.a.m.s.f.DefaultMavenResourcesFiltering - Copying 0 resource from src\main\resources to target\classes
2025-04-05 14:05:46,634 [Worker-478: Building] INFO  o.a.m.s.f.DefaultMavenResourcesFiltering - skip non existing resourceDirectory C:\Users\y_ravi\E-Portal Java\E-Portal\src\test\resources
2025-04-05 14:11:37,535 [Worker-480: Building] INFO  o.a.m.s.f.DefaultMavenResourcesFiltering - Copying 1 resource from src\main\resources to target\classes
2025-04-05 14:11:37,541 [Worker-480: Building] INFO  o.a.m.s.f.DefaultMavenResourcesFiltering - Copying 0 resource from src\main\resources to target\classes
2025-04-05 14:11:37,543 [Worker-480: Building] INFO  o.a.m.s.f.DefaultMavenResourcesFiltering - skip non existing resourceDirectory C:\Users\y_ravi\E-Portal Java\E-Portal\src\test\resources
2025-04-05 14:11:44,241 [Worker-483: Building] INFO  o.a.m.s.f.DefaultMavenResourcesFiltering - Copying 1 resource from src\main\resources to target\classes
2025-04-05 14:11:44,246 [Worker-483: Building] INFO  o.a.m.s.f.DefaultMavenResourcesFiltering - Copying 0 resource from src\main\resources to target\classes
2025-04-05 14:11:44,249 [Worker-483: Building] INFO  o.a.m.s.f.DefaultMavenResourcesFiltering - skip non existing resourceDirectory C:\Users\y_ravi\E-Portal Java\E-Portal\src\test\resources
2025-04-05 14:23:42,391 [Worker-497: Building] INFO  o.a.m.s.f.DefaultMavenResourcesFiltering - Copying 1 resource from src\main\resources to target\classes
2025-04-05 14:23:42,401 [Worker-497: Building] INFO  o.a.m.s.f.DefaultMavenResourcesFiltering - Copying 0 resource from src\main\resources to target\classes
2025-04-05 14:23:42,403 [Worker-497: Building] INFO  o.a.m.s.f.DefaultMavenResourcesFiltering - skip non existing resourceDirectory C:\Users\y_ravi\E-Portal Java\E-Portal\src\test\resources
2025-04-05 14:26:52,300 [Worker-497: Building] INFO  o.a.m.s.f.DefaultMavenResourcesFiltering - Copying 1 resource from src\main\resources to target\classes
2025-04-05 14:26:52,307 [Worker-497: Building] INFO  o.a.m.s.f.DefaultMavenResourcesFiltering - Copying 0 resource from src\main\resources to target\classes
2025-04-05 14:26:52,310 [Worker-497: Building] INFO  o.a.m.s.f.DefaultMavenResourcesFiltering - skip non existing resourceDirectory C:\Users\y_ravi\E-Portal Java\E-Portal\src\test\resources
2025-04-05 14:28:28,928 [Worker-501: Launching E-Portal - EPortalApplication] INFO  o.a.m.s.f.DefaultMavenResourcesFiltering - Copying 1 resource from src\main\resources to target\classes
2025-04-05 14:28:28,934 [Worker-501: Launching E-Portal - EPortalApplication] INFO  o.a.m.s.f.DefaultMavenResourcesFiltering - Copying 0 resource from src\main\resources to target\classes
2025-04-05 14:28:28,937 [Worker-501: Launching E-Portal - EPortalApplication] INFO  o.a.m.s.f.DefaultMavenResourcesFiltering - skip non existing resourceDirectory C:\Users\y_ravi\E-Portal Java\E-Portal\src\test\resources
2025-04-05 14:31:08,471 [Worker-503: Building] INFO  o.a.m.s.f.DefaultMavenResourcesFiltering - Copying 1 resource from src\main\resources to target\classes
2025-04-05 14:31:08,478 [Worker-503: Building] INFO  o.a.m.s.f.DefaultMavenResourcesFiltering - Copying 0 resource from src\main\resources to target\classes
2025-04-05 14:31:08,480 [Worker-503: Building] INFO  o.a.m.s.f.DefaultMavenResourcesFiltering - skip non existing resourceDirectory C:\Users\y_ravi\E-Portal Java\E-Portal\src\test\resources
2025-04-05 14:34:03,276 [Worker-498: Building] INFO  o.a.m.s.f.DefaultMavenResourcesFiltering - Copying 0 resource from src\main\resources to target\classes
2025-04-05 14:34:03,278 [Worker-498: Building] INFO  o.a.m.s.f.DefaultMavenResourcesFiltering - Copying 0 resource from src\main\resources to target\classes
2025-04-05 14:34:03,281 [Worker-498: Building] INFO  o.a.m.s.f.DefaultMavenResourcesFiltering - skip non existing resourceDirectory C:\Users\y_ravi\E-Portal Java\E-Portal\src\test\resources
2025-04-05 14:36:47,923 [Worker-506: Building] INFO  o.a.m.s.f.DefaultMavenResourcesFiltering - Copying 1 resource from src\main\resources to target\classes
2025-04-05 14:36:47,928 [Worker-506: Building] INFO  o.a.m.s.f.DefaultMavenResourcesFiltering - Copying 0 resource from src\main\resources to target\classes
2025-04-05 14:36:47,931 [Worker-506: Building] INFO  o.a.m.s.f.DefaultMavenResourcesFiltering - skip non existing resourceDirectory C:\Users\y_ravi\E-Portal Java\E-Portal\src\test\resources
2025-04-05 14:36:55,740 [Worker-500: Building] INFO  o.a.m.s.f.DefaultMavenResourcesFiltering - Copying 1 resource from src\main\resources to target\classes
2025-04-05 14:36:55,745 [Worker-500: Building] INFO  o.a.m.s.f.DefaultMavenResourcesFiltering - Copying 0 resource from src\main\resources to target\classes
2025-04-05 14:36:55,748 [Worker-500: Building] INFO  o.a.m.s.f.DefaultMavenResourcesFiltering - skip non existing resourceDirectory C:\Users\y_ravi\E-Portal Java\E-Portal\src\test\resources
2025-04-05 14:37:21,152 [Worker-500: Building] INFO  o.a.m.s.f.DefaultMavenResourcesFiltering - Copying 1 resource from src\main\resources to target\classes
2025-04-05 14:37:21,157 [Worker-500: Building] INFO  o.a.m.s.f.DefaultMavenResourcesFiltering - Copying 0 resource from src\main\resources to target\classes
2025-04-05 14:37:21,160 [Worker-500: Building] INFO  o.a.m.s.f.DefaultMavenResourcesFiltering - skip non existing resourceDirectory C:\Users\y_ravi\E-Portal Java\E-Portal\src\test\resources
2025-04-05 14:45:01,843 [Worker-505: Building] INFO  o.a.m.s.f.DefaultMavenResourcesFiltering - Copying 1 resource from src\main\resources to target\classes
2025-04-05 14:45:01,848 [Worker-505: Building] INFO  o.a.m.s.f.DefaultMavenResourcesFiltering - Copying 0 resource from src\main\resources to target\classes
2025-04-05 14:45:01,851 [Worker-505: Building] INFO  o.a.m.s.f.DefaultMavenResourcesFiltering - skip non existing resourceDirectory C:\Users\y_ravi\E-Portal Java\E-Portal\src\test\resources
2025-04-05 14:45:32,165 [Worker-505: Building] INFO  o.a.m.s.f.DefaultMavenResourcesFiltering - Copying 1 resource from src\main\resources to target\classes
2025-04-05 14:45:32,170 [Worker-505: Building] INFO  o.a.m.s.f.DefaultMavenResourcesFiltering - Copying 0 resource from src\main\resources to target\classes
2025-04-05 14:45:32,172 [Worker-505: Building] INFO  o.a.m.s.f.DefaultMavenResourcesFiltering - skip non existing resourceDirectory C:\Users\y_ravi\E-Portal Java\E-Portal\src\test\resources
2025-04-05 14:46:27,253 [Worker-503: Launching E-Portal - EPortalApplication] INFO  o.a.m.s.f.DefaultMavenResourcesFiltering - Copying 1 resource from src\main\resources to target\classes
2025-04-05 14:46:27,257 [Worker-503: Launching E-Portal - EPortalApplication] INFO  o.a.m.s.f.DefaultMavenResourcesFiltering - Copying 0 resource from src\main\resources to target\classes
2025-04-05 14:46:27,259 [Worker-503: Launching E-Portal - EPortalApplication] INFO  o.a.m.s.f.DefaultMavenResourcesFiltering - skip non existing resourceDirectory C:\Users\y_ravi\E-Portal Java\E-Portal\src\test\resources
2025-04-05 14:53:59,861 [Worker-505: Building] INFO  o.a.m.s.f.DefaultMavenResourcesFiltering - Copying 1 resource from src\main\resources to target\classes
2025-04-05 14:53:59,867 [Worker-505: Building] INFO  o.a.m.s.f.DefaultMavenResourcesFiltering - Copying 0 resource from src\main\resources to target\classes
2025-04-05 14:53:59,869 [Worker-505: Building] INFO  o.a.m.s.f.DefaultMavenResourcesFiltering - skip non existing resourceDirectory C:\Users\y_ravi\E-Portal Java\E-Portal\src\test\resources
2025-04-05 14:54:04,462 [Worker-506: Building] INFO  o.a.m.s.f.DefaultMavenResourcesFiltering - Copying 1 resource from src\main\resources to target\classes
2025-04-05 14:54:04,466 [Worker-506: Building] INFO  o.a.m.s.f.DefaultMavenResourcesFiltering - Copying 0 resource from src\main\resources to target\classes
2025-04-05 14:54:04,468 [Worker-506: Building] INFO  o.a.m.s.f.DefaultMavenResourcesFiltering - skip non existing resourceDirectory C:\Users\y_ravi\E-Portal Java\E-Portal\src\test\resources
2025-04-05 14:54:10,450 [Worker-488: Building] INFO  o.a.m.s.f.DefaultMavenResourcesFiltering - Copying 1 resource from src\main\resources to target\classes
2025-04-05 14:54:10,456 [Worker-488: Building] INFO  o.a.m.s.f.DefaultMavenResourcesFiltering - Copying 0 resource from src\main\resources to target\classes
2025-04-05 14:54:10,458 [Worker-488: Building] INFO  o.a.m.s.f.DefaultMavenResourcesFiltering - skip non existing resourceDirectory C:\Users\y_ravi\E-Portal Java\E-Portal\src\test\resources
2025-04-05 14:57:26,473 [Worker-498: Building] INFO  o.a.m.s.f.DefaultMavenResourcesFiltering - Copying 1 resource from src\main\resources to target\classes
2025-04-05 14:57:26,478 [Worker-498: Building] INFO  o.a.m.s.f.DefaultMavenResourcesFiltering - Copying 0 resource from src\main\resources to target\classes
2025-04-05 14:57:26,481 [Worker-498: Building] INFO  o.a.m.s.f.DefaultMavenResourcesFiltering - skip non existing resourceDirectory C:\Users\y_ravi\E-Portal Java\E-Portal\src\test\resources
2025-04-05 18:03:27,453 [Worker-508: Building] INFO  o.a.m.s.f.DefaultMavenResourcesFiltering - Copying 1 resource from src\main\resources to target\classes
2025-04-05 18:03:27,497 [Worker-508: Building] INFO  o.a.m.s.f.DefaultMavenResourcesFiltering - Copying 0 resource from src\main\resources to target\classes
2025-04-05 18:03:27,500 [Worker-508: Building] INFO  o.a.m.s.f.DefaultMavenResourcesFiltering - skip non existing resourceDirectory C:\Users\y_ravi\E-Portal Java\E-Portal\src\test\resources
2025-04-05 18:10:08,071 [Worker-512: Building] INFO  o.a.m.s.f.DefaultMavenResourcesFiltering - Copying 1 resource from src\main\resources to target\classes
2025-04-05 18:10:08,089 [Worker-512: Building] INFO  o.a.m.s.f.DefaultMavenResourcesFiltering - Copying 0 resource from src\main\resources to target\classes
2025-04-05 18:10:08,092 [Worker-512: Building] INFO  o.a.m.s.f.DefaultMavenResourcesFiltering - skip non existing resourceDirectory C:\Users\y_ravi\E-Portal Java\E-Portal\src\test\resources
2025-04-05 18:10:09,422 [Worker-511: Building] INFO  o.a.m.s.f.DefaultMavenResourcesFiltering - Copying 1 resource from src\main\resources to target\classes
2025-04-05 18:10:09,435 [Worker-511: Building] INFO  o.a.m.s.f.DefaultMavenResourcesFiltering - Copying 0 resource from src\main\resources to target\classes
2025-04-05 18:10:09,439 [Worker-511: Building] INFO  o.a.m.s.f.DefaultMavenResourcesFiltering - skip non existing resourceDirectory C:\Users\y_ravi\E-Portal Java\E-Portal\src\test\resources
2025-04-05 18:14:45,420 [Worker-513: Building] INFO  o.a.m.s.f.DefaultMavenResourcesFiltering - Copying 1 resource from src\main\resources to target\classes
2025-04-05 18:14:45,428 [Worker-513: Building] INFO  o.a.m.s.f.DefaultMavenResourcesFiltering - Copying 0 resource from src\main\resources to target\classes
2025-04-05 18:14:45,431 [Worker-513: Building] INFO  o.a.m.s.f.DefaultMavenResourcesFiltering - skip non existing resourceDirectory C:\Users\y_ravi\E-Portal Java\E-Portal\src\test\resources
2025-04-05 18:15:04,224 [Worker-512: Building] INFO  o.a.m.s.f.DefaultMavenResourcesFiltering - Copying 1 resource from src\main\resources to target\classes
2025-04-05 18:15:04,230 [Worker-512: Building] INFO  o.a.m.s.f.DefaultMavenResourcesFiltering - Copying 0 resource from src\main\resources to target\classes
2025-04-05 18:15:04,233 [Worker-512: Building] INFO  o.a.m.s.f.DefaultMavenResourcesFiltering - skip non existing resourceDirectory C:\Users\y_ravi\E-Portal Java\E-Portal\src\test\resources
2025-04-05 18:16:32,489 [Worker-510: Building] INFO  o.a.m.s.f.DefaultMavenResourcesFiltering - Copying 1 resource from src\main\resources to target\classes
2025-04-05 18:16:32,496 [Worker-510: Building] INFO  o.a.m.s.f.DefaultMavenResourcesFiltering - Copying 0 resource from src\main\resources to target\classes
2025-04-05 18:16:32,499 [Worker-510: Building] INFO  o.a.m.s.f.DefaultMavenResourcesFiltering - skip non existing resourceDirectory C:\Users\y_ravi\E-Portal Java\E-Portal\src\test\resources
2025-04-05 18:16:48,087 [Worker-508: Building] INFO  o.a.m.s.f.DefaultMavenResourcesFiltering - Copying 1 resource from src\main\resources to target\classes
2025-04-05 18:16:48,092 [Worker-508: Building] INFO  o.a.m.s.f.DefaultMavenResourcesFiltering - Copying 0 resource from src\main\resources to target\classes
2025-04-05 18:16:48,095 [Worker-508: Building] INFO  o.a.m.s.f.DefaultMavenResourcesFiltering - skip non existing resourceDirectory C:\Users\y_ravi\E-Portal Java\E-Portal\src\test\resources
2025-04-05 18:22:39,548 [Worker-514: Building] INFO  o.a.m.s.f.DefaultMavenResourcesFiltering - Copying 1 resource from src\main\resources to target\classes
2025-04-05 18:22:39,555 [Worker-514: Building] INFO  o.a.m.s.f.DefaultMavenResourcesFiltering - Copying 0 resource from src\main\resources to target\classes
2025-04-05 18:22:39,560 [Worker-514: Building] INFO  o.a.m.s.f.DefaultMavenResourcesFiltering - skip non existing resourceDirectory C:\Users\y_ravi\E-Portal Java\E-Portal\src\test\resources
2025-04-05 18:24:05,250 [Worker-514: Building] INFO  o.a.m.s.f.DefaultMavenResourcesFiltering - Copying 1 resource from src\main\resources to target\classes
2025-04-05 18:24:05,253 [Worker-514: Building] INFO  o.a.m.s.f.DefaultMavenResourcesFiltering - Copying 0 resource from src\main\resources to target\classes
2025-04-05 18:24:05,255 [Worker-514: Building] INFO  o.a.m.s.f.DefaultMavenResourcesFiltering - skip non existing resourceDirectory C:\Users\y_ravi\E-Portal Java\E-Portal\src\test\resources
2025-04-05 18:28:22,036 [Worker-512: Building] INFO  o.a.m.s.f.DefaultMavenResourcesFiltering - Copying 1 resource from src\main\resources to target\classes
2025-04-05 18:28:22,041 [Worker-512: Building] INFO  o.a.m.s.f.DefaultMavenResourcesFiltering - Copying 0 resource from src\main\resources to target\classes
2025-04-05 18:28:22,044 [Worker-512: Building] INFO  o.a.m.s.f.DefaultMavenResourcesFiltering - skip non existing resourceDirectory C:\Users\y_ravi\E-Portal Java\E-Portal\src\test\resources
2025-04-05 18:28:45,031 [Worker-515: Building] INFO  o.a.m.s.f.DefaultMavenResourcesFiltering - Copying 1 resource from src\main\resources to target\classes
2025-04-05 18:28:45,036 [Worker-515: Building] INFO  o.a.m.s.f.DefaultMavenResourcesFiltering - Copying 0 resource from src\main\resources to target\classes
2025-04-05 18:28:45,039 [Worker-515: Building] INFO  o.a.m.s.f.DefaultMavenResourcesFiltering - skip non existing resourceDirectory C:\Users\y_ravi\E-Portal Java\E-Portal\src\test\resources
2025-04-05 18:29:48,838 [Worker-519: Building] INFO  o.a.m.s.f.DefaultMavenResourcesFiltering - Copying 1 resource from src\main\resources to target\classes
2025-04-05 18:29:48,843 [Worker-519: Building] INFO  o.a.m.s.f.DefaultMavenResourcesFiltering - Copying 0 resource from src\main\resources to target\classes
2025-04-05 18:29:48,845 [Worker-519: Building] INFO  o.a.m.s.f.DefaultMavenResourcesFiltering - skip non existing resourceDirectory C:\Users\y_ravi\E-Portal Java\E-Portal\src\test\resources
2025-04-05 18:30:45,322 [Worker-515: Building] INFO  o.a.m.s.f.DefaultMavenResourcesFiltering - Copying 1 resource from src\main\resources to target\classes
2025-04-05 18:30:45,327 [Worker-515: Building] INFO  o.a.m.s.f.DefaultMavenResourcesFiltering - Copying 0 resource from src\main\resources to target\classes
2025-04-05 18:30:45,329 [Worker-515: Building] INFO  o.a.m.s.f.DefaultMavenResourcesFiltering - skip non existing resourceDirectory C:\Users\y_ravi\E-Portal Java\E-Portal\src\test\resources
2025-04-05 18:34:41,653 [Worker-523: Building] INFO  o.a.m.s.f.DefaultMavenResourcesFiltering - Copying 1 resource from src\main\resources to target\classes
2025-04-05 18:34:41,659 [Worker-523: Building] INFO  o.a.m.s.f.DefaultMavenResourcesFiltering - Copying 0 resource from src\main\resources to target\classes
2025-04-05 18:34:41,662 [Worker-523: Building] INFO  o.a.m.s.f.DefaultMavenResourcesFiltering - skip non existing resourceDirectory C:\Users\y_ravi\E-Portal Java\E-Portal\src\test\resources
2025-04-05 18:35:17,538 [Worker-512: Building] INFO  o.a.m.s.f.DefaultMavenResourcesFiltering - Copying 1 resource from src\main\resources to target\classes
2025-04-05 18:35:17,544 [Worker-512: Building] INFO  o.a.m.s.f.DefaultMavenResourcesFiltering - Copying 0 resource from src\main\resources to target\classes
2025-04-05 18:35:17,546 [Worker-512: Building] INFO  o.a.m.s.f.DefaultMavenResourcesFiltering - skip non existing resourceDirectory C:\Users\y_ravi\E-Portal Java\E-Portal\src\test\resources
2025-04-05 18:42:37,833 [Worker-528: Launching E-Portal - EPortalApplication] INFO  o.a.m.s.f.DefaultMavenResourcesFiltering - Copying 1 resource from src\main\resources to target\classes
2025-04-05 18:42:37,840 [Worker-528: Launching E-Portal - EPortalApplication] INFO  o.a.m.s.f.DefaultMavenResourcesFiltering - Copying 0 resource from src\main\resources to target\classes
2025-04-05 18:42:37,844 [Worker-528: Launching E-Portal - EPortalApplication] INFO  o.a.m.s.f.DefaultMavenResourcesFiltering - skip non existing resourceDirectory C:\Users\y_ravi\E-Portal Java\E-Portal\src\test\resources
2025-04-05 18:42:56,619 [Worker-524: Building] INFO  o.a.m.s.f.DefaultMavenResourcesFiltering - Copying 1 resource from src\main\resources to target\classes
2025-04-05 18:42:56,623 [Worker-524: Building] INFO  o.a.m.s.f.DefaultMavenResourcesFiltering - Copying 0 resource from src\main\resources to target\classes
2025-04-05 18:42:56,625 [Worker-524: Building] INFO  o.a.m.s.f.DefaultMavenResourcesFiltering - skip non existing resourceDirectory C:\Users\y_ravi\E-Portal Java\E-Portal\src\test\resources
2025-04-06 10:43:42,702 [Worker-607: Building] INFO  o.a.m.s.f.DefaultMavenResourcesFiltering - Copying 1 resource from src\main\resources to target\classes
2025-04-06 10:43:42,718 [Worker-607: Building] INFO  o.a.m.s.f.DefaultMavenResourcesFiltering - Copying 0 resource from src\main\resources to target\classes
2025-04-06 10:43:42,722 [Worker-607: Building] INFO  o.a.m.s.f.DefaultMavenResourcesFiltering - skip non existing resourceDirectory C:\Users\y_ravi\E-Portal Java\E-Portal\src\test\resources
2025-04-06 11:02:08,919 [Worker-617: Building] INFO  o.a.m.s.f.DefaultMavenResourcesFiltering - Copying 1 resource from src\main\resources to target\classes
2025-04-06 11:02:08,925 [Worker-617: Building] INFO  o.a.m.s.f.DefaultMavenResourcesFiltering - Copying 0 resource from src\main\resources to target\classes
2025-04-06 11:02:08,927 [Worker-617: Building] INFO  o.a.m.s.f.DefaultMavenResourcesFiltering - skip non existing resourceDirectory C:\Users\y_ravi\E-Portal Java\E-Portal\src\test\resources
2025-04-06 13:00:28,167 [Worker-621: Building] INFO  o.a.m.s.f.DefaultMavenResourcesFiltering - Copying 1 resource from src\main\resources to target\classes
2025-04-06 13:00:28,216 [Worker-621: Building] INFO  o.a.m.s.f.DefaultMavenResourcesFiltering - Copying 0 resource from src\main\resources to target\classes
2025-04-06 13:00:28,218 [Worker-621: Building] INFO  o.a.m.s.f.DefaultMavenResourcesFiltering - skip non existing resourceDirectory C:\Users\y_ravi\E-Portal Java\E-Portal\src\test\resources
2025-04-07 09:54:13,868 [Worker-1: Loading available Gradle versions] INFO  o.e.b.c.i.u.g.PublishedGradleVersions - Gradle version information cache is up-to-date. Trying to read.
2025-04-07 09:55:49,530 [Worker-4: Building] INFO  o.a.m.s.f.DefaultMavenResourcesFiltering - Copying 1 resource from src\main\resources to target\classes
2025-04-07 09:55:49,546 [Worker-4: Building] INFO  o.a.m.s.f.DefaultMavenResourcesFiltering - Copying 0 resource from src\main\resources to target\classes
2025-04-07 09:55:49,550 [Worker-4: Building] INFO  o.a.m.s.f.DefaultMavenResourcesFiltering - skip non existing resourceDirectory C:\Users\y_ravi\E-Portal Java\E-Portal\src\test\resources
2025-04-07 14:14:08,024 [Worker-31: Building] INFO  o.a.m.s.f.DefaultMavenResourcesFiltering - Copying 1 resource from src\main\resources to target\classes
2025-04-07 14:14:08,082 [Worker-31: Building] INFO  o.a.m.s.f.DefaultMavenResourcesFiltering - Copying 0 resource from src\main\resources to target\classes
2025-04-07 14:14:08,088 [Worker-31: Building] INFO  o.a.m.s.f.DefaultMavenResourcesFiltering - skip non existing resourceDirectory C:\Users\y_ravi\E-Portal Java\E-Portal\src\test\resources
2025-04-07 14:16:25,276 [Worker-31: Building] INFO  o.a.m.s.f.DefaultMavenResourcesFiltering - Copying 1 resource from src\main\resources to target\classes
2025-04-07 14:16:25,282 [Worker-31: Building] INFO  o.a.m.s.f.DefaultMavenResourcesFiltering - Copying 0 resource from src\main\resources to target\classes
2025-04-07 14:16:25,285 [Worker-31: Building] INFO  o.a.m.s.f.DefaultMavenResourcesFiltering - skip non existing resourceDirectory C:\Users\y_ravi\E-Portal Java\E-Portal\src\test\resources
2025-04-07 14:16:50,571 [Worker-34: Building] INFO  o.a.m.s.f.DefaultMavenResourcesFiltering - Copying 1 resource from src\main\resources to target\classes
2025-04-07 14:16:50,574 [Worker-34: Building] INFO  o.a.m.s.f.DefaultMavenResourcesFiltering - Copying 0 resource from src\main\resources to target\classes
2025-04-07 14:16:50,577 [Worker-34: Building] INFO  o.a.m.s.f.DefaultMavenResourcesFiltering - skip non existing resourceDirectory C:\Users\y_ravi\E-Portal Java\E-Portal\src\test\resources
2025-04-07 14:17:12,738 [Worker-33: Building] INFO  o.a.m.s.f.DefaultMavenResourcesFiltering - Copying 1 resource from src\main\resources to target\classes
2025-04-07 14:17:12,745 [Worker-33: Building] INFO  o.a.m.s.f.DefaultMavenResourcesFiltering - Copying 0 resource from src\main\resources to target\classes
2025-04-07 14:17:12,751 [Worker-33: Building] INFO  o.a.m.s.f.DefaultMavenResourcesFiltering - skip non existing resourceDirectory C:\Users\y_ravi\E-Portal Java\E-Portal\src\test\resources
